College ID,College Name,Campus ID,Campus,City/Town,Postal Code,Program Name,Program Type,Program Category,Audit,"GRADUATION RATE
(%)","GRADUATE EMPLOYMENT RATE
(%)","GRADUATE EMPLOYMENT RATE IN THE FIELD OF STUDY
(%)","GRADUATE SATISFACTION RATE
(%)
","EMPLOYER SATISFACTION RATE
(%)
","OSAP DEFAULT RATE
(%)"
PROV,OVERALL - SURVEY POPULATION (All 2023 OSAP-APPROVED PCCS),+,+,,,OVERALL - SURVEY POPULATION (All 2023 OSAP-APPROVED PCCS),,,,0.76,0.74,0.54,0.78,0.94,0.07
200002,ROBAR CENTRE FOR TRANSPORT TRAINING INC.,+,+,,,+,,,Y,0.89,0.71,0.69,0.64,1.00,ND
200002,ROBAR CENTRE FOR TRANSPORT TRAINING INC.,101148,"ROBAR CENTRE FOR TRANSPORT TRAINING, HANNON",HANNON,L0R1P0,+,,,Y,0.89,0.71,0.69,0.64,1.00,ND
200002,ROBAR CENTRE FOR TRANSPORT TRAINING INC.,101148,"ROBAR CENTRE FOR TRANSPORT TRAINING, HANNON",HANNON,L0R1P0,HEAVY EQUIPMENT OPERATOR,Construction Trade,Heavy Equipment Operator,Y,0.89,0.71,0.69,0.64,1.00,ND
200024,ADVANCED FINANCIAL SOLUTIONS INC.,+,+,,,+,,,Y,0.97,0.51,0.35,0.80,ND,ND
200024,ADVANCED FINANCIAL SOLUTIONS INC.,101173,"LOOKS AESTHETIC ACADEMY, MISSISSAUGA",MISSISSAUGA,L4Z2Z1,+,,,Y,0.97,0.51,0.35,0.80,ND,0.04
200024,ADVANCED FINANCIAL SOLUTIONS INC.,101173,"LOOKS AESTHETIC ACADEMY, MISSISSAUGA",MISSISSAUGA,L4Z2Z1,ADVANCED MEDICAL LASER TECHNICIAN ONLINE,Human Services,Esthetics/Medical Esthetics,Y,0.97,0.64,0.43,0.90,ND,ND
200024,ADVANCED FINANCIAL SOLUTIONS INC.,101173,"LOOKS AESTHETIC ACADEMY, MISSISSAUGA",MISSISSAUGA,L4Z2Z1,ADVANCED MEDICAL LASER TECHNICIAN,Human Services,Esthetics/Medical Esthetics,Y,0.98,0.38,0.19,0.73,ND,ND
200024,ADVANCED FINANCIAL SOLUTIONS INC.,101173,"LOOKS AESTHETIC ACADEMY, MISSISSAUGA",MISSISSAUGA,L4Z2Z1,ESTHETICS PROGRAM,Human Services,Esthetics/Medical Esthetics,Y,SS,ND,ND,ND,ND,ND
200024,ADVANCED FINANCIAL SOLUTIONS INC.,101173,"LOOKS AESTHETIC ACADEMY, MISSISSAUGA",MISSISSAUGA,L4Z2Z1,MEDICAL AESTHETIC DIPLOMA,Human Services,Esthetics/Medical Esthetics,Y,SS,0.80,0.80,1.00,ND,ND
200024,ADVANCED FINANCIAL SOLUTIONS INC.,101173,"LOOKS AESTHETIC ACADEMY, MISSISSAUGA",MISSISSAUGA,L4Z2Z1,SPA MANAGEMENT ONLINE,Human Services,Esthetics/Medical Esthetics,Y,1.00,0.00,0.00,0.50,ND,ND
200024,ADVANCED FINANCIAL SOLUTIONS INC.,101173,"LOOKS AESTHETIC ACADEMY, MISSISSAUGA",MISSISSAUGA,L4Z2Z1,SPA MANAGEMENT,Human Services,Esthetics/Medical Esthetics,Y,SS,ND,ND,ND,ND,ND
200031,688785 ONTARIO LTD.,+,+,,,+,,,Y,SS,SS,SS,SS,1.00,ND
200031,688785 ONTARIO LTD.,102165,"QUEEN'S COLLEGE OF BUSINESS, TECHNOLOGY & PUBLIC SAFETY, TORONTO",MISSISSAUGA,L4Z3E9,+,,,Y,ND,SS,SS,SS,1.00,ND
200031,688785 ONTARIO LTD.,102165,"QUEEN'S COLLEGE OF BUSINESS, TECHNOLOGY & PUBLIC SAFETY, TORONTO",MISSISSAUGA,L4Z3E9,POLICE FOUNDATIONS,Law and Public Safety,Law Enforcement/Police Foundations,Y,ND,SS,SS,SS,1.00,ND
200031,688785 ONTARIO LTD.,204108,"QUEEN'S COLLEGE OF BUSINESS, TECHNOLOGY & PUBLIC SAFETY, TORONTO CAMPUS",SCARBOROUGH,M1S1A1,+,,,Y,SS,ND,ND,ND,ND,ND
200031,688785 ONTARIO LTD.,204108,"QUEEN'S COLLEGE OF BUSINESS, TECHNOLOGY & PUBLIC SAFETY, TORONTO CAMPUS",SCARBOROUGH,M1S1A1,NACC PSW 2015,Health Services,Personal Support Worker/Personal Attendant,Y,SS,ND,ND,ND,ND,ND
200033,1327913 ONTARIO INC.,+,+,,,+,,,Y,0.70,0.94,0.79,0.88,1.00,ND
200033,1327913 ONTARIO INC.,101186,"GATES COLLEGE OF BUSINESS, CULINARY & HEALTHCARE, COBOURG",COBOURG,K9A5H7,+,,,Y,0.71,0.97,0.80,0.88,1.00,0.14
200033,1327913 ONTARIO INC.,101186,"GATES COLLEGE OF BUSINESS, CULINARY & HEALTHCARE, COBOURG",COBOURG,K9A5H7,ACCOUNTING & PAYROLL ADMINISTRATOR,Business,Accounting,Y,0.88,1.00,0.67,0.50,ND,ND
200033,1327913 ONTARIO INC.,101186,"GATES COLLEGE OF BUSINESS, CULINARY & HEALTHCARE, COBOURG",COBOURG,K9A5H7,ADVANCED BUSINESS MANAGEMENT,Business,Business Administration,Y,ND,SS,SS,SS,1.00,ND
200033,1327913 ONTARIO INC.,101186,"GATES COLLEGE OF BUSINESS, CULINARY & HEALTHCARE, COBOURG",COBOURG,K9A5H7,CHILD AND YOUTH WORKER,Community and Social Services,Community Services Worker,Y,0.40,1.00,0.80,0.83,ND,ND
200033,1327913 ONTARIO INC.,101186,"GATES COLLEGE OF BUSINESS, CULINARY & HEALTHCARE, COBOURG",COBOURG,K9A5H7,COMMUNITY SERVICES WORKER,Community and Social Services,Community Services Worker,Y,0.57,SS,SS,SS,ND,ND
200033,1327913 ONTARIO INC.,101186,"GATES COLLEGE OF BUSINESS, CULINARY & HEALTHCARE, COBOURG",COBOURG,K9A5H7,DEVELOPMENTAL SERVICE WORKER,Community and Social Services,Community Services Worker,Y,SS,ND,ND,ND,ND,ND
200033,1327913 ONTARIO INC.,101186,"GATES COLLEGE OF BUSINESS, CULINARY & HEALTHCARE, COBOURG",COBOURG,K9A5H7,ESTHETICS,Human Services,Esthetics/Medical Esthetics,Y,0.60,1.00,0.00,0.00,ND,ND
200033,1327913 ONTARIO INC.,101186,"GATES COLLEGE OF BUSINESS, CULINARY & HEALTHCARE, COBOURG",COBOURG,K9A5H7,LAW & SECURITY,Law and Public Safety,Law Enforcement/Police Foundations,Y,SS,ND,ND,ND,ND,ND
200033,1327913 ONTARIO INC.,101186,"GATES COLLEGE OF BUSINESS, CULINARY & HEALTHCARE, COBOURG",COBOURG,K9A5H7,MEDICAL OFFICE ASSISTANT,Health Services,Medical Office Administration/Management,Y,1.00,1.00,0.00,0.67,ND,ND
200033,1327913 ONTARIO INC.,101186,"GATES COLLEGE OF BUSINESS, CULINARY & HEALTHCARE, COBOURG",COBOURG,K9A5H7,PERSONAL SUPPORT WORKER,Health Services,Personal Support Worker/Personal Attendant,Y,0.72,0.96,0.89,0.95,1.00,ND
200033,1327913 ONTARIO INC.,143494,"GATES COLLEGE OF BUSINESS, CULINARY & HEALTHCARE, SAULT STE MARIE, ON",SAULT STE. MARIE,P6A1Z2,+,,,Y,0.62,0.92,0.77,0.93,ND,0.00
200033,1327913 ONTARIO INC.,143494,"GATES COLLEGE OF BUSINESS, CULINARY & HEALTHCARE, SAULT STE MARIE, ON",SAULT STE. MARIE,P6A1Z2,ADVANCED BUSINESS MANAGEMENT,Business,Business Administration,Y,SS,ND,ND,ND,ND,ND
200033,1327913 ONTARIO INC.,143494,"GATES COLLEGE OF BUSINESS, CULINARY & HEALTHCARE, SAULT STE MARIE, ON",SAULT STE. MARIE,P6A1Z2,LAW & SECURITY,Law and Public Safety,Law Enforcement/Police Foundations,Y,SS,ND,ND,ND,ND,ND
200033,1327913 ONTARIO INC.,143494,"GATES COLLEGE OF BUSINESS, CULINARY & HEALTHCARE, SAULT STE MARIE, ON",SAULT STE. MARIE,P6A1Z2,MEDICAL OFFICE ASSISTANT,Health Services,Medical Office Administration/Management,Y,0.50,ND,ND,ND,ND,ND
200033,1327913 ONTARIO INC.,143494,"GATES COLLEGE OF BUSINESS, CULINARY & HEALTHCARE, SAULT STE MARIE, ON",SAULT STE. MARIE,P6A1Z2,PERSONAL SUPPORT WORKER,Health Services,Personal Support Worker/Personal Attendant,Y,0.61,0.92,0.77,0.93,ND,ND
200033,1327913 ONTARIO INC.,162255,"GATES COLLEGE OF BUSINESS, CULINARY & HEALTHCARE, PETERBOROUGH",PETERBOROUGH,K9J7M2,+,,,Y,0.73,0.86,0.77,0.85,1.00,0.07
200033,1327913 ONTARIO INC.,162255,"GATES COLLEGE OF BUSINESS, CULINARY & HEALTHCARE, PETERBOROUGH",PETERBOROUGH,K9J7M2,ADVANCED BUSINESS MANAGEMENT,Business,Business Administration,Y,SS,ND,ND,ND,ND,ND
200033,1327913 ONTARIO INC.,162255,"GATES COLLEGE OF BUSINESS, CULINARY & HEALTHCARE, PETERBOROUGH",PETERBOROUGH,K9J7M2,LAW & SECURITY,Law and Public Safety,Law Enforcement/Police Foundations,Y,ND,ND,ND,ND,ND,ND
200033,1327913 ONTARIO INC.,162255,"GATES COLLEGE OF BUSINESS, CULINARY & HEALTHCARE, PETERBOROUGH",PETERBOROUGH,K9J7M2,MEDICAL OFFICE ASSISTANT,Health Services,Medical Office Administration/Management,Y,0.90,0.50,0.25,0.60,1.00,ND
200033,1327913 ONTARIO INC.,162255,"GATES COLLEGE OF BUSINESS, CULINARY & HEALTHCARE, PETERBOROUGH",PETERBOROUGH,K9J7M2,PERSONAL SUPPORT WORKER,Health Services,Personal Support Worker/Personal Attendant,Y,0.71,0.94,0.89,0.91,1.00,ND
200034,2027927 ONTARIO INC.,+,+,,,+,,,Y,0.68,0.78,0.67,0.90,0.75,ND
200034,2027927 ONTARIO INC.,101190,"EVERGREEN COLLEGE, TORONTO",TORONTO,M5E1J8,+,,,Y,0.70,0.77,0.65,0.89,0.75,ND
200034,2027927 ONTARIO INC.,101190,"EVERGREEN COLLEGE, TORONTO",TORONTO,M5E1J8,BUSINESS ADMINISTRATION IN INTERNATIONAL TRADING,Business,Business Administration,Y,SS,SS,SS,SS,ND,ND
200034,2027927 ONTARIO INC.,101190,"EVERGREEN COLLEGE, TORONTO",TORONTO,M5E1J8,COMMUNITY SERVICE WORKER,Community and Social Services,Community Services Worker,Y,0.78,0.50,0.50,1.00,0.00,ND
200034,2027927 ONTARIO INC.,101190,"EVERGREEN COLLEGE, TORONTO",TORONTO,M5E1J8,COMPUTER SYSTEM AND NETWORK SPECIALIST,Computer and Information Technology,Information Technology,Y,SS,SS,SS,SS,ND,ND
200034,2027927 ONTARIO INC.,101190,"EVERGREEN COLLEGE, TORONTO",TORONTO,M5E1J8,COMPUTERIZEDACCOUNTING AND PAYROLL,Business,Accounting,Y,SS,SS,SS,ND,ND,ND
200034,2027927 ONTARIO INC.,101190,"EVERGREEN COLLEGE, TORONTO",TORONTO,M5E1J8,DEVELOPMENTAL SERVICE WORKER,Community and Social Services,Community Services Worker,Y,0.71,0.83,0.83,1.00,ND,ND
200034,2027927 ONTARIO INC.,101190,"EVERGREEN COLLEGE, TORONTO",TORONTO,M5E1J8,EARLY CHILDHOOD ASSISTANT,Human Services,Early Childhood Assistant,Y,0.80,0.67,0.67,0.80,ND,ND
200034,2027927 ONTARIO INC.,101190,"EVERGREEN COLLEGE, TORONTO",TORONTO,M5E1J8,HOSPITALITY MANAGEMENT,Services,Travel and Tourism,Y,0.50,ND,ND,ND,ND,ND
200034,2027927 ONTARIO INC.,101190,"EVERGREEN COLLEGE, TORONTO",TORONTO,M5E1J8,HOSPITALITY OPERATIONS,Services,Travel and Tourism,Y,ND,SS,SS,SS,1.00,ND
200034,2027927 ONTARIO INC.,101190,"EVERGREEN COLLEGE, TORONTO",TORONTO,M5E1J8,MEDICAL OFFICE ADMINISTRATOR,Health Services,Medical Office Administration/Management,Y,0.75,1.00,0.00,1.00,1.00,ND
200034,2027927 ONTARIO INC.,101190,"EVERGREEN COLLEGE, TORONTO",TORONTO,M5E1J8,PERSONAL SUPPORT WORKER,Health Services,Personal Support Worker/Personal Attendant,Y,0.65,0.77,0.73,0.91,1.00,ND
200034,2027927 ONTARIO INC.,101190,"EVERGREEN COLLEGE, TORONTO",TORONTO,M5E1J8,POSTGRADUATE DIPLOMA IN CLINICAL RESEARCH,Health Services,Other - Health Services,Y,1.00,1.00,1.00,1.00,ND,ND
200034,2027927 ONTARIO INC.,186835,"EVERGREEN COLLEGE, SCARBOROUGH, 186835",SCARBOROUGH,M1S5K7,+,,,Y,0.46,1.00,1.00,1.00,ND,ND
200034,2027927 ONTARIO INC.,186835,"EVERGREEN COLLEGE, SCARBOROUGH, 186835",SCARBOROUGH,M1S5K7,FOOD SERVICE WORKER,Health Services,Other - Health Services,Y,SS,SS,SS,SS,ND,ND
200034,2027927 ONTARIO INC.,186835,"EVERGREEN COLLEGE, SCARBOROUGH, 186835",SCARBOROUGH,M1S5K7,POSTGRADUATE DIPLOMA - BUSINESS IN THE DIGITAL ERA (55 WEEKS)*,Business,Other - Business,Y,SS,See combined program results below,See combined program results below,See combined program results below,See combined program results below,ND
200034,2027927 ONTARIO INC.,186835,"EVERGREEN COLLEGE, SCARBOROUGH, 186835",SCARBOROUGH,M1S5K7,POSTGRADUATE DIPLOMA - BUSINESS IN THE DIGITAL ERA (65 WEEKS)*,Business,Other - Business,Y,0.43,See combined program results below,See combined program results below,See combined program results below,See combined program results below,ND
200034,2027927 ONTARIO INC.,186835,"EVERGREEN COLLEGE, SCARBOROUGH, 186835",SCARBOROUGH,M1S5K7,POSTGRADUATE DIPLOMA - BUSINESS IN THE DIGITAL ERA (COMBINED 55 WEEKS AND 65 WEEKS)**,Business,Other - Business,Y,See program results above,SS,SS,SS,ND,See program results above
200042,1552200 ONTARIO INC.,+,+,,,+,,,Y,0.61,0.64,0.64,0.92,ND,ND
200042,1552200 ONTARIO INC.,101205,"LIAISON COLLEGE, BRAMPTON",BRAMPTON,L6W3P6,+,,,Y,0.61,0.64,0.64,0.92,ND,ND
200042,1552200 ONTARIO INC.,101205,"LIAISON COLLEGE, BRAMPTON",BRAMPTON,L6W3P6,BUSINESS ADMINISTRATION,Business,Business Administration,Y,0.40,ND,ND,ND,ND,ND
200042,1552200 ONTARIO INC.,101205,"LIAISON COLLEGE, BRAMPTON",BRAMPTON,L6W3P6,CERTIFICATE IN OFFICE ADMINISTRATION,Business,Business Administration,Y,0.50,SS,SS,SS,ND,ND
200042,1552200 ONTARIO INC.,101205,"LIAISON COLLEGE, BRAMPTON",BRAMPTON,L6W3P6,CHEF DE CUISINE,Service Trade,Chef,Y,SS,SS,SS,SS,ND,ND
200042,1552200 ONTARIO INC.,101205,"LIAISON COLLEGE, BRAMPTON",BRAMPTON,L6W3P6,COOK ADVANCED - LEVEL II,Service Trade,Chef,Y,SS,SS,SS,SS,ND,ND
200042,1552200 ONTARIO INC.,101205,"LIAISON COLLEGE, BRAMPTON",BRAMPTON,L6W3P6,COOK BASIC - LEVEL I (P/T),Service Trade,Chef,Y,SS,ND,ND,ND,ND,ND
200042,1552200 ONTARIO INC.,101205,"LIAISON COLLEGE, BRAMPTON",BRAMPTON,L6W3P6,COOK BASIC - LEVEL I,Service Trade,Chef,Y,0.89,0.67,0.67,1.00,ND,ND
200042,1552200 ONTARIO INC.,101205,"LIAISON COLLEGE, BRAMPTON",BRAMPTON,L6W3P6,CULINARY & HOSPITALITY OPERATIONS MANAGEMENT,Service Trade,Chef,Y,SS,SS,SS,SS,ND,ND
200042,1552200 ONTARIO INC.,101205,"LIAISON COLLEGE, BRAMPTON",BRAMPTON,L6W3P6,POST GRADUATE DIPLOMA IN PROJECT MANAGEMENT,Business,Project Administration/Management,Y,0.60,SS,SS,1.00,ND,ND
200044,THE ACADEMY OF LOCKSMITHING INC.,+,+,,,+,,,Y,0.98,0.96,0.70,0.87,1.00,ND
200044,THE ACADEMY OF LOCKSMITHING INC.,101209,"ACADEMY OF LOCKSMITHING INC. (THE), TORONTO",TORONTO,M1P3E6,+,,,Y,0.98,0.96,0.70,0.87,1.00,ND
200044,THE ACADEMY OF LOCKSMITHING INC.,101209,"ACADEMY OF LOCKSMITHING INC. (THE), TORONTO",TORONTO,M1P3E6,BASIC LOCKSMITHING,Industrial Trade,Locksmith,Y,0.98,0.96,0.70,0.87,1.00,ND
200045,TRANSPORT TRAINING CENTRES OF CANADA INC.,+,+,,,+,,,Y,0.70,0.77,0.62,0.61,0.93,ND
200045,TRANSPORT TRAINING CENTRES OF CANADA INC.,101202,"TRANSPORT TRAINING CENTRES OF CANADA INC, BELLEVILLE",BELLEVILLE,K8P 5L,+,,,Y,0.90,0.82,0.74,0.79,1.00,ND
200045,TRANSPORT TRAINING CENTRES OF CANADA INC.,101202,"TRANSPORT TRAINING CENTRES OF CANADA INC, BELLEVILLE",BELLEVILLE,K8P 5L,AZ & EXCAVATOR PROGRAM,Tractor-Trailer / Driver Licensing,AZ Class Truck Driver Combined,Y,SS,SS,SS,SS,ND,ND
200045,TRANSPORT TRAINING CENTRES OF CANADA INC.,101202,"TRANSPORT TRAINING CENTRES OF CANADA INC, BELLEVILLE",BELLEVILLE,K8P 5L,BULLDOZER PROGRAM,Construction Trade,Heavy Equipment Operator,Y,SS,ND,ND,ND,ND,ND
200045,TRANSPORT TRAINING CENTRES OF CANADA INC.,101202,"TRANSPORT TRAINING CENTRES OF CANADA INC, BELLEVILLE",BELLEVILLE,K8P 5L,CONSTRUCTION PROGRAM - BRONZE,Tractor-Trailer / Driver Licensing,AZ Class Truck Driver Combined,Y,SS,ND,ND,ND,ND,ND
200045,TRANSPORT TRAINING CENTRES OF CANADA INC.,101202,"TRANSPORT TRAINING CENTRES OF CANADA INC, BELLEVILLE",BELLEVILLE,K8P 5L,CONSTRUCTION PROGRAM - GOLD,Tractor-Trailer / Driver Licensing,AZ Class Truck Driver Combined,Y,SS,SS,SS,SS,ND,ND
200045,TRANSPORT TRAINING CENTRES OF CANADA INC.,101202,"TRANSPORT TRAINING CENTRES OF CANADA INC, BELLEVILLE",BELLEVILLE,K8P 5L,CONSTRUCTION PROGRAM - PLATINUM,Tractor-Trailer / Driver Licensing,AZ Class Truck Driver Combined,Y,0.88,1.00,1.00,1.00,ND,ND
200045,TRANSPORT TRAINING CENTRES OF CANADA INC.,101202,"TRANSPORT TRAINING CENTRES OF CANADA INC, BELLEVILLE",BELLEVILLE,K8P 5L,CONSTRUCTION PROGRAM - SILVER,Tractor-Trailer / Driver Licensing,AZ Class Truck Driver Combined,Y,SS,SS,SS,SS,ND,ND
200045,TRANSPORT TRAINING CENTRES OF CANADA INC.,101202,"TRANSPORT TRAINING CENTRES OF CANADA INC, BELLEVILLE",BELLEVILLE,K8P 5L,EXCAVATOR PROGRAM,Construction Trade,Heavy Equipment Operator,Y,SS,ND,ND,ND,ND,ND
200045,TRANSPORT TRAINING CENTRES OF CANADA INC.,101202,"TRANSPORT TRAINING CENTRES OF CANADA INC, BELLEVILLE",BELLEVILLE,K8P 5L,HEAVY EQUIPMENT PROGRAM - GOLD,Construction Trade,Heavy Equipment Operator,Y,SS,SS,SS,SS,ND,ND
200045,TRANSPORT TRAINING CENTRES OF CANADA INC.,101202,"TRANSPORT TRAINING CENTRES OF CANADA INC, BELLEVILLE",BELLEVILLE,K8P 5L,HEAVY EQUIPMENT PROGRAM - PLATINUM,Construction Trade,Heavy Equipment Operator,Y,1.00,0.67,0.67,0.67,ND,ND
200045,TRANSPORT TRAINING CENTRES OF CANADA INC.,101202,"TRANSPORT TRAINING CENTRES OF CANADA INC, BELLEVILLE",BELLEVILLE,K8P 5L,HEAVY EQUIPMENT PROGRAM - SILVER,Construction Trade,Heavy Equipment Operator,Y,SS,SS,SS,SS,ND,ND
200045,TRANSPORT TRAINING CENTRES OF CANADA INC.,101202,"TRANSPORT TRAINING CENTRES OF CANADA INC, BELLEVILLE",BELLEVILLE,K8P 5L,LOADER PROGRAM,Construction Trade,Heavy Equipment Operator,Y,SS,SS,SS,SS,ND,ND
200045,TRANSPORT TRAINING CENTRES OF CANADA INC.,101202,"TRANSPORT TRAINING CENTRES OF CANADA INC, BELLEVILLE",BELLEVILLE,K8P 5L,STRAIGHT TRUCK PROGRAM (DZ),Tractor-Trailer / Driver Licensing,DZ Class Truck Driver,Y,0.90,0.89,0.78,0.75,ND,ND
200045,TRANSPORT TRAINING CENTRES OF CANADA INC.,101202,"TRANSPORT TRAINING CENTRES OF CANADA INC, BELLEVILLE",BELLEVILLE,K8P 5L,TRANSPORT TRAINING PROGRAM (AZ),Tractor-Trailer / Driver Licensing,AZ Class Truck Driver,Y,0.85,0.79,0.71,0.79,1.00,ND
200045,TRANSPORT TRAINING CENTRES OF CANADA INC.,101210,"TRANSPORT TRAINING CENTRES OF CANADA INC., OWEN SOUND",OWEN SOUND,N4K5P5,+,,,Y,0.52,0.83,0.67,0.67,1.00,ND
200045,TRANSPORT TRAINING CENTRES OF CANADA INC.,101210,"TRANSPORT TRAINING CENTRES OF CANADA INC., OWEN SOUND",OWEN SOUND,N4K5P5,CONSTRUCTION PROGRAM - GOLD,Tractor-Trailer / Driver Licensing,AZ Class Truck Driver Combined,Y,SS,ND,ND,ND,ND,ND
200045,TRANSPORT TRAINING CENTRES OF CANADA INC.,101210,"TRANSPORT TRAINING CENTRES OF CANADA INC., OWEN SOUND",OWEN SOUND,N4K5P5,CONSTRUCTION PROGRAM - SILVER,Tractor-Trailer / Driver Licensing,AZ Class Truck Driver Combined,Y,ND,SS,SS,SS,ND,ND
200045,TRANSPORT TRAINING CENTRES OF CANADA INC.,101210,"TRANSPORT TRAINING CENTRES OF CANADA INC., OWEN SOUND",OWEN SOUND,N4K5P5,STRAIGHT TRUCK PROGRAM (DZ),Tractor-Trailer / Driver Licensing,DZ Class Truck Driver,Y,0.29,ND,ND,ND,ND,ND
200045,TRANSPORT TRAINING CENTRES OF CANADA INC.,101210,"TRANSPORT TRAINING CENTRES OF CANADA INC., OWEN SOUND",OWEN SOUND,N4K5P5,TRANSPORT TRAINING PROGRAM (AZ),Tractor-Trailer / Driver Licensing,AZ Class Truck Driver,Y,0.63,0.80,0.80,0.80,1.00,ND
200045,TRANSPORT TRAINING CENTRES OF CANADA INC.,101213,"TRANSPORT TRAINING CENTRES OF CANADA INC., BARRIE",BARRIE,L4M5K3,+,,,Y,0.59,0.83,0.58,0.72,ND,ND
200045,TRANSPORT TRAINING CENTRES OF CANADA INC.,101213,"TRANSPORT TRAINING CENTRES OF CANADA INC., BARRIE",BARRIE,L4M5K3,BACKHOE PROGRAM,Construction Trade,Heavy Equipment Operator,Y,SS,ND,ND,ND,ND,ND
200045,TRANSPORT TRAINING CENTRES OF CANADA INC.,101213,"TRANSPORT TRAINING CENTRES OF CANADA INC., BARRIE",BARRIE,L4M5K3,BULLDOZER PROGRAM,Construction Trade,Heavy Equipment Operator,Y,SS,SS,SS,SS,ND,ND
200045,TRANSPORT TRAINING CENTRES OF CANADA INC.,101213,"TRANSPORT TRAINING CENTRES OF CANADA INC., BARRIE",BARRIE,L4M5K3,CONSTRUCTION PROGRAM - BRONZE,Tractor-Trailer / Driver Licensing,AZ Class Truck Driver Combined,Y,SS,ND,ND,ND,ND,ND
200045,TRANSPORT TRAINING CENTRES OF CANADA INC.,101213,"TRANSPORT TRAINING CENTRES OF CANADA INC., BARRIE",BARRIE,L4M5K3,CONSTRUCTION PROGRAM - GOLD,Tractor-Trailer / Driver Licensing,AZ Class Truck Driver Combined,Y,SS,ND,ND,ND,ND,ND
200045,TRANSPORT TRAINING CENTRES OF CANADA INC.,101213,"TRANSPORT TRAINING CENTRES OF CANADA INC., BARRIE",BARRIE,L4M5K3,CONSTRUCTION PROGRAM - PLATINUM,Tractor-Trailer / Driver Licensing,AZ Class Truck Driver Combined,Y,SS,SS,SS,SS,ND,ND
200045,TRANSPORT TRAINING CENTRES OF CANADA INC.,101213,"TRANSPORT TRAINING CENTRES OF CANADA INC., BARRIE",BARRIE,L4M5K3,CONSTRUCTION PROGRAM - SILVER,Tractor-Trailer / Driver Licensing,AZ Class Truck Driver Combined,Y,SS,SS,SS,SS,ND,ND
200045,TRANSPORT TRAINING CENTRES OF CANADA INC.,101213,"TRANSPORT TRAINING CENTRES OF CANADA INC., BARRIE",BARRIE,L4M5K3,EXCAVATOR PROGRAM,Construction Trade,Heavy Equipment Operator,Y,0.40,SS,SS,SS,ND,ND
200045,TRANSPORT TRAINING CENTRES OF CANADA INC.,101213,"TRANSPORT TRAINING CENTRES OF CANADA INC., BARRIE",BARRIE,L4M5K3,HEAVY EQUIPMENT PROGRAM - BRONZE,Construction Trade,Heavy Equipment Operator,Y,SS,SS,SS,SS,ND,ND
200045,TRANSPORT TRAINING CENTRES OF CANADA INC.,101213,"TRANSPORT TRAINING CENTRES OF CANADA INC., BARRIE",BARRIE,L4M5K3,HEAVY EQUIPMENT PROGRAM - GOLD,Construction Trade,Heavy Equipment Operator,Y,0.93,1.00,0.00,0.50,ND,ND
200045,TRANSPORT TRAINING CENTRES OF CANADA INC.,101213,"TRANSPORT TRAINING CENTRES OF CANADA INC., BARRIE",BARRIE,L4M5K3,HEAVY EQUIPMENT PROGRAM - PLATINUM,Construction Trade,Heavy Equipment Operator,Y,0.56,0.00,0.00,1.00,ND,ND
200045,TRANSPORT TRAINING CENTRES OF CANADA INC.,101213,"TRANSPORT TRAINING CENTRES OF CANADA INC., BARRIE",BARRIE,L4M5K3,HEAVY EQUIPMENT PROGRAM - SILVER,Construction Trade,Heavy Equipment Operator,Y,SS,SS,SS,SS,ND,ND
200045,TRANSPORT TRAINING CENTRES OF CANADA INC.,101213,"TRANSPORT TRAINING CENTRES OF CANADA INC., BARRIE",BARRIE,L4M5K3,LOADER PROGRAM,Construction Trade,Heavy Equipment Operator,Y,0.80,ND,ND,ND,ND,ND
200045,TRANSPORT TRAINING CENTRES OF CANADA INC.,101213,"TRANSPORT TRAINING CENTRES OF CANADA INC., BARRIE",BARRIE,L4M5K3,STRAIGHT TRUCK PROGRAM (DZ),Tractor-Trailer / Driver Licensing,DZ Class Truck Driver,Y,0.22,1.00,1.00,1.00,ND,ND
200045,TRANSPORT TRAINING CENTRES OF CANADA INC.,101213,"TRANSPORT TRAINING CENTRES OF CANADA INC., BARRIE",BARRIE,L4M5K3,TRANSPORT TRAINING PROGRAM (AZ) (6 WEEKS)*,Tractor-Trailer / Driver Licensing,AZ Class Truck Driver,Y,0.52,See combined program results below,See combined program results below,See combined program results below,See combined program results below,ND
200045,TRANSPORT TRAINING CENTRES OF CANADA INC.,101213,"TRANSPORT TRAINING CENTRES OF CANADA INC., BARRIE",BARRIE,L4M5K3,TRANSPORT TRAINING PROGRAM (AZ) (8 WEEKS)*,Tractor-Trailer / Driver Licensing,AZ Class Truck Driver,Y,SS,See combined program results below,See combined program results below,See combined program results below,See combined program results below,ND
200045,TRANSPORT TRAINING CENTRES OF CANADA INC.,101213,"TRANSPORT TRAINING CENTRES OF CANADA INC., BARRIE",BARRIE,L4M5K3,TRANSPORT TRAINING PROGRAM (AZ) (COMBINED 6 WEEKS AND 8 WEEKS)**,Tractor-Trailer / Driver Licensing,AZ Class Truck Driver,Y,See program results above,0.83,0.75,0.83,ND,See program results above
200045,TRANSPORT TRAINING CENTRES OF CANADA INC.,101388,"TRANSPORT TRAINING CENTRES OF CANADA INC., PETERBOROUGH",PETERBOROUGH,K9J5T9,+,,,Y,0.86,0.78,0.67,0.65,1.00,ND
200045,TRANSPORT TRAINING CENTRES OF CANADA INC.,101388,"TRANSPORT TRAINING CENTRES OF CANADA INC., PETERBOROUGH",PETERBOROUGH,K9J5T9,AZ & EXCAVATOR PROGRAM,Tractor-Trailer / Driver Licensing,AZ Class Truck Driver Combined,Y,SS,SS,SS,SS,ND,ND
200045,TRANSPORT TRAINING CENTRES OF CANADA INC.,101388,"TRANSPORT TRAINING CENTRES OF CANADA INC., PETERBOROUGH",PETERBOROUGH,K9J5T9,CONSTRUCTION PROGRAM - PLATINUM,Tractor-Trailer / Driver Licensing,AZ Class Truck Driver Combined,Y,SS,SS,SS,SS,ND,ND
200045,TRANSPORT TRAINING CENTRES OF CANADA INC.,101388,"TRANSPORT TRAINING CENTRES OF CANADA INC., PETERBOROUGH",PETERBOROUGH,K9J5T9,EXCAVATOR PROGRAM,Construction Trade,Heavy Equipment Operator,Y,SS,SS,SS,SS,ND,ND
200045,TRANSPORT TRAINING CENTRES OF CANADA INC.,101388,"TRANSPORT TRAINING CENTRES OF CANADA INC., PETERBOROUGH",PETERBOROUGH,K9J5T9,GRADER PROGRAM,Construction Trade,Heavy Equipment Operator,Y,SS,ND,ND,ND,ND,ND
200045,TRANSPORT TRAINING CENTRES OF CANADA INC.,101388,"TRANSPORT TRAINING CENTRES OF CANADA INC., PETERBOROUGH",PETERBOROUGH,K9J5T9,HEAVY EQUIPMENT PROGRAM - GOLD,Construction Trade,Heavy Equipment Operator,Y,SS,ND,ND,ND,ND,ND
200045,TRANSPORT TRAINING CENTRES OF CANADA INC.,101388,"TRANSPORT TRAINING CENTRES OF CANADA INC., PETERBOROUGH",PETERBOROUGH,K9J5T9,HEAVY EQUIPMENT PROGRAM - PLATINUM,Construction Trade,Heavy Equipment Operator,Y,0.92,0.75,0.75,0.86,1.00,ND
200045,TRANSPORT TRAINING CENTRES OF CANADA INC.,101388,"TRANSPORT TRAINING CENTRES OF CANADA INC., PETERBOROUGH",PETERBOROUGH,K9J5T9,HEAVY EQUIPMENT PROGRAM - SILVER,Construction Trade,Heavy Equipment Operator,Y,SS,SS,SS,SS,1.00,ND
200045,TRANSPORT TRAINING CENTRES OF CANADA INC.,101388,"TRANSPORT TRAINING CENTRES OF CANADA INC., PETERBOROUGH",PETERBOROUGH,K9J5T9,STRAIGHT TRUCK PROGRAM (DZ),Tractor-Trailer / Driver Licensing,DZ Class Truck Driver,Y,0.83,0.75,0.50,0.57,1.00,ND
200045,TRANSPORT TRAINING CENTRES OF CANADA INC.,101388,"TRANSPORT TRAINING CENTRES OF CANADA INC., PETERBOROUGH",PETERBOROUGH,K9J5T9,TRANSPORT TRAINING PROGRAM (AZ) (6 WEEKS)*,Tractor-Trailer / Driver Licensing,AZ Class Truck Driver,Y,0.84,See combined program results below,See combined program results below,See combined program results below,See combined program results below,ND
200045,TRANSPORT TRAINING CENTRES OF CANADA INC.,101388,"TRANSPORT TRAINING CENTRES OF CANADA INC., PETERBOROUGH",PETERBOROUGH,K9J5T9,TRANSPORT TRAINING PROGRAM (AZ) (8 WEEKS)*,Tractor-Trailer / Driver Licensing,AZ Class Truck Driver,Y,SS,See combined program results below,See combined program results below,See combined program results below,See combined program results below,ND
200045,TRANSPORT TRAINING CENTRES OF CANADA INC.,101388,"TRANSPORT TRAINING CENTRES OF CANADA INC., PETERBOROUGH",PETERBOROUGH,K9J5T9,TRANSPORT TRAINING PROGRAM (AZ) (COMBINED 6 WEEKS AND 8 WEEKS)**,Tractor-Trailer / Driver Licensing,AZ Class Truck Driver,Y,See program results above,0.92,0.85,0.62,ND,See program results above
200045,TRANSPORT TRAINING CENTRES OF CANADA INC.,101389,"TRANSPORT TRAINING CENTRES OF CANADA INC., SUDBURY",SUDBURY,P3B2G1,+,,,Y,0.61,0.82,0.59,0.53,0.00,ND
200045,TRANSPORT TRAINING CENTRES OF CANADA INC.,101389,"TRANSPORT TRAINING CENTRES OF CANADA INC., SUDBURY",SUDBURY,P3B2G1,CONSTRUCTION PROGRAM - BRONZE,Tractor-Trailer / Driver Licensing,AZ Class Truck Driver Combined,Y,SS,ND,ND,ND,ND,ND
200045,TRANSPORT TRAINING CENTRES OF CANADA INC.,101389,"TRANSPORT TRAINING CENTRES OF CANADA INC., SUDBURY",SUDBURY,P3B2G1,CONSTRUCTION PROGRAM - PLATINUM,Tractor-Trailer / Driver Licensing,AZ Class Truck Driver Combined,Y,SS,SS,SS,SS,ND,ND
200045,TRANSPORT TRAINING CENTRES OF CANADA INC.,101389,"TRANSPORT TRAINING CENTRES OF CANADA INC., SUDBURY",SUDBURY,P3B2G1,CONSTRUCTION PROGRAM - SILVER,Tractor-Trailer / Driver Licensing,AZ Class Truck Driver Combined,Y,SS,SS,SS,SS,ND,ND
200045,TRANSPORT TRAINING CENTRES OF CANADA INC.,101389,"TRANSPORT TRAINING CENTRES OF CANADA INC., SUDBURY",SUDBURY,P3B2G1,EXCAVATOR PROGRAM,Construction Trade,Heavy Equipment Operator,Y,SS,SS,SS,SS,ND,ND
200045,TRANSPORT TRAINING CENTRES OF CANADA INC.,101389,"TRANSPORT TRAINING CENTRES OF CANADA INC., SUDBURY",SUDBURY,P3B2G1,HEAVY EQUIPMENT PROGRAM - BRONZE,Construction Trade,Heavy Equipment Operator,Y,SS,ND,ND,ND,ND,ND
200045,TRANSPORT TRAINING CENTRES OF CANADA INC.,101389,"TRANSPORT TRAINING CENTRES OF CANADA INC., SUDBURY",SUDBURY,P3B2G1,HEAVY EQUIPMENT PROGRAM - GOLD,Construction Trade,Heavy Equipment Operator,Y,SS,SS,SS,SS,ND,ND
200045,TRANSPORT TRAINING CENTRES OF CANADA INC.,101389,"TRANSPORT TRAINING CENTRES OF CANADA INC., SUDBURY",SUDBURY,P3B2G1,HEAVY EQUIPMENT PROGRAM - PLATINUM,Construction Trade,Heavy Equipment Operator,Y,1.00,1.00,0.00,0.00,ND,ND
200045,TRANSPORT TRAINING CENTRES OF CANADA INC.,101389,"TRANSPORT TRAINING CENTRES OF CANADA INC., SUDBURY",SUDBURY,P3B2G1,LOADER PROGRAM,Construction Trade,Heavy Equipment Operator,Y,SS,SS,SS,SS,ND,ND
200045,TRANSPORT TRAINING CENTRES OF CANADA INC.,101389,"TRANSPORT TRAINING CENTRES OF CANADA INC., SUDBURY",SUDBURY,P3B2G1,STRAIGHT TRUCK PROGRAM (DZ),Tractor-Trailer / Driver Licensing,DZ Class Truck Driver,Y,0.36,0.75,0.50,1.00,ND,ND
200045,TRANSPORT TRAINING CENTRES OF CANADA INC.,101389,"TRANSPORT TRAINING CENTRES OF CANADA INC., SUDBURY",SUDBURY,P3B2G1,TRANSPORT TRAINING PROGRAM (AZ),Tractor-Trailer / Driver Licensing,AZ Class Truck Driver,Y,0.75,0.83,0.83,0.33,0.00,ND
200045,TRANSPORT TRAINING CENTRES OF CANADA INC.,101390,"TRANSPORT TRAINING CENTRES OF CANADA INC., OTTAWA",OTTAWA,K1B3W6,+,,,Y,0.75,0.61,0.42,0.33,1.00,ND
200045,TRANSPORT TRAINING CENTRES OF CANADA INC.,101390,"TRANSPORT TRAINING CENTRES OF CANADA INC., OTTAWA",OTTAWA,K1B3W6,AZ & EXCAVATOR PROGRAM,Tractor-Trailer / Driver Licensing,AZ Class Truck Driver Combined,Y,SS,SS,SS,SS,ND,ND
200045,TRANSPORT TRAINING CENTRES OF CANADA INC.,101390,"TRANSPORT TRAINING CENTRES OF CANADA INC., OTTAWA",OTTAWA,K1B3W6,BACKHOE PROGRAM,Construction Trade,Heavy Equipment Operator,Y,SS,SS,SS,SS,1.00,ND
200045,TRANSPORT TRAINING CENTRES OF CANADA INC.,101390,"TRANSPORT TRAINING CENTRES OF CANADA INC., OTTAWA",OTTAWA,K1B3W6,BULLDOZER PROGRAM,Construction Trade,Heavy Equipment Operator,Y,SS,ND,ND,ND,ND,ND
200045,TRANSPORT TRAINING CENTRES OF CANADA INC.,101390,"TRANSPORT TRAINING CENTRES OF CANADA INC., OTTAWA",OTTAWA,K1B3W6,CONSTRUCTION PROGRAM - BRONZE,Tractor-Trailer / Driver Licensing,AZ Class Truck Driver Combined,Y,0.86,0.50,0.50,0.00,ND,ND
200045,TRANSPORT TRAINING CENTRES OF CANADA INC.,101390,"TRANSPORT TRAINING CENTRES OF CANADA INC., OTTAWA",OTTAWA,K1B3W6,CONSTRUCTION PROGRAM - GOLD,Tractor-Trailer / Driver Licensing,AZ Class Truck Driver Combined,Y,SS,ND,ND,ND,ND,ND
200045,TRANSPORT TRAINING CENTRES OF CANADA INC.,101390,"TRANSPORT TRAINING CENTRES OF CANADA INC., OTTAWA",OTTAWA,K1B3W6,CONSTRUCTION PROGRAM - PLATINUM,Tractor-Trailer / Driver Licensing,AZ Class Truck Driver Combined,Y,SS,SS,SS,SS,ND,ND
200045,TRANSPORT TRAINING CENTRES OF CANADA INC.,101390,"TRANSPORT TRAINING CENTRES OF CANADA INC., OTTAWA",OTTAWA,K1B3W6,CONSTRUCTION PROGRAM - SILVER,Tractor-Trailer / Driver Licensing,AZ Class Truck Driver Combined,Y,0.67,ND,ND,ND,ND,ND
200045,TRANSPORT TRAINING CENTRES OF CANADA INC.,101390,"TRANSPORT TRAINING CENTRES OF CANADA INC., OTTAWA",OTTAWA,K1B3W6,EXCAVATOR PROGRAM,Construction Trade,Heavy Equipment Operator,Y,SS,SS,SS,SS,ND,ND
200045,TRANSPORT TRAINING CENTRES OF CANADA INC.,101390,"TRANSPORT TRAINING CENTRES OF CANADA INC., OTTAWA",OTTAWA,K1B3W6,GRADER PROGRAM,Construction Trade,Heavy Equipment Operator,Y,SS,SS,SS,SS,ND,ND
200045,TRANSPORT TRAINING CENTRES OF CANADA INC.,101390,"TRANSPORT TRAINING CENTRES OF CANADA INC., OTTAWA",OTTAWA,K1B3W6,HEAVY EQUIPMENT PROGRAM - BRONZE,Construction Trade,Heavy Equipment Operator,Y,ND,ND,ND,ND,ND,ND
200045,TRANSPORT TRAINING CENTRES OF CANADA INC.,101390,"TRANSPORT TRAINING CENTRES OF CANADA INC., OTTAWA",OTTAWA,K1B3W6,HEAVY EQUIPMENT PROGRAM - GOLD,Construction Trade,Heavy Equipment Operator,Y,SS,SS,SS,SS,ND,ND
200045,TRANSPORT TRAINING CENTRES OF CANADA INC.,101390,"TRANSPORT TRAINING CENTRES OF CANADA INC., OTTAWA",OTTAWA,K1B3W6,HEAVY EQUIPMENT PROGRAM - PLATINUM,Construction Trade,Heavy Equipment Operator,Y,0.78,0.20,0.20,0.20,1.00,ND
200045,TRANSPORT TRAINING CENTRES OF CANADA INC.,101390,"TRANSPORT TRAINING CENTRES OF CANADA INC., OTTAWA",OTTAWA,K1B3W6,HEAVY EQUIPMENT PROGRAM - SILVER,Construction Trade,Heavy Equipment Operator,Y,SS,SS,SS,SS,ND,ND
200045,TRANSPORT TRAINING CENTRES OF CANADA INC.,101390,"TRANSPORT TRAINING CENTRES OF CANADA INC., OTTAWA",OTTAWA,K1B3W6,LOADER PROGRAM,Construction Trade,Heavy Equipment Operator,Y,SS,SS,SS,SS,ND,ND
200045,TRANSPORT TRAINING CENTRES OF CANADA INC.,101390,"TRANSPORT TRAINING CENTRES OF CANADA INC., OTTAWA",OTTAWA,K1B3W6,STRAIGHT TRUCK PROGRAM (DZ),Tractor-Trailer / Driver Licensing,DZ Class Truck Driver,Y,0.44,1.00,0.50,0.50,ND,ND
200045,TRANSPORT TRAINING CENTRES OF CANADA INC.,101390,"TRANSPORT TRAINING CENTRES OF CANADA INC., OTTAWA",OTTAWA,K1B3W6,TRANSPORT TRAINING PROGRAM (AZ),Tractor-Trailer / Driver Licensing,AZ Class Truck Driver,Y,0.85,0.79,0.63,0.53,ND,ND
200045,TRANSPORT TRAINING CENTRES OF CANADA INC.,101391,"TRANSPORT TRAINING CENTRES OF CANADA INC., NORTH BAY",NORTH BAY,P1B8Z4,+,,,Y,0.69,0.82,0.82,0.68,1.00,ND
200045,TRANSPORT TRAINING CENTRES OF CANADA INC.,101391,"TRANSPORT TRAINING CENTRES OF CANADA INC., NORTH BAY",NORTH BAY,P1B8Z4,CONSTRUCTION PROGRAM - BRONZE,Tractor-Trailer / Driver Licensing,AZ Class Truck Driver Combined,Y,SS,ND,ND,ND,ND,ND
200045,TRANSPORT TRAINING CENTRES OF CANADA INC.,101391,"TRANSPORT TRAINING CENTRES OF CANADA INC., NORTH BAY",NORTH BAY,P1B8Z4,CONSTRUCTION PROGRAM - PLATINUM,Tractor-Trailer / Driver Licensing,AZ Class Truck Driver Combined,Y,SS,ND,ND,ND,ND,ND
200045,TRANSPORT TRAINING CENTRES OF CANADA INC.,101391,"TRANSPORT TRAINING CENTRES OF CANADA INC., NORTH BAY",NORTH BAY,P1B8Z4,HEAVY EQUIPMENT PROGRAM - BRONZE,Construction Trade,Heavy Equipment Operator,Y,SS,ND,ND,ND,ND,ND
200045,TRANSPORT TRAINING CENTRES OF CANADA INC.,101391,"TRANSPORT TRAINING CENTRES OF CANADA INC., NORTH BAY",NORTH BAY,P1B8Z4,HEAVY EQUIPMENT PROGRAM - GOLD,Construction Trade,Heavy Equipment Operator,Y,SS,SS,SS,SS,ND,ND
200045,TRANSPORT TRAINING CENTRES OF CANADA INC.,101391,"TRANSPORT TRAINING CENTRES OF CANADA INC., NORTH BAY",NORTH BAY,P1B8Z4,HEAVY EQUIPMENT PROGRAM - PLATINUM,Construction Trade,Heavy Equipment Operator,Y,SS,SS,SS,SS,ND,ND
200045,TRANSPORT TRAINING CENTRES OF CANADA INC.,101391,"TRANSPORT TRAINING CENTRES OF CANADA INC., NORTH BAY",NORTH BAY,P1B8Z4,HEAVY EQUIPMENT PROGRAM - SILVER,Construction Trade,Heavy Equipment Operator,Y,SS,ND,ND,ND,ND,ND
200045,TRANSPORT TRAINING CENTRES OF CANADA INC.,101391,"TRANSPORT TRAINING CENTRES OF CANADA INC., NORTH BAY",NORTH BAY,P1B8Z4,LOADER PROGRAM,Construction Trade,Heavy Equipment Operator,Y,SS,ND,ND,ND,ND,ND
200045,TRANSPORT TRAINING CENTRES OF CANADA INC.,101391,"TRANSPORT TRAINING CENTRES OF CANADA INC., NORTH BAY",NORTH BAY,P1B8Z4,STRAIGHT TRUCK PROGRAM (DZ),Tractor-Trailer / Driver Licensing,DZ Class Truck Driver,Y,0.48,1.00,1.00,0.80,ND,ND
200045,TRANSPORT TRAINING CENTRES OF CANADA INC.,101391,"TRANSPORT TRAINING CENTRES OF CANADA INC., NORTH BAY",NORTH BAY,P1B8Z4,TRANSPORT TRAINING PROGRAM (AZ),Tractor-Trailer / Driver Licensing,AZ Class Truck Driver,Y,0.83,0.80,0.80,0.67,1.00,ND
200045,TRANSPORT TRAINING CENTRES OF CANADA INC.,101531,"TRANSPORT TRAINING CENTRES OF CANADA INC., CORNWALL",CORNWALL,K6J5M3,+,,,Y,0.67,0.87,0.65,0.83,ND,ND
200045,TRANSPORT TRAINING CENTRES OF CANADA INC.,101531,"TRANSPORT TRAINING CENTRES OF CANADA INC., CORNWALL",CORNWALL,K6J5M3,HEAVY EQUIPMENT PROGRAM - PLATINUM,Construction Trade,Heavy Equipment Operator,Y,SS,ND,ND,ND,ND,ND
200045,TRANSPORT TRAINING CENTRES OF CANADA INC.,101531,"TRANSPORT TRAINING CENTRES OF CANADA INC., CORNWALL",CORNWALL,K6J5M3,STRAIGHT TRUCK PROGRAM (DZ),Tractor-Trailer / Driver Licensing,DZ Class Truck Driver,Y,0.48,0.80,0.60,1.00,ND,ND
200045,TRANSPORT TRAINING CENTRES OF CANADA INC.,101531,"TRANSPORT TRAINING CENTRES OF CANADA INC., CORNWALL",CORNWALL,K6J5M3,TRANSPORT TRAINING PROGRAM (AZ),Tractor-Trailer / Driver Licensing,AZ Class Truck Driver,Y,0.75,0.89,0.67,0.78,ND,ND
200045,TRANSPORT TRAINING CENTRES OF CANADA INC.,102082,"TRANSPORT TRAINING CENTRES OF CANADA INC., SAULT STE. MARIE",SAULT STE. MARIE,P6A5K7,+,,,Y,0.54,0.89,0.67,0.80,1.00,ND
200045,TRANSPORT TRAINING CENTRES OF CANADA INC.,102082,"TRANSPORT TRAINING CENTRES OF CANADA INC., SAULT STE. MARIE",SAULT STE. MARIE,P6A5K7,CONSTRUCTION PROGRAM - BRONZE,Tractor-Trailer / Driver Licensing,AZ Class Truck Driver Combined,Y,ND,ND,ND,ND,ND,ND
200045,TRANSPORT TRAINING CENTRES OF CANADA INC.,102082,"TRANSPORT TRAINING CENTRES OF CANADA INC., SAULT STE. MARIE",SAULT STE. MARIE,P6A5K7,CONSTRUCTION PROGRAM - GOLD,Tractor-Trailer / Driver Licensing,AZ Class Truck Driver Combined,Y,SS,ND,ND,ND,ND,ND
200045,TRANSPORT TRAINING CENTRES OF CANADA INC.,102082,"TRANSPORT TRAINING CENTRES OF CANADA INC., SAULT STE. MARIE",SAULT STE. MARIE,P6A5K7,CONSTRUCTION PROGRAM - PLATINUM,Tractor-Trailer / Driver Licensing,AZ Class Truck Driver Combined,Y,SS,ND,ND,ND,ND,ND
200045,TRANSPORT TRAINING CENTRES OF CANADA INC.,102082,"TRANSPORT TRAINING CENTRES OF CANADA INC., SAULT STE. MARIE",SAULT STE. MARIE,P6A5K7,CONSTRUCTION PROGRAM - SILVER,Tractor-Trailer / Driver Licensing,AZ Class Truck Driver Combined,Y,SS,ND,ND,ND,ND,ND
200045,TRANSPORT TRAINING CENTRES OF CANADA INC.,102082,"TRANSPORT TRAINING CENTRES OF CANADA INC., SAULT STE. MARIE",SAULT STE. MARIE,P6A5K7,HEAVY EQUIPMENT PROGRAM - BRONZE,Construction Trade,Heavy Equipment Operator,Y,SS,SS,SS,SS,ND,ND
200045,TRANSPORT TRAINING CENTRES OF CANADA INC.,102082,"TRANSPORT TRAINING CENTRES OF CANADA INC., SAULT STE. MARIE",SAULT STE. MARIE,P6A5K7,HEAVY EQUIPMENT PROGRAM - GOLD,Construction Trade,Heavy Equipment Operator,Y,0.67,ND,ND,ND,ND,ND
200045,TRANSPORT TRAINING CENTRES OF CANADA INC.,102082,"TRANSPORT TRAINING CENTRES OF CANADA INC., SAULT STE. MARIE",SAULT STE. MARIE,P6A5K7,HEAVY EQUIPMENT PROGRAM - PLATINUM,Construction Trade,Heavy Equipment Operator,Y,SS,ND,ND,ND,ND,ND
200045,TRANSPORT TRAINING CENTRES OF CANADA INC.,102082,"TRANSPORT TRAINING CENTRES OF CANADA INC., SAULT STE. MARIE",SAULT STE. MARIE,P6A5K7,HEAVY EQUIPMENT PROGRAM - SILVER,Construction Trade,Heavy Equipment Operator,Y,SS,ND,ND,ND,ND,ND
200045,TRANSPORT TRAINING CENTRES OF CANADA INC.,102082,"TRANSPORT TRAINING CENTRES OF CANADA INC., SAULT STE. MARIE",SAULT STE. MARIE,P6A5K7,STRAIGHT TRUCK PROGRAM (DZ),Tractor-Trailer / Driver Licensing,DZ Class Truck Driver,Y,0.25,SS,SS,SS,ND,ND
200045,TRANSPORT TRAINING CENTRES OF CANADA INC.,102082,"TRANSPORT TRAINING CENTRES OF CANADA INC., SAULT STE. MARIE",SAULT STE. MARIE,P6A5K7,TRANSPORT TRAINING PROGRAM (AZ),Tractor-Trailer / Driver Licensing,AZ Class Truck Driver,Y,0.52,0.86,0.71,0.75,1.00,ND
200045,TRANSPORT TRAINING CENTRES OF CANADA INC.,102083,"TRANSPORT TRAINING CENTRES OF CANADA INC., BROCKVILLE",BROCKVILLE,K6V4W4,+,,,Y,0.53,1.00,0.50,0.50,1.00,ND
200045,TRANSPORT TRAINING CENTRES OF CANADA INC.,102083,"TRANSPORT TRAINING CENTRES OF CANADA INC., BROCKVILLE",BROCKVILLE,K6V4W4,CONSTRUCTION PROGRAM - BRONZE,Tractor-Trailer / Driver Licensing,AZ Class Truck Driver Combined,Y,SS,ND,ND,ND,ND,ND
200045,TRANSPORT TRAINING CENTRES OF CANADA INC.,102083,"TRANSPORT TRAINING CENTRES OF CANADA INC., BROCKVILLE",BROCKVILLE,K6V4W4,CONSTRUCTION PROGRAM - PLATINUM,Tractor-Trailer / Driver Licensing,AZ Class Truck Driver Combined,Y,SS,ND,ND,ND,ND,ND
200045,TRANSPORT TRAINING CENTRES OF CANADA INC.,102083,"TRANSPORT TRAINING CENTRES OF CANADA INC., BROCKVILLE",BROCKVILLE,K6V4W4,EXCAVATOR PROGRAM,Construction Trade,Heavy Equipment Operator,Y,SS,SS,SS,SS,1.00,ND
200045,TRANSPORT TRAINING CENTRES OF CANADA INC.,102083,"TRANSPORT TRAINING CENTRES OF CANADA INC., BROCKVILLE",BROCKVILLE,K6V4W4,HEAVY EQUIPMENT PROGRAM - PLATINUM,Construction Trade,Heavy Equipment Operator,Y,SS,ND,ND,ND,ND,ND
200045,TRANSPORT TRAINING CENTRES OF CANADA INC.,102083,"TRANSPORT TRAINING CENTRES OF CANADA INC., BROCKVILLE",BROCKVILLE,K6V4W4,STRAIGHT TRUCK PROGRAM (DZ),Tractor-Trailer / Driver Licensing,DZ Class Truck Driver,Y,SS,ND,ND,ND,ND,ND
200045,TRANSPORT TRAINING CENTRES OF CANADA INC.,102083,"TRANSPORT TRAINING CENTRES OF CANADA INC., BROCKVILLE",BROCKVILLE,K6V4W4,TRANSPORT TRAINING PROGRAM (AZ),Tractor-Trailer / Driver Licensing,AZ Class Truck Driver,Y,0.56,1.00,1.00,1.00,ND,ND
200045,TRANSPORT TRAINING CENTRES OF CANADA INC.,102212,"TRANSPORT TRAINING CENTRES OF CANADA INC., HAMILTON",HAMILTON,L8E3J6,+,,,Y,0.78,0.80,0.60,0.20,ND,ND
200045,TRANSPORT TRAINING CENTRES OF CANADA INC.,102212,"TRANSPORT TRAINING CENTRES OF CANADA INC., HAMILTON",HAMILTON,L8E3J6,CONSTRUCTION PROGRAM - BRONZE,Tractor-Trailer / Driver Licensing,AZ Class Truck Driver Combined,Y,SS,ND,ND,ND,ND,ND
200045,TRANSPORT TRAINING CENTRES OF CANADA INC.,102212,"TRANSPORT TRAINING CENTRES OF CANADA INC., HAMILTON",HAMILTON,L8E3J6,CONSTRUCTION PROGRAM - GOLD,Tractor-Trailer / Driver Licensing,AZ Class Truck Driver Combined,Y,SS,ND,ND,ND,ND,ND
200045,TRANSPORT TRAINING CENTRES OF CANADA INC.,102212,"TRANSPORT TRAINING CENTRES OF CANADA INC., HAMILTON",HAMILTON,L8E3J6,CONSTRUCTION PROGRAM - PLATINUM,Tractor-Trailer / Driver Licensing,AZ Class Truck Driver Combined,Y,SS,SS,SS,SS,ND,ND
200045,TRANSPORT TRAINING CENTRES OF CANADA INC.,102212,"TRANSPORT TRAINING CENTRES OF CANADA INC., HAMILTON",HAMILTON,L8E3J6,EXCAVATOR PROGRAM,Construction Trade,Heavy Equipment Operator,Y,SS,ND,ND,ND,ND,ND
200045,TRANSPORT TRAINING CENTRES OF CANADA INC.,102212,"TRANSPORT TRAINING CENTRES OF CANADA INC., HAMILTON",HAMILTON,L8E3J6,HEAVY EQUIPMENT PROGRAM - PLATINUM,Construction Trade,Heavy Equipment Operator,Y,SS,SS,SS,SS,ND,ND
200045,TRANSPORT TRAINING CENTRES OF CANADA INC.,102212,"TRANSPORT TRAINING CENTRES OF CANADA INC., HAMILTON",HAMILTON,L8E3J6,STRAIGHT TRUCK PROGRAM (DZ),Tractor-Trailer / Driver Licensing,DZ Class Truck Driver,Y,0.20,ND,ND,ND,ND,ND
200045,TRANSPORT TRAINING CENTRES OF CANADA INC.,102212,"TRANSPORT TRAINING CENTRES OF CANADA INC., HAMILTON",HAMILTON,L8E3J6,TRANSPORT TRAINING PROGRAM (AZ) (6 WEEKS)*,Tractor-Trailer / Driver Licensing,AZ Class Truck Driver,Y,1.00,See combined program results below,See combined program results below,See combined program results below,See combined program results below,ND
200045,TRANSPORT TRAINING CENTRES OF CANADA INC.,102212,"TRANSPORT TRAINING CENTRES OF CANADA INC., HAMILTON",HAMILTON,L8E3J6,TRANSPORT TRAINING PROGRAM (AZ) (8 WEEKS)*,Tractor-Trailer / Driver Licensing,AZ Class Truck Driver,Y,SS,See combined program results below,See combined program results below,See combined program results below,See combined program results below,ND
200045,TRANSPORT TRAINING CENTRES OF CANADA INC.,102212,"TRANSPORT TRAINING CENTRES OF CANADA INC., HAMILTON",HAMILTON,L8E3J6,TRANSPORT TRAINING PROGRAM (AZ) (COMBINED 6 WEEKS AND 8 WEEKS)**,Tractor-Trailer / Driver Licensing,AZ Class Truck Driver,Y,See program results above,0.67,0.67,0.00,ND,See program results above
200045,TRANSPORT TRAINING CENTRES OF CANADA INC.,102272,"TRANSPORT TRAINING CENTRES OF CANADA INC., WHITBY",OSHAWA,L1J2B4,+,,,Y,0.83,0.67,0.56,0.63,ND,ND
200045,TRANSPORT TRAINING CENTRES OF CANADA INC.,102272,"TRANSPORT TRAINING CENTRES OF CANADA INC., WHITBY",OSHAWA,L1J2B4,BULLDOZER PROGRAM,Construction Trade,Heavy Equipment Operator,Y,SS,ND,ND,ND,ND,ND
200045,TRANSPORT TRAINING CENTRES OF CANADA INC.,102272,"TRANSPORT TRAINING CENTRES OF CANADA INC., WHITBY",OSHAWA,L1J2B4,CONSTRUCTION PROGRAM - GOLD,Tractor-Trailer / Driver Licensing,AZ Class Truck Driver Combined,Y,SS,ND,ND,ND,ND,ND
200045,TRANSPORT TRAINING CENTRES OF CANADA INC.,102272,"TRANSPORT TRAINING CENTRES OF CANADA INC., WHITBY",OSHAWA,L1J2B4,CONSTRUCTION PROGRAM - PLATINUM,Tractor-Trailer / Driver Licensing,AZ Class Truck Driver Combined,Y,0.86,0.50,0.50,1.00,ND,ND
200045,TRANSPORT TRAINING CENTRES OF CANADA INC.,102272,"TRANSPORT TRAINING CENTRES OF CANADA INC., WHITBY",OSHAWA,L1J2B4,CONSTRUCTION PROGRAM - SILVER,Tractor-Trailer / Driver Licensing,AZ Class Truck Driver Combined,Y,SS,ND,ND,ND,ND,ND
200045,TRANSPORT TRAINING CENTRES OF CANADA INC.,102272,"TRANSPORT TRAINING CENTRES OF CANADA INC., WHITBY",OSHAWA,L1J2B4,EXCAVATOR PROGRAM,Construction Trade,Heavy Equipment Operator,Y,SS,SS,SS,SS,ND,ND
200045,TRANSPORT TRAINING CENTRES OF CANADA INC.,102272,"TRANSPORT TRAINING CENTRES OF CANADA INC., WHITBY",OSHAWA,L1J2B4,GRADER PROGRAM,Construction Trade,Heavy Equipment Operator,Y,SS,ND,ND,ND,ND,ND
200045,TRANSPORT TRAINING CENTRES OF CANADA INC.,102272,"TRANSPORT TRAINING CENTRES OF CANADA INC., WHITBY",OSHAWA,L1J2B4,HEAVY EQUIPMENT PROGRAM - BRONZE,Construction Trade,Heavy Equipment Operator,Y,SS,SS,SS,SS,ND,ND
200045,TRANSPORT TRAINING CENTRES OF CANADA INC.,102272,"TRANSPORT TRAINING CENTRES OF CANADA INC., WHITBY",OSHAWA,L1J2B4,HEAVY EQUIPMENT PROGRAM - GOLD,Construction Trade,Heavy Equipment Operator,Y,SS,SS,SS,SS,ND,ND
200045,TRANSPORT TRAINING CENTRES OF CANADA INC.,102272,"TRANSPORT TRAINING CENTRES OF CANADA INC., WHITBY",OSHAWA,L1J2B4,HEAVY EQUIPMENT PROGRAM - PLATINUM,Construction Trade,Heavy Equipment Operator,Y,SS,SS,SS,SS,ND,ND
200045,TRANSPORT TRAINING CENTRES OF CANADA INC.,102272,"TRANSPORT TRAINING CENTRES OF CANADA INC., WHITBY",OSHAWA,L1J2B4,HEAVY EQUIPMENT PROGRAM - SILVER,Construction Trade,Heavy Equipment Operator,Y,SS,SS,SS,SS,ND,ND
200045,TRANSPORT TRAINING CENTRES OF CANADA INC.,102272,"TRANSPORT TRAINING CENTRES OF CANADA INC., WHITBY",OSHAWA,L1J2B4,STRAIGHT TRUCK PROGRAM (DZ),Tractor-Trailer / Driver Licensing,DZ Class Truck Driver,Y,0.57,ND,ND,ND,ND,ND
200045,TRANSPORT TRAINING CENTRES OF CANADA INC.,102272,"TRANSPORT TRAINING CENTRES OF CANADA INC., WHITBY",OSHAWA,L1J2B4,TRANSPORT TRAINING PROGRAM (AZ),Tractor-Trailer / Driver Licensing,AZ Class Truck Driver,Y,0.83,1.00,0.50,0.50,ND,ND
200045,TRANSPORT TRAINING CENTRES OF CANADA INC.,102391,"TRANSPORT TRAINING CENTRES OF CANADA INC., CHATHAM",CHATHAM,N7M5W7,+,,,Y,0.93,0.88,0.88,0.46,1.00,ND
200045,TRANSPORT TRAINING CENTRES OF CANADA INC.,102391,"TRANSPORT TRAINING CENTRES OF CANADA INC., CHATHAM",CHATHAM,N7M5W7,CONSTRUCTION PROGRAM - PLATINUM,Tractor-Trailer / Driver Licensing,AZ Class Truck Driver Combined,Y,SS,ND,ND,ND,ND,ND
200045,TRANSPORT TRAINING CENTRES OF CANADA INC.,102391,"TRANSPORT TRAINING CENTRES OF CANADA INC., CHATHAM",CHATHAM,N7M5W7,EXCAVATOR PROGRAM,Construction Trade,Heavy Equipment Operator,Y,SS,ND,ND,ND,ND,ND
200045,TRANSPORT TRAINING CENTRES OF CANADA INC.,102391,"TRANSPORT TRAINING CENTRES OF CANADA INC., CHATHAM",CHATHAM,N7M5W7,HEAVY EQUIPMENT PROGRAM - PLATINUM,Construction Trade,Heavy Equipment Operator,Y,SS,ND,ND,SS,ND,ND
200045,TRANSPORT TRAINING CENTRES OF CANADA INC.,102391,"TRANSPORT TRAINING CENTRES OF CANADA INC., CHATHAM",CHATHAM,N7M5W7,STRAIGHT TRUCK PROGRAM (DZ),Tractor-Trailer / Driver Licensing,DZ Class Truck Driver,Y,0.83,ND,ND,ND,ND,ND
200045,TRANSPORT TRAINING CENTRES OF CANADA INC.,102391,"TRANSPORT TRAINING CENTRES OF CANADA INC., CHATHAM",CHATHAM,N7M5W7,TRANSPORT TRAINING PROGRAM (AZ),Tractor-Trailer / Driver Licensing,AZ Class Truck Driver,Y,1.00,0.88,0.88,0.50,1.00,ND
200045,TRANSPORT TRAINING CENTRES OF CANADA INC.,102482,"TRANSPORT TRAINING CENTRES OF CANADA INC., LONDON",LONDON,N6E1R6,+,,,Y,0.81,0.67,0.67,0.50,ND,ND
200045,TRANSPORT TRAINING CENTRES OF CANADA INC.,102482,"TRANSPORT TRAINING CENTRES OF CANADA INC., LONDON",LONDON,N6E1R6,CONSTRUCTION PROGRAM - GOLD,Tractor-Trailer / Driver Licensing,AZ Class Truck Driver Combined,Y,SS,SS,SS,ND,ND,ND
200045,TRANSPORT TRAINING CENTRES OF CANADA INC.,102482,"TRANSPORT TRAINING CENTRES OF CANADA INC., LONDON",LONDON,N6E1R6,CONSTRUCTION PROGRAM - SILVER,Tractor-Trailer / Driver Licensing,AZ Class Truck Driver Combined,Y,SS,SS,SS,SS,ND,ND
200045,TRANSPORT TRAINING CENTRES OF CANADA INC.,102482,"TRANSPORT TRAINING CENTRES OF CANADA INC., LONDON",LONDON,N6E1R6,EXCAVATOR PROGRAM,Construction Trade,Heavy Equipment Operator,Y,SS,ND,ND,ND,ND,ND
200045,TRANSPORT TRAINING CENTRES OF CANADA INC.,102482,"TRANSPORT TRAINING CENTRES OF CANADA INC., LONDON",LONDON,N6E1R6,HEAVY EQUIPMENT PROGRAM - BRONZE,Construction Trade,Heavy Equipment Operator,Y,SS,ND,ND,ND,ND,ND
200045,TRANSPORT TRAINING CENTRES OF CANADA INC.,102482,"TRANSPORT TRAINING CENTRES OF CANADA INC., LONDON",LONDON,N6E1R6,HEAVY EQUIPMENT PROGRAM - PLATINUM,Construction Trade,Heavy Equipment Operator,Y,SS,SS,SS,SS,ND,ND
200045,TRANSPORT TRAINING CENTRES OF CANADA INC.,102482,"TRANSPORT TRAINING CENTRES OF CANADA INC., LONDON",LONDON,N6E1R6,STRAIGHT TRUCK PROGRAM (DZ),Tractor-Trailer / Driver Licensing,DZ Class Truck Driver,Y,0.40,ND,ND,ND,ND,ND
200045,TRANSPORT TRAINING CENTRES OF CANADA INC.,102482,"TRANSPORT TRAINING CENTRES OF CANADA INC., LONDON",LONDON,N6E1R6,TRANSPORT TRAINING PROGRAM (AZ),Tractor-Trailer / Driver Licensing,AZ Class Truck Driver,Y,0.83,1.00,1.00,0.50,ND,ND
200045,TRANSPORT TRAINING CENTRES OF CANADA INC.,102490,"TRANSPORT TRAINING CENTRES OF CANADA INC., WINDSOR",WINDSOR,N8N2M1,+,,,Y,0.81,0.75,0.63,0.63,ND,ND
200045,TRANSPORT TRAINING CENTRES OF CANADA INC.,102490,"TRANSPORT TRAINING CENTRES OF CANADA INC., WINDSOR",WINDSOR,N8N2M1,AZ & BACKHOE PROGRAM,Tractor-Trailer / Driver Licensing,AZ Class Truck Driver Combined,Y,SS,ND,ND,ND,ND,ND
200045,TRANSPORT TRAINING CENTRES OF CANADA INC.,102490,"TRANSPORT TRAINING CENTRES OF CANADA INC., WINDSOR",WINDSOR,N8N2M1,BACKHOE PROGRAM,Construction Trade,Heavy Equipment Operator,Y,SS,ND,ND,ND,ND,ND
200045,TRANSPORT TRAINING CENTRES OF CANADA INC.,102490,"TRANSPORT TRAINING CENTRES OF CANADA INC., WINDSOR",WINDSOR,N8N2M1,CONSTRUCTION PROGRAM - PLATINUM,Tractor-Trailer / Driver Licensing,AZ Class Truck Driver Combined,Y,0.71,0.50,0.50,0.50,ND,ND
200045,TRANSPORT TRAINING CENTRES OF CANADA INC.,102490,"TRANSPORT TRAINING CENTRES OF CANADA INC., WINDSOR",WINDSOR,N8N2M1,CONSTRUCTION PROGRAM - SILVER,Tractor-Trailer / Driver Licensing,AZ Class Truck Driver Combined,Y,SS,ND,ND,ND,ND,ND
200045,TRANSPORT TRAINING CENTRES OF CANADA INC.,102490,"TRANSPORT TRAINING CENTRES OF CANADA INC., WINDSOR",WINDSOR,N8N2M1,HEAVY EQUIPMENT PROGRAM - PLATINUM,Construction Trade,Heavy Equipment Operator,Y,SS,SS,SS,SS,ND,ND
200045,TRANSPORT TRAINING CENTRES OF CANADA INC.,102490,"TRANSPORT TRAINING CENTRES OF CANADA INC., WINDSOR",WINDSOR,N8N2M1,STRAIGHT TRUCK PROGRAM (DZ),Tractor-Trailer / Driver Licensing,DZ Class Truck Driver,Y,0.67,SS,SS,SS,ND,ND
200045,TRANSPORT TRAINING CENTRES OF CANADA INC.,102490,"TRANSPORT TRAINING CENTRES OF CANADA INC., WINDSOR",WINDSOR,N8N2M1,TRANSPORT TRAINING PROGRAM (AZ),Tractor-Trailer / Driver Licensing,AZ Class Truck Driver,Y,1.00,1.00,0.75,0.75,ND,ND
200045,TRANSPORT TRAINING CENTRES OF CANADA INC.,102661,"TRANSPORT TRAINING CENTRES OF CANADA INC., KINGSTON",KINGSTON,K7P2W5,+,,,Y,0.58,0.43,0.29,0.25,ND,ND
200045,TRANSPORT TRAINING CENTRES OF CANADA INC.,102661,"TRANSPORT TRAINING CENTRES OF CANADA INC., KINGSTON",KINGSTON,K7P2W5,BULLDOZER PROGRAM,Construction Trade,Heavy Equipment Operator,Y,SS,SS,SS,SS,ND,ND
200045,TRANSPORT TRAINING CENTRES OF CANADA INC.,102661,"TRANSPORT TRAINING CENTRES OF CANADA INC., KINGSTON",KINGSTON,K7P2W5,CONSTRUCTION PROGRAM - GOLD,Tractor-Trailer / Driver Licensing,AZ Class Truck Driver Combined,Y,SS,SS,SS,SS,ND,ND
200045,TRANSPORT TRAINING CENTRES OF CANADA INC.,102661,"TRANSPORT TRAINING CENTRES OF CANADA INC., KINGSTON",KINGSTON,K7P2W5,CONSTRUCTION PROGRAM - PLATINUM,Tractor-Trailer / Driver Licensing,AZ Class Truck Driver Combined,Y,SS,ND,ND,ND,ND,ND
200045,TRANSPORT TRAINING CENTRES OF CANADA INC.,102661,"TRANSPORT TRAINING CENTRES OF CANADA INC., KINGSTON",KINGSTON,K7P2W5,GRADER PROGRAM,Construction Trade,Heavy Equipment Operator,Y,SS,ND,ND,ND,ND,ND
200045,TRANSPORT TRAINING CENTRES OF CANADA INC.,102661,"TRANSPORT TRAINING CENTRES OF CANADA INC., KINGSTON",KINGSTON,K7P2W5,HEAVY EQUIPMENT PROGRAM - BRONZE,Construction Trade,Heavy Equipment Operator,Y,SS,ND,ND,ND,ND,ND
200045,TRANSPORT TRAINING CENTRES OF CANADA INC.,102661,"TRANSPORT TRAINING CENTRES OF CANADA INC., KINGSTON",KINGSTON,K7P2W5,HEAVY EQUIPMENT PROGRAM - PLATINUM,Construction Trade,Heavy Equipment Operator,Y,SS,SS,SS,SS,ND,ND
200045,TRANSPORT TRAINING CENTRES OF CANADA INC.,102661,"TRANSPORT TRAINING CENTRES OF CANADA INC., KINGSTON",KINGSTON,K7P2W5,HEAVY EQUIPMENT PROGRAM - SILVER,Construction Trade,Heavy Equipment Operator,Y,SS,SS,SS,SS,ND,ND
200045,TRANSPORT TRAINING CENTRES OF CANADA INC.,102661,"TRANSPORT TRAINING CENTRES OF CANADA INC., KINGSTON",KINGSTON,K7P2W5,LOADER PROGRAM,Construction Trade,Heavy Equipment Operator,Y,SS,SS,SS,SS,ND,ND
200045,TRANSPORT TRAINING CENTRES OF CANADA INC.,102661,"TRANSPORT TRAINING CENTRES OF CANADA INC., KINGSTON",KINGSTON,K7P2W5,STRAIGHT TRUCK PROGRAM (DZ),Tractor-Trailer / Driver Licensing,DZ Class Truck Driver,Y,SS,SS,SS,SS,ND,ND
200045,TRANSPORT TRAINING CENTRES OF CANADA INC.,102661,"TRANSPORT TRAINING CENTRES OF CANADA INC., KINGSTON",KINGSTON,K7P2W5,TRANSPORT TRAINING PROGRAM (AZ),Tractor-Trailer / Driver Licensing,AZ Class Truck Driver,Y,0.40,ND,ND,ND,ND,ND
200045,TRANSPORT TRAINING CENTRES OF CANADA INC.,102824,"TRANSPORT TRAINING CENTRES OF CANADA INC., CAMBRIDGE",CAMBRIDGE,N1R8B5,+,,,Y,0.54,0.75,0.75,0.71,1.00,ND
200045,TRANSPORT TRAINING CENTRES OF CANADA INC.,102824,"TRANSPORT TRAINING CENTRES OF CANADA INC., CAMBRIDGE",CAMBRIDGE,N1R8B5,BACKHOE PROGRAM,Construction Trade,Heavy Equipment Operator,Y,SS,ND,ND,ND,ND,ND
200045,TRANSPORT TRAINING CENTRES OF CANADA INC.,102824,"TRANSPORT TRAINING CENTRES OF CANADA INC., CAMBRIDGE",CAMBRIDGE,N1R8B5,CONSTRUCTION PROGRAM - PLATINUM,Tractor-Trailer / Driver Licensing,AZ Class Truck Driver Combined,Y,SS,ND,ND,ND,ND,ND
200045,TRANSPORT TRAINING CENTRES OF CANADA INC.,102824,"TRANSPORT TRAINING CENTRES OF CANADA INC., CAMBRIDGE",CAMBRIDGE,N1R8B5,EXCAVATOR PROGRAM,Construction Trade,Heavy Equipment Operator,Y,SS,ND,ND,ND,ND,ND
200045,TRANSPORT TRAINING CENTRES OF CANADA INC.,102824,"TRANSPORT TRAINING CENTRES OF CANADA INC., CAMBRIDGE",CAMBRIDGE,N1R8B5,HEAVY EQUIPMENT PROGRAM - BRONZE,Construction Trade,Heavy Equipment Operator,Y,SS,SS,SS,ND,ND,ND
200045,TRANSPORT TRAINING CENTRES OF CANADA INC.,102824,"TRANSPORT TRAINING CENTRES OF CANADA INC., CAMBRIDGE",CAMBRIDGE,N1R8B5,HEAVY EQUIPMENT PROGRAM - PLATINUM,Construction Trade,Heavy Equipment Operator,Y,SS,SS,SS,SS,ND,ND
200045,TRANSPORT TRAINING CENTRES OF CANADA INC.,102824,"TRANSPORT TRAINING CENTRES OF CANADA INC., CAMBRIDGE",CAMBRIDGE,N1R8B5,HEAVY EQUIPMENT PROGRAM - SILVER,Construction Trade,Heavy Equipment Operator,Y,0.80,SS,SS,SS,1.00,ND
200045,TRANSPORT TRAINING CENTRES OF CANADA INC.,102824,"TRANSPORT TRAINING CENTRES OF CANADA INC., CAMBRIDGE",CAMBRIDGE,N1R8B5,STRAIGHT TRUCK PROGRAM (DZ),Tractor-Trailer / Driver Licensing,DZ Class Truck Driver,Y,0.13,SS,SS,SS,ND,ND
200045,TRANSPORT TRAINING CENTRES OF CANADA INC.,102824,"TRANSPORT TRAINING CENTRES OF CANADA INC., CAMBRIDGE",CAMBRIDGE,N1R8B5,TRANSPORT TRAINING PROGRAM (AZ),Tractor-Trailer / Driver Licensing,AZ Class Truck Driver,Y,0.56,1.00,1.00,0.50,ND,ND
200045,TRANSPORT TRAINING CENTRES OF CANADA INC.,102938,"TRANSPORT TRAINING CENTRES OF CANADA INC., NIAGARA-ON-THE-LAKE",NIAGARA-ON-THE-LAKE,L0S1J0,+,,,Y,0.83,0.73,0.50,0.57,ND,ND
200045,TRANSPORT TRAINING CENTRES OF CANADA INC.,102938,"TRANSPORT TRAINING CENTRES OF CANADA INC., NIAGARA-ON-THE-LAKE",NIAGARA-ON-THE-LAKE,L0S1J0,AZ & EXCAVATOR PROGRAM,Tractor-Trailer / Driver Licensing,AZ Class Truck Driver Combined,Y,SS,SS,SS,SS,ND,ND
200045,TRANSPORT TRAINING CENTRES OF CANADA INC.,102938,"TRANSPORT TRAINING CENTRES OF CANADA INC., NIAGARA-ON-THE-LAKE",NIAGARA-ON-THE-LAKE,L0S1J0,BACKHOE PROGRAM,Construction Trade,Heavy Equipment Operator,Y,SS,SS,SS,SS,ND,ND
200045,TRANSPORT TRAINING CENTRES OF CANADA INC.,102938,"TRANSPORT TRAINING CENTRES OF CANADA INC., NIAGARA-ON-THE-LAKE",NIAGARA-ON-THE-LAKE,L0S1J0,BULLDOZER PROGRAM,Construction Trade,Heavy Equipment Operator,Y,SS,ND,ND,ND,ND,ND
200045,TRANSPORT TRAINING CENTRES OF CANADA INC.,102938,"TRANSPORT TRAINING CENTRES OF CANADA INC., NIAGARA-ON-THE-LAKE",NIAGARA-ON-THE-LAKE,L0S1J0,CONSTRUCTION PROGRAM - GOLD,Tractor-Trailer / Driver Licensing,AZ Class Truck Driver Combined,Y,SS,ND,ND,ND,ND,ND
200045,TRANSPORT TRAINING CENTRES OF CANADA INC.,102938,"TRANSPORT TRAINING CENTRES OF CANADA INC., NIAGARA-ON-THE-LAKE",NIAGARA-ON-THE-LAKE,L0S1J0,CONSTRUCTION PROGRAM - PLATINUM,Tractor-Trailer / Driver Licensing,AZ Class Truck Driver Combined,Y,SS,SS,SS,SS,ND,ND
200045,TRANSPORT TRAINING CENTRES OF CANADA INC.,102938,"TRANSPORT TRAINING CENTRES OF CANADA INC., NIAGARA-ON-THE-LAKE",NIAGARA-ON-THE-LAKE,L0S1J0,CONSTRUCTION PROGRAM - SILVER,Tractor-Trailer / Driver Licensing,AZ Class Truck Driver Combined,Y,SS,SS,SS,SS,ND,ND
200045,TRANSPORT TRAINING CENTRES OF CANADA INC.,102938,"TRANSPORT TRAINING CENTRES OF CANADA INC., NIAGARA-ON-THE-LAKE",NIAGARA-ON-THE-LAKE,L0S1J0,EXCAVATOR PROGRAM,Construction Trade,Heavy Equipment Operator,Y,SS,SS,SS,SS,ND,ND
200045,TRANSPORT TRAINING CENTRES OF CANADA INC.,102938,"TRANSPORT TRAINING CENTRES OF CANADA INC., NIAGARA-ON-THE-LAKE",NIAGARA-ON-THE-LAKE,L0S1J0,HEAVY EQUIPMENT PROGRAM - BRONZE,Construction Trade,Heavy Equipment Operator,Y,SS,ND,ND,ND,ND,ND
200045,TRANSPORT TRAINING CENTRES OF CANADA INC.,102938,"TRANSPORT TRAINING CENTRES OF CANADA INC., NIAGARA-ON-THE-LAKE",NIAGARA-ON-THE-LAKE,L0S1J0,HEAVY EQUIPMENT PROGRAM - PLATINUM,Construction Trade,Heavy Equipment Operator,Y,SS,SS,SS,SS,ND,ND
200045,TRANSPORT TRAINING CENTRES OF CANADA INC.,102938,"TRANSPORT TRAINING CENTRES OF CANADA INC., NIAGARA-ON-THE-LAKE",NIAGARA-ON-THE-LAKE,L0S1J0,HEAVY EQUIPMENT PROGRAM - SILVER,Construction Trade,Heavy Equipment Operator,Y,0.83,0.50,0.50,0.50,ND,ND
200045,TRANSPORT TRAINING CENTRES OF CANADA INC.,102938,"TRANSPORT TRAINING CENTRES OF CANADA INC., NIAGARA-ON-THE-LAKE",NIAGARA-ON-THE-LAKE,L0S1J0,LOADER PROGRAM,Construction Trade,Heavy Equipment Operator,Y,SS,ND,ND,ND,ND,ND
200045,TRANSPORT TRAINING CENTRES OF CANADA INC.,102938,"TRANSPORT TRAINING CENTRES OF CANADA INC., NIAGARA-ON-THE-LAKE",NIAGARA-ON-THE-LAKE,L0S1J0,STRAIGHT TRUCK PROGRAM (DZ),Tractor-Trailer / Driver Licensing,DZ Class Truck Driver,Y,0.43,SS,SS,SS,ND,ND
200045,TRANSPORT TRAINING CENTRES OF CANADA INC.,102938,"TRANSPORT TRAINING CENTRES OF CANADA INC., NIAGARA-ON-THE-LAKE",NIAGARA-ON-THE-LAKE,L0S1J0,TRANSPORT TRAINING PROGRAM (AZ) (6 WEEKS)*,Tractor-Trailer / Driver Licensing,AZ Class Truck Driver,Y,0.89,See combined program results below,See combined program results below,See combined program results below,See combined program results below,ND
200045,TRANSPORT TRAINING CENTRES OF CANADA INC.,102938,"TRANSPORT TRAINING CENTRES OF CANADA INC., NIAGARA-ON-THE-LAKE",NIAGARA-ON-THE-LAKE,L0S1J0,TRANSPORT TRAINING PROGRAM (AZ) (8 WEEKS)*,Tractor-Trailer / Driver Licensing,AZ Class Truck Driver,Y,SS,See combined program results below,See combined program results below,See combined program results below,See combined program results below,ND
200045,TRANSPORT TRAINING CENTRES OF CANADA INC.,102938,"TRANSPORT TRAINING CENTRES OF CANADA INC., NIAGARA-ON-THE-LAKE",NIAGARA-ON-THE-LAKE,L0S1J0,TRANSPORT TRAINING PROGRAM (AZ) (COMBINED 6 WEEKS AND 8 WEEKS)**,Tractor-Trailer / Driver Licensing,AZ Class Truck Driver,Y,See program results above,0.75,0.63,0.75,ND,See program results above
200045,TRANSPORT TRAINING CENTRES OF CANADA INC.,103167,"TRANSPORT TRAINING CENTRES OF CANADA INC., THUNDER BAY",THUNDER BAY,P7E3R2,+,,,Y,0.45,1.00,0.57,0.71,ND,ND
200045,TRANSPORT TRAINING CENTRES OF CANADA INC.,103167,"TRANSPORT TRAINING CENTRES OF CANADA INC., THUNDER BAY",THUNDER BAY,P7E3R2,CONSTRUCTION PROGRAM - PLATINUM,Tractor-Trailer / Driver Licensing,AZ Class Truck Driver Combined,Y,SS,ND,ND,ND,ND,ND
200045,TRANSPORT TRAINING CENTRES OF CANADA INC.,103167,"TRANSPORT TRAINING CENTRES OF CANADA INC., THUNDER BAY",THUNDER BAY,P7E3R2,HEAVY EQUIPMENT PROGRAM - BRONZE,Construction Trade,Heavy Equipment Operator,Y,SS,ND,ND,ND,ND,ND
200045,TRANSPORT TRAINING CENTRES OF CANADA INC.,103167,"TRANSPORT TRAINING CENTRES OF CANADA INC., THUNDER BAY",THUNDER BAY,P7E3R2,HEAVY EQUIPMENT PROGRAM - GOLD,Construction Trade,Heavy Equipment Operator,Y,SS,ND,ND,ND,ND,ND
200045,TRANSPORT TRAINING CENTRES OF CANADA INC.,103167,"TRANSPORT TRAINING CENTRES OF CANADA INC., THUNDER BAY",THUNDER BAY,P7E3R2,HEAVY EQUIPMENT PROGRAM - PLATINUM,Construction Trade,Heavy Equipment Operator,Y,0.80,ND,ND,ND,ND,ND
200045,TRANSPORT TRAINING CENTRES OF CANADA INC.,103167,"TRANSPORT TRAINING CENTRES OF CANADA INC., THUNDER BAY",THUNDER BAY,P7E3R2,HEAVY EQUIPMENT PROGRAM - SILVER,Construction Trade,Heavy Equipment Operator,Y,1.00,1.00,0.50,1.00,ND,ND
200045,TRANSPORT TRAINING CENTRES OF CANADA INC.,103167,"TRANSPORT TRAINING CENTRES OF CANADA INC., THUNDER BAY",THUNDER BAY,P7E3R2,STRAIGHT TRUCK PROGRAM (DZ),Tractor-Trailer / Driver Licensing,DZ Class Truck Driver,Y,0.19,SS,SS,SS,ND,ND
200045,TRANSPORT TRAINING CENTRES OF CANADA INC.,103167,"TRANSPORT TRAINING CENTRES OF CANADA INC., THUNDER BAY",THUNDER BAY,P7E3R2,TRANSPORT TRAINING PROGRAM (AZ),Tractor-Trailer / Driver Licensing,AZ Class Truck Driver,Y,0.40,1.00,0.50,0.50,ND,ND
200045,TRANSPORT TRAINING CENTRES OF CANADA INC.,205085,"TRANSPORT TRAINING CENTRES OF CANADA INC., OTTAWA WEST",CARP,K0A1L0,+,,,Y,0.71,1.00,1.00,0.67,ND,ND
200045,TRANSPORT TRAINING CENTRES OF CANADA INC.,205085,"TRANSPORT TRAINING CENTRES OF CANADA INC., OTTAWA WEST",CARP,K0A1L0,TRANSPORT TRAINING PROGRAM (AZ),Tractor-Trailer / Driver Licensing,AZ Class Truck Driver,Y,0.71,1.00,1.00,0.67,ND,ND
200045,TRANSPORT TRAINING CENTRES OF CANADA INC.,205199,"TRANSPORT TRAINING CENTRES OF CANADA INC., TIMMINS",TIMMINS,P4N0E4,+,,,Y,0.67,1.00,1.00,1.00,ND,ND
200045,TRANSPORT TRAINING CENTRES OF CANADA INC.,205199,"TRANSPORT TRAINING CENTRES OF CANADA INC., TIMMINS",TIMMINS,P4N0E4,STRAIGHT TRUCK PROGRAM (DZ),Tractor-Trailer / Driver Licensing,DZ Class Truck Driver,Y,SS,ND,ND,ND,ND,ND
200045,TRANSPORT TRAINING CENTRES OF CANADA INC.,205199,"TRANSPORT TRAINING CENTRES OF CANADA INC., TIMMINS",TIMMINS,P4N0E4,TRANSPORT TRAINING PROGRAM (AZ),Tractor-Trailer / Driver Licensing,AZ Class Truck Driver,Y,1.00,1.00,1.00,1.00,ND,ND
200047,907687 ONTARIO INC.,+,+,,,+,,,Y,0.50,0.86,0.57,0.91,1.00,ND
200047,907687 ONTARIO INC.,101217,"INTERNATIONAL INSTITUTE OF TRAVEL & BUSINESS, TORONTO",TORONTO,M5A4K2,+,,,Y,0.50,0.86,0.57,0.91,1.00,ND
200047,907687 ONTARIO INC.,101217,"INTERNATIONAL INSTITUTE OF TRAVEL & BUSINESS, TORONTO",TORONTO,M5A4K2,BUSINESS ADMINISTRATION,Business,Business Administration,Y,0.46,0.83,0.50,1.00,1.00,ND
200047,907687 ONTARIO INC.,101217,"INTERNATIONAL INSTITUTE OF TRAVEL & BUSINESS, TORONTO",TORONTO,M5A4K2,BUSINESS MANAGEMENT DIPLOMA,Business,Business Administration,Y,ND,ND,ND,ND,ND,ND
200047,907687 ONTARIO INC.,101217,"INTERNATIONAL INSTITUTE OF TRAVEL & BUSINESS, TORONTO",TORONTO,M5A4K2,FLIGHT ATTENDANT DIPLOMA PROGRAM - PART-TIME,Services,Other - Services,Y,0.63,ND,ND,0.50,ND,ND
200047,907687 ONTARIO INC.,101217,"INTERNATIONAL INSTITUTE OF TRAVEL & BUSINESS, TORONTO",TORONTO,M5A4K2,HOSPITALITY DIPLOMA,Business,Hospitality Administration/Management,Y,0.67,ND,ND,ND,ND,ND
200047,907687 ONTARIO INC.,101217,"INTERNATIONAL INSTITUTE OF TRAVEL & BUSINESS, TORONTO",TORONTO,M5A4K2,HOTEL MANAGEMENT DIPLOMA,Business,Business Administration,Y,SS,SS,SS,SS,ND,ND
200047,907687 ONTARIO INC.,101217,"INTERNATIONAL INSTITUTE OF TRAVEL & BUSINESS, TORONTO",TORONTO,M5A4K2,INTERNATIONAL TRAVEL & TOURISM DIPLOMA,Services,Travel and Tourism,Y,SS,ND,ND,ND,ND,ND
200047,907687 ONTARIO INC.,101217,"INTERNATIONAL INSTITUTE OF TRAVEL & BUSINESS, TORONTO",TORONTO,M5A4K2,INTERNATIONAL TRAVEL AND TOURISM DIPLOMA,Services,Travel and Tourism,Y,SS,ND,ND,ND,ND,ND
200047,907687 ONTARIO INC.,101217,"INTERNATIONAL INSTITUTE OF TRAVEL & BUSINESS, TORONTO",TORONTO,M5A4K2,TRAVEL & TOURISM DIPLOMA,Services,Travel and Tourism,Y,0.53,ND,ND,1.00,ND,ND
200047,907687 ONTARIO INC.,101217,"INTERNATIONAL INSTITUTE OF TRAVEL & BUSINESS, TORONTO",TORONTO,M5A4K2,TRAVEL AND TOURISM DIPLOMA PROGRAM - DISTANCE EDUCATION,Services,Travel and Tourism,Y,ND,ND,ND,ND,ND,ND
200052,1698327 ONTARIO INC.,+,+,,,+,,,Y,0.81,1.00,1.00,0.50,ND,ND
200052,1698327 ONTARIO INC.,101226,"NU-WAVE SCHOOL OF HAIR DESIGN, THUNDER BAY",THUNDER BAY,P7C1C5,+,,,Y,0.81,1.00,1.00,0.50,ND,ND
200052,1698327 ONTARIO INC.,101226,"NU-WAVE SCHOOL OF HAIR DESIGN, THUNDER BAY",THUNDER BAY,P7C1C5,HAIRSTYLING,Service Trade,Hairstylist,Y,0.81,1.00,1.00,0.50,ND,ND
200058,S.T. EDUCATIONAL COMPUTER SERVICES LTD.,+,+,,,+,,,Y,0.87,0.85,0.82,0.88,1.00,ND
200058,S.T. EDUCATIONAL COMPUTER SERVICES LTD.,101237,"APLUS INSTITUTE, TORONTO",TORONTO,M2N6K1,+,,,Y,0.87,0.85,0.82,0.88,1.00,0.00
200058,S.T. EDUCATIONAL COMPUTER SERVICES LTD.,101237,"APLUS INSTITUTE, TORONTO",TORONTO,M2N6K1,DENTAL HYGIENE,Health Services,Dental Hygienist,Y,0.87,0.85,0.82,0.88,1.00,ND
200065,HELENE ADAMS,+,+,,,+,,,Y,0.68,0.88,0.63,0.56,ND,ND
200065,HELENE ADAMS,101253,"ELEGANCE COLLEGE OF HEALTHCARE SERVICES AND COSMETOLOGY, CORNWALL",CORNWALL,K6K1K6,+,,,Y,0.68,0.88,0.63,0.56,ND,0.18
200065,HELENE ADAMS,101253,"ELEGANCE COLLEGE OF HEALTHCARE SERVICES AND COSMETOLOGY, CORNWALL",CORNWALL,K6K1K6,ESTHETICS,Human Services,Esthetics/Medical Esthetics,Y,0.58,0.88,0.75,0.63,ND,ND
200065,HELENE ADAMS,101253,"ELEGANCE COLLEGE OF HEALTHCARE SERVICES AND COSMETOLOGY, CORNWALL",CORNWALL,K6K1K6,HAIRSTYLING,Service Trade,Hairstylist,Y,0.77,0.75,0.50,0.75,ND,ND
200065,HELENE ADAMS,101253,"ELEGANCE COLLEGE OF HEALTHCARE SERVICES AND COSMETOLOGY, CORNWALL",CORNWALL,K6K1K6,MASSAGE THERAPY,Health Services,Massage Therapist,Y,0.67,1.00,0.50,0.25,ND,ND
200067,ROBETECH INSTITUTE INC.,+,+,,,+,,,Y,0.78,0.73,0.47,0.73,1.00,ND
200067,ROBETECH INSTITUTE INC.,101258,"ANDERSON COLLEGE OF HEALTH, BUSINESS AND TECHNOLOGY, BLOOR STREET",TORONTO,M5S2V6,+,,,Y,0.88,0.67,0.51,0.71,1.00,0.09
200067,ROBETECH INSTITUTE INC.,101258,"ANDERSON COLLEGE OF HEALTH, BUSINESS AND TECHNOLOGY, BLOOR STREET",TORONTO,M5S2V6,BUSINESS ADMINISTRATION - CAPSTONE,Business,Business Administration,Y,SS,SS,SS,SS,ND,ND
200067,ROBETECH INSTITUTE INC.,101258,"ANDERSON COLLEGE OF HEALTH, BUSINESS AND TECHNOLOGY, BLOOR STREET",TORONTO,M5S2V6,BUSINESS ADMINISTRATION DIPLOMA,Business,Business Administration,Y,ND,SS,SS,SS,ND,ND
200067,ROBETECH INSTITUTE INC.,101258,"ANDERSON COLLEGE OF HEALTH, BUSINESS AND TECHNOLOGY, BLOOR STREET",TORONTO,M5S2V6,LAW CLERK,Law and Public Safety,Legal Office Administration,Y,1.00,0.67,0.33,1.00,ND,ND
200067,ROBETECH INSTITUTE INC.,101258,"ANDERSON COLLEGE OF HEALTH, BUSINESS AND TECHNOLOGY, BLOOR STREET",TORONTO,M5S2V6,MEDICAL ESTHETICIAN,Human Services,Esthetics/Medical Esthetics,Y,0.93,0.66,0.48,0.48,ND,ND
200067,ROBETECH INSTITUTE INC.,101258,"ANDERSON COLLEGE OF HEALTH, BUSINESS AND TECHNOLOGY, BLOOR STREET",TORONTO,M5S2V6,MEDICAL LABORATORY TECHNICIAN HYBRID,Health Services,Medical Laboratory Technician,Y,ND,0.56,0.44,0.60,ND,ND
200067,ROBETECH INSTITUTE INC.,101258,"ANDERSON COLLEGE OF HEALTH, BUSINESS AND TECHNOLOGY, BLOOR STREET",TORONTO,M5S2V6,MEDICAL LABORATORY TECHNICIAN,Health Services,Medical Laboratory Technician,Y,0.95,0.69,0.54,0.69,1.00,ND
200067,ROBETECH INSTITUTE INC.,101258,"ANDERSON COLLEGE OF HEALTH, BUSINESS AND TECHNOLOGY, BLOOR STREET",TORONTO,M5S2V6,MEDICAL OFFICE ADMINISTRATOR CAPSTONE,Health Services,Medical Office Administration/Management,Y,SS,SS,SS,SS,ND,ND
200067,ROBETECH INSTITUTE INC.,101258,"ANDERSON COLLEGE OF HEALTH, BUSINESS AND TECHNOLOGY, BLOOR STREET",TORONTO,M5S2V6,MEDICAL OFFICE ADMINISTRATOR,Health Services,Medical Office Administration/Management,Y,0.89,0.91,0.36,0.82,1.00,ND
200067,ROBETECH INSTITUTE INC.,101258,"ANDERSON COLLEGE OF HEALTH, BUSINESS AND TECHNOLOGY, BLOOR STREET",TORONTO,M5S2V6,OCCUPATIONAL HEALTH AND SAFETY,Services,Other - Services,Y,1.00,0.33,0.00,0.33,ND,ND
200067,ROBETECH INSTITUTE INC.,101258,"ANDERSON COLLEGE OF HEALTH, BUSINESS AND TECHNOLOGY, BLOOR STREET",TORONTO,M5S2V6,PERSONAL SUPPORT WORKER - HYBRID,Health Services,Personal Support Worker/Personal Attendant,Y,0.76,0.71,0.63,0.85,1.00,ND
200067,ROBETECH INSTITUTE INC.,101258,"ANDERSON COLLEGE OF HEALTH, BUSINESS AND TECHNOLOGY, BLOOR STREET",TORONTO,M5S2V6,PERSONAL SUPPORT WORKER,Health Services,Personal Support Worker/Personal Attendant,Y,0.95,ND,ND,ND,ND,ND
200067,ROBETECH INSTITUTE INC.,101258,"ANDERSON COLLEGE OF HEALTH, BUSINESS AND TECHNOLOGY, BLOOR STREET",TORONTO,M5S2V6,PHYSIOTHERAPIST AND OCCUPATIONAL THERAPY ASSISTANT,Health Services,Physiotherapy/Occupational Therapy,Y,0.91,0.42,0.33,0.64,ND,ND
200067,ROBETECH INSTITUTE INC.,101258,"ANDERSON COLLEGE OF HEALTH, BUSINESS AND TECHNOLOGY, BLOOR STREET",TORONTO,M5S2V6,SUPPLY CHAIN AND LOGISTICS,Business,Supply Chain Management and Logistics,Y,0.95,1.00,1.00,0.67,1.00,ND
200067,ROBETECH INSTITUTE INC.,159295,"ANDERSON COLLEGE OF HEALTH, BUSINESS AND TECHNOLOGY, YONGE STREET",TORONTO,M2M3V5,+,,,Y,0.71,0.75,0.45,0.75,1.00,0.04
200067,ROBETECH INSTITUTE INC.,159295,"ANDERSON COLLEGE OF HEALTH, BUSINESS AND TECHNOLOGY, YONGE STREET",TORONTO,M2M3V5,ADVANCED DIPLOMA IN CISCO AND RED HAT SYSTEM ADMINISTRATION,Computer and Information Technology,Information Technology,Y,0.55,0.40,0.00,0.17,ND,ND
200067,ROBETECH INSTITUTE INC.,159295,"ANDERSON COLLEGE OF HEALTH, BUSINESS AND TECHNOLOGY, YONGE STREET",TORONTO,M2M3V5,BUSINESS ADMINISTRATION - CAPSTONE,Business,Business Administration,Y,SS,SS,SS,SS,ND,ND
200067,ROBETECH INSTITUTE INC.,159295,"ANDERSON COLLEGE OF HEALTH, BUSINESS AND TECHNOLOGY, YONGE STREET",TORONTO,M2M3V5,BUSINESS ADMINISTRATION DIPLOMA,Business,Business Administration,Y,0.86,0.60,0.13,0.73,1.00,ND
200067,ROBETECH INSTITUTE INC.,159295,"ANDERSON COLLEGE OF HEALTH, BUSINESS AND TECHNOLOGY, YONGE STREET",TORONTO,M2M3V5,CARDIOLOGY TECHNOLOGY,Health Services,Other - Health Services,Y,0.83,1.00,1.00,1.00,1.00,ND
200067,ROBETECH INSTITUTE INC.,159295,"ANDERSON COLLEGE OF HEALTH, BUSINESS AND TECHNOLOGY, YONGE STREET",TORONTO,M2M3V5,DIAGNOSTIC MEDICAL SONOGRAPHER,Health Services,Medical Sonography/Ultrasound Technology,Y,ND,SS,SS,SS,ND,ND
200067,ROBETECH INSTITUTE INC.,159295,"ANDERSON COLLEGE OF HEALTH, BUSINESS AND TECHNOLOGY, YONGE STREET",TORONTO,M2M3V5,INTRA ORAL LEVEL I & II DENTAL ASSISTANT,Health Services,Office/Clerical/Administration - Dental/Medical,Y,0.73,0.87,0.76,0.82,1.00,ND
200067,ROBETECH INSTITUTE INC.,159295,"ANDERSON COLLEGE OF HEALTH, BUSINESS AND TECHNOLOGY, YONGE STREET",TORONTO,M2M3V5,MEDICAL LABORATORY TECHNICIAN,Health Services,Medical Laboratory Technician,Y,0.82,0.45,0.21,0.60,ND,ND
200067,ROBETECH INSTITUTE INC.,159295,"ANDERSON COLLEGE OF HEALTH, BUSINESS AND TECHNOLOGY, YONGE STREET",TORONTO,M2M3V5,MEDICAL OFFICE ADMINISTRATOR - CAPSTONE,Health Services,Medical Office Administration/Management,Y,0.38,0.89,0.06,0.83,ND,ND
200067,ROBETECH INSTITUTE INC.,159295,"ANDERSON COLLEGE OF HEALTH, BUSINESS AND TECHNOLOGY, YONGE STREET",TORONTO,M2M3V5,MEDICAL OFFICE ADMINISTRATOR,Health Services,Medical Office Administration/Management,Y,0.74,0.61,0.33,0.75,ND,ND
200067,ROBETECH INSTITUTE INC.,159295,"ANDERSON COLLEGE OF HEALTH, BUSINESS AND TECHNOLOGY, YONGE STREET",TORONTO,M2M3V5,OCCUPATIONAL HEALTH AND SAFETY ONLINE,Services,Other - Services,Y,ND,1.00,0.35,0.61,ND,ND
200067,ROBETECH INSTITUTE INC.,159295,"ANDERSON COLLEGE OF HEALTH, BUSINESS AND TECHNOLOGY, YONGE STREET",TORONTO,M2M3V5,OCCUPATIONAL HEALTH AND SAFETY,Services,Other - Services,Y,0.68,1.00,0.33,0.33,ND,ND
200067,ROBETECH INSTITUTE INC.,159295,"ANDERSON COLLEGE OF HEALTH, BUSINESS AND TECHNOLOGY, YONGE STREET",TORONTO,M2M3V5,PERSONAL SUPPORT WORKER - HYBRID,Health Services,Personal Support Worker/Personal Attendant,Y,0.46,0.84,0.65,0.93,ND,ND
200067,ROBETECH INSTITUTE INC.,159295,"ANDERSON COLLEGE OF HEALTH, BUSINESS AND TECHNOLOGY, YONGE STREET",TORONTO,M2M3V5,PERSONAL SUPPORT WORKER,Health Services,Personal Support Worker/Personal Attendant,Y,0.56,ND,ND,ND,ND,ND
200067,ROBETECH INSTITUTE INC.,159295,"ANDERSON COLLEGE OF HEALTH, BUSINESS AND TECHNOLOGY, YONGE STREET",TORONTO,M2M3V5,PHYSIOTHERAPIST AND OCCUPATIONAL THERAPY ASSISTANT,Health Services,Physiotherapy/Occupational Therapy,Y,0.73,0.83,0.50,0.71,ND,ND
200067,ROBETECH INSTITUTE INC.,159295,"ANDERSON COLLEGE OF HEALTH, BUSINESS AND TECHNOLOGY, YONGE STREET",TORONTO,M2M3V5,SUPPLY CHAIN AND LOGISTICS,Business,Supply Chain Management and Logistics,Y,0.69,0.77,0.41,0.64,1.00,ND
200072,CANADIAN BUSINESS SCHOOL INC.,+,+,,,+,,,Y,0.68,0.66,0.46,0.75,1.00,ND
200072,CANADIAN BUSINESS SCHOOL INC.,101267,"CANADIAN BUSINESS COLLEGE, SCARBOROUGH",TORONTO,M1P4X4,+,,,Y,0.59,0.72,0.65,0.86,1.00,0.12
200072,CANADIAN BUSINESS SCHOOL INC.,101267,"CANADIAN BUSINESS COLLEGE, SCARBOROUGH",TORONTO,M1P4X4,ACCOUNTING & PAYROLL ADMINISTRATOR,Business,Accounting,Y,0.60,0.71,0.57,1.00,ND,ND
200072,CANADIAN BUSINESS SCHOOL INC.,101267,"CANADIAN BUSINESS COLLEGE, SCARBOROUGH",TORONTO,M1P4X4,BUSINESS MANAGEMENT,Business,Business Administration,Y,0.90,0.60,0.60,0.83,1.00,ND
200072,CANADIAN BUSINESS SCHOOL INC.,101267,"CANADIAN BUSINESS COLLEGE, SCARBOROUGH",TORONTO,M1P4X4,COMMUNITY SERVICES WORKER,Community and Social Services,Community Services Worker,Y,0.62,0.71,0.57,0.86,1.00,ND
200072,CANADIAN BUSINESS SCHOOL INC.,101267,"CANADIAN BUSINESS COLLEGE, SCARBOROUGH",TORONTO,M1P4X4,EARLY CHILDCARE ASSISTANT,Human Services,Early Childhood Assistant,Y,0.65,0.86,0.86,1.00,1.00,ND
200072,CANADIAN BUSINESS SCHOOL INC.,101267,"CANADIAN BUSINESS COLLEGE, SCARBOROUGH",TORONTO,M1P4X4,MEDICAL & HEALTH ADMINISTRATION,Health Services,Medical Office Administration/Management,Y,0.64,0.67,0.67,1.00,ND,ND
200072,CANADIAN BUSINESS SCHOOL INC.,101267,"CANADIAN BUSINESS COLLEGE, SCARBOROUGH",TORONTO,M1P4X4,NACC PERSONAL SUPPORT WORKER DE 2022,Health Services,Personal Support Worker/Personal Attendant,Y,ND,SS,SS,SS,ND,ND
200072,CANADIAN BUSINESS SCHOOL INC.,101267,"CANADIAN BUSINESS COLLEGE, SCARBOROUGH",TORONTO,M1P4X4,PERSONAL SUPPORT WORKER,Health Services,Personal Support Worker/Personal Attendant,Y,0.44,0.67,0.58,0.67,1.00,ND
200072,CANADIAN BUSINESS SCHOOL INC.,101268,"CANADIAN BUSINESS COLLEGE, TORONTO",TORONTO,M4W3E2,+,,,Y,0.66,0.52,0.26,0.54,ND,0.13
200072,CANADIAN BUSINESS SCHOOL INC.,101268,"CANADIAN BUSINESS COLLEGE, TORONTO",TORONTO,M4W3E2,ACCOUNTING & PAYROLL ADMINISTRATOR,Business,Accounting,Y,0.67,ND,ND,ND,ND,ND
200072,CANADIAN BUSINESS SCHOOL INC.,101268,"CANADIAN BUSINESS COLLEGE, TORONTO",TORONTO,M4W3E2,ACCOUNTING ASSISTANT,Business,Accounting,Y,ND,ND,ND,ND,ND,ND
200072,CANADIAN BUSINESS SCHOOL INC.,101268,"CANADIAN BUSINESS COLLEGE, TORONTO",TORONTO,M4W3E2,ADVANCED DATABASE ADMINISTRATOR,Computer and Information Technology,Information Technology,Y,SS,SS,SS,SS,ND,ND
200072,CANADIAN BUSINESS SCHOOL INC.,101268,"CANADIAN BUSINESS COLLEGE, TORONTO",TORONTO,M4W3E2,BUSINESS MANAGEMENT,Business,Business Administration,Y,0.63,0.33,0.33,0.67,ND,ND
200072,CANADIAN BUSINESS SCHOOL INC.,101268,"CANADIAN BUSINESS COLLEGE, TORONTO",TORONTO,M4W3E2,COMMUNITY SERVICES WORKER,Community and Social Services,Community Services Worker,Y,0.56,0.33,0.33,0.67,ND,ND
200072,CANADIAN BUSINESS SCHOOL INC.,101268,"CANADIAN BUSINESS COLLEGE, TORONTO",TORONTO,M4W3E2,DIGITAL MEDIA WEB DESIGNER,Computer and Information Technology,Information Technology,Y,ND,ND,ND,ND,ND,ND
200072,CANADIAN BUSINESS SCHOOL INC.,101268,"CANADIAN BUSINESS COLLEGE, TORONTO",TORONTO,M4W3E2,LAW CLERK,Law and Public Safety,Paralegal,Y,0.38,SS,SS,SS,ND,ND
200072,CANADIAN BUSINESS SCHOOL INC.,101268,"CANADIAN BUSINESS COLLEGE, TORONTO",TORONTO,M4W3E2,MARKETING AND DIGITAL MEDIA,Business,Marketing/Advertising,Y,0.73,0.67,0.33,0.75,ND,ND
200072,CANADIAN BUSINESS SCHOOL INC.,101268,"CANADIAN BUSINESS COLLEGE, TORONTO",TORONTO,M4W3E2,MEDICAL & HEALTH ADMINISTRATION,Health Services,Medical Office Administration/Management,Y,0.50,SS,SS,SS,ND,ND
200072,CANADIAN BUSINESS SCHOOL INC.,101268,"CANADIAN BUSINESS COLLEGE, TORONTO",TORONTO,M4W3E2,NETWORK ENGINEER,Computer and Information Technology,Information Technology,Y,SS,SS,SS,SS,ND,ND
200072,CANADIAN BUSINESS SCHOOL INC.,101268,"CANADIAN BUSINESS COLLEGE, TORONTO",TORONTO,M4W3E2,POLICE FOUNDATIONS,Law and Public Safety,Law Enforcement/Police Foundations,Y,0.82,0.56,0.22,0.71,ND,ND
200072,CANADIAN BUSINESS SCHOOL INC.,101268,"CANADIAN BUSINESS COLLEGE, TORONTO",TORONTO,M4W3E2,SOFTWARE ENGINEERING,Computer and Information Technology,Information Technology,Y,SS,ND,ND,ND,ND,ND
200072,CANADIAN BUSINESS SCHOOL INC.,101268,"CANADIAN BUSINESS COLLEGE, TORONTO",TORONTO,M4W3E2,SUPPLY CHAIN MANAGEMENT AND LOGISTICS,Business,Supply Chain Management and Logistics,Y,SS,SS,SS,SS,ND,ND
200072,CANADIAN BUSINESS SCHOOL INC.,101303,"CANADIAN BUSINESS COLLEGE, MISSISSAUGA",MISSISSAUGA,L5B1M5,+,,,Y,0.78,0.68,0.40,0.76,ND,0.13
200072,CANADIAN BUSINESS SCHOOL INC.,101303,"CANADIAN BUSINESS COLLEGE, MISSISSAUGA",MISSISSAUGA,L5B1M5,ACCOUNTING & PAYROLL ADMINISTRATOR,Business,Accounting,Y,0.94,0.50,0.50,0.50,ND,ND
200072,CANADIAN BUSINESS SCHOOL INC.,101303,"CANADIAN BUSINESS COLLEGE, MISSISSAUGA",MISSISSAUGA,L5B1M5,ADVANCED DATABASE ADMINISTRATOR,Computer and Information Technology,Information Technology,Y,SS,SS,SS,SS,ND,ND
200072,CANADIAN BUSINESS SCHOOL INC.,101303,"CANADIAN BUSINESS COLLEGE, MISSISSAUGA",MISSISSAUGA,L5B1M5,BUSINESS MANAGEMENT,Business,Business Administration,Y,0.68,0.80,0.60,0.86,ND,ND
200072,CANADIAN BUSINESS SCHOOL INC.,101303,"CANADIAN BUSINESS COLLEGE, MISSISSAUGA",MISSISSAUGA,L5B1M5,COMMUNITY SERVICES WORKER,Community and Social Services,Community Services Worker,Y,0.68,0.67,0.33,0.67,ND,ND
200072,CANADIAN BUSINESS SCHOOL INC.,101303,"CANADIAN BUSINESS COLLEGE, MISSISSAUGA",MISSISSAUGA,L5B1M5,DIGITAL MEDIA WEB DESIGNER,Computer and Information Technology,Information Technology,Y,ND,SS,SS,SS,ND,ND
200072,CANADIAN BUSINESS SCHOOL INC.,101303,"CANADIAN BUSINESS COLLEGE, MISSISSAUGA",MISSISSAUGA,L5B1M5,EARLY CHILDCARE ASSISTANT,Human Services,Early Childhood Assistant,Y,0.67,1.00,0.00,1.00,ND,ND
200072,CANADIAN BUSINESS SCHOOL INC.,101303,"CANADIAN BUSINESS COLLEGE, MISSISSAUGA",MISSISSAUGA,L5B1M5,FULL STACK WEB APP DEVELOPMENT,Computer and Information Technology,Web Applications and Development,Y,0.86,0.50,0.00,0.63,ND,ND
200072,CANADIAN BUSINESS SCHOOL INC.,101303,"CANADIAN BUSINESS COLLEGE, MISSISSAUGA",MISSISSAUGA,L5B1M5,LAW CLERK,Law and Public Safety,Paralegal,Y,SS,SS,SS,SS,ND,ND
200072,CANADIAN BUSINESS SCHOOL INC.,101303,"CANADIAN BUSINESS COLLEGE, MISSISSAUGA",MISSISSAUGA,L5B1M5,MARKETING AND DIGITAL MEDIA,Business,Marketing/Advertising,Y,0.80,SS,SS,0.40,ND,ND
200072,CANADIAN BUSINESS SCHOOL INC.,101303,"CANADIAN BUSINESS COLLEGE, MISSISSAUGA",MISSISSAUGA,L5B1M5,MEDICAL & HEALTH ADMINISTRATION,Health Services,Medical Office Administration/Management,Y,0.50,SS,SS,SS,ND,ND
200072,CANADIAN BUSINESS SCHOOL INC.,101303,"CANADIAN BUSINESS COLLEGE, MISSISSAUGA",MISSISSAUGA,L5B1M5,NACC PERSONAL SUPPORT WORKER DE 2022,Health Services,Personal Support Worker/Personal Attendant,Y,ND,SS,SS,SS,ND,ND
200072,CANADIAN BUSINESS SCHOOL INC.,101303,"CANADIAN BUSINESS COLLEGE, MISSISSAUGA",MISSISSAUGA,L5B1M5,NETWORK ENGINEER,Computer and Information Technology,Information Technology,Y,ND,ND,ND,ND,ND,ND
200072,CANADIAN BUSINESS SCHOOL INC.,101303,"CANADIAN BUSINESS COLLEGE, MISSISSAUGA",MISSISSAUGA,L5B1M5,PERSONAL SUPPORT WORKER,Health Services,Personal Support Worker/Personal Attendant,Y,ND,1.00,1.00,1.00,ND,ND
200072,CANADIAN BUSINESS SCHOOL INC.,101303,"CANADIAN BUSINESS COLLEGE, MISSISSAUGA",MISSISSAUGA,L5B1M5,POLICE FOUNDATIONS,Law and Public Safety,Law Enforcement/Police Foundations,Y,0.75,0.60,0.00,1.00,ND,ND
200072,CANADIAN BUSINESS SCHOOL INC.,101303,"CANADIAN BUSINESS COLLEGE, MISSISSAUGA",MISSISSAUGA,L5B1M5,SOFTWARE ENGINEERING,Computer and Information Technology,Information Technology,Y,0.86,0.33,0.00,0.40,ND,ND
200072,CANADIAN BUSINESS SCHOOL INC.,101303,"CANADIAN BUSINESS COLLEGE, MISSISSAUGA",MISSISSAUGA,L5B1M5,SUPPLY CHAIN MANAGEMENT AND LOGISTICS,Business,Supply Chain Management and Logistics,Y,1.00,1.00,1.00,1.00,ND,ND
200075,1306050 ONTARIO LTD.,+,+,,,+,,,Y,0.67,0.68,0.35,0.83,1.00,ND
200075,1306050 ONTARIO LTD.,101273,"ACADEMY OF LEARNING CAREER AND BUSINESS COLLEGE, TORONTO/1123 ALBION RD.",TORONTO,M9V1A9,+,,,Y,0.67,0.68,0.35,0.83,1.00,0.06
200075,1306050 ONTARIO LTD.,101273,"ACADEMY OF LEARNING CAREER AND BUSINESS COLLEGE, TORONTO/1123 ALBION RD.",TORONTO,M9V1A9,A+ CERTIFICATION PREPARATION,Computer and Information Technology,Information Technology,Y,SS,SS,SS,SS,ND,ND
200075,1306050 ONTARIO LTD.,101273,"ACADEMY OF LEARNING CAREER AND BUSINESS COLLEGE, TORONTO/1123 ALBION RD.",TORONTO,M9V1A9,ACCOUNTING AND PAYROLL ADMINISTRATOR,Business,Accounting,Y,0.44,0.40,0.40,1.00,ND,ND
200075,1306050 ONTARIO LTD.,101273,"ACADEMY OF LEARNING CAREER AND BUSINESS COLLEGE, TORONTO/1123 ALBION RD.",TORONTO,M9V1A9,ADMINISTRATIVE ASSISTANT,Business,Office Administration,Y,SS,ND,ND,ND,ND,ND
200075,1306050 ONTARIO LTD.,101273,"ACADEMY OF LEARNING CAREER AND BUSINESS COLLEGE, TORONTO/1123 ALBION RD.",TORONTO,M9V1A9,BUSINESS ADMINISTRATION DIPLOMA,Business,Office Administration,Y,0.86,0.58,0.17,0.79,ND,ND
200075,1306050 ONTARIO LTD.,101273,"ACADEMY OF LEARNING CAREER AND BUSINESS COLLEGE, TORONTO/1123 ALBION RD.",TORONTO,M9V1A9,BUSINESS OFFICE ADMINISTRATION,Business,Business Administration,Y,SS,ND,ND,ND,ND,ND
200075,1306050 ONTARIO LTD.,101273,"ACADEMY OF LEARNING CAREER AND BUSINESS COLLEGE, TORONTO/1123 ALBION RD.",TORONTO,M9V1A9,COMMUNITY SERVICE WORKER,Community and Social Services,Community Services Worker,Y,ND,SS,SS,SS,ND,ND
200075,1306050 ONTARIO LTD.,101273,"ACADEMY OF LEARNING CAREER AND BUSINESS COLLEGE, TORONTO/1123 ALBION RD.",TORONTO,M9V1A9,COMPUTER SERVICE TECHNICIAN,Computer and Information Technology,Information Technology,Y,SS,SS,SS,SS,ND,ND
200075,1306050 ONTARIO LTD.,101273,"ACADEMY OF LEARNING CAREER AND BUSINESS COLLEGE, TORONTO/1123 ALBION RD.",TORONTO,M9V1A9,COMPUTERIZED ACCOUNTING,Business,Accounting,Y,ND,SS,SS,SS,ND,ND
200075,1306050 ONTARIO LTD.,101273,"ACADEMY OF LEARNING CAREER AND BUSINESS COLLEGE, TORONTO/1123 ALBION RD.",TORONTO,M9V1A9,CONFERENCE AND EVENT PLANNER,Business,Hospitality Administration/Management,Y,0.96,0.69,0.15,0.79,ND,ND
200075,1306050 ONTARIO LTD.,101273,"ACADEMY OF LEARNING CAREER AND BUSINESS COLLEGE, TORONTO/1123 ALBION RD.",TORONTO,M9V1A9,GRAPHIC DESIGNER,Business,Marketing/Advertising,Y,SS,ND,ND,ND,ND,ND
200075,1306050 ONTARIO LTD.,101273,"ACADEMY OF LEARNING CAREER AND BUSINESS COLLEGE, TORONTO/1123 ALBION RD.",TORONTO,M9V1A9,HOME INSPECTION DIPLOMA,Service Trade,Other- Service Trade,Y,0.83,0.60,0.40,0.91,ND,ND
200075,1306050 ONTARIO LTD.,101273,"ACADEMY OF LEARNING CAREER AND BUSINESS COLLEGE, TORONTO/1123 ALBION RD.",TORONTO,M9V1A9,INTERNATIONAL HOSPITALITY MANAGEMENT,Business,Hospitality Administration/Management,Y,SS,ND,ND,ND,ND,ND
200075,1306050 ONTARIO LTD.,101273,"ACADEMY OF LEARNING CAREER AND BUSINESS COLLEGE, TORONTO/1123 ALBION RD.",TORONTO,M9V1A9,IT SECURITY SPECIALIST,Service Trade,Electronic Service Technician,Y,SS,ND,ND,ND,ND,ND
200075,1306050 ONTARIO LTD.,101273,"ACADEMY OF LEARNING CAREER AND BUSINESS COLLEGE, TORONTO/1123 ALBION RD.",TORONTO,M9V1A9,MARKETING COORDINATOR,Services,Customer Service/Retail Sales,Y,SS,ND,ND,ND,ND,ND
200075,1306050 ONTARIO LTD.,101273,"ACADEMY OF LEARNING CAREER AND BUSINESS COLLEGE, TORONTO/1123 ALBION RD.",TORONTO,M9V1A9,MEDICAL OFFICE ASSISTANT WITH HEALTH UNIT COORDINATOR SPECIALTY,Health Services,Medical Office Administration/Management,Y,0.64,0.80,0.30,0.85,1.00,ND
200075,1306050 ONTARIO LTD.,101273,"ACADEMY OF LEARNING CAREER AND BUSINESS COLLEGE, TORONTO/1123 ALBION RD.",TORONTO,M9V1A9,MEDICAL OFFICE ASSISTANT,Health Services,Medical Office Administration/Management,Y,ND,SS,SS,SS,ND,ND
200075,1306050 ONTARIO LTD.,101273,"ACADEMY OF LEARNING CAREER AND BUSINESS COLLEGE, TORONTO/1123 ALBION RD.",TORONTO,M9V1A9,MEDICAL RECEPTIONIST,Health Services,Medical Office Administration/Management,Y,SS,ND,ND,ND,ND,ND
200075,1306050 ONTARIO LTD.,101273,"ACADEMY OF LEARNING CAREER AND BUSINESS COLLEGE, TORONTO/1123 ALBION RD.",TORONTO,M9V1A9,NETWORK ADMINISTRATOR,Computer and Information Technology,Information Technology,Y,SS,SS,SS,SS,ND,ND
200075,1306050 ONTARIO LTD.,101273,"ACADEMY OF LEARNING CAREER AND BUSINESS COLLEGE, TORONTO/1123 ALBION RD.",TORONTO,M9V1A9,PAYROLL AND ACCOUNTING,Business,Accounting,Y,SS,SS,SS,SS,ND,ND
200075,1306050 ONTARIO LTD.,101273,"ACADEMY OF LEARNING CAREER AND BUSINESS COLLEGE, TORONTO/1123 ALBION RD.",TORONTO,M9V1A9,PERSONAL SUPPORT WORKER,Health Services,Personal Support Worker/Personal Attendant,Y,0.61,0.68,0.50,0.82,1.00,ND
200075,1306050 ONTARIO LTD.,101273,"ACADEMY OF LEARNING CAREER AND BUSINESS COLLEGE, TORONTO/1123 ALBION RD.",TORONTO,M9V1A9,PROJECT ADMINISTRATION,Business,Business Administration,Y,SS,SS,SS,SS,ND,ND
200075,1306050 ONTARIO LTD.,101273,"ACADEMY OF LEARNING CAREER AND BUSINESS COLLEGE, TORONTO/1123 ALBION RD.",TORONTO,M9V1A9,WEB DESIGNER,Computer and Information Technology,Information Technology,Y,SS,SS,SS,SS,ND,ND
200079,TIFFANY SCHOOL OF ADVANCED AESTHETICS AND ELECTROLYSIS INC.,+,+,,,+,,,Y,0.86,ND,ND,ND,ND,ND
200079,TIFFANY SCHOOL OF ADVANCED AESTHETICS AND ELECTROLYSIS INC.,101280,"TIFFANY SCHOOL OF ADVANCED AESTHETICS AND ELECTROLYSIS, THORNHILL",TORONTO,M3J2K6,+,,,Y,0.86,ND,ND,ND,ND,ND
200079,TIFFANY SCHOOL OF ADVANCED AESTHETICS AND ELECTROLYSIS INC.,101280,"TIFFANY SCHOOL OF ADVANCED AESTHETICS AND ELECTROLYSIS, THORNHILL",TORONTO,M3J2K6,ADVANCED AESTHETICS,Human Services,Esthetics/Medical Esthetics,Y,SS,ND,ND,ND,ND,ND
200079,TIFFANY SCHOOL OF ADVANCED AESTHETICS AND ELECTROLYSIS INC.,101280,"TIFFANY SCHOOL OF ADVANCED AESTHETICS AND ELECTROLYSIS, THORNHILL",TORONTO,M3J2K6,ELECTROLYSIS,Human Services,Esthetics/Medical Esthetics,Y,SS,ND,ND,ND,ND,ND
200081,THE CULINARY ARTS SCHOOL OF ONTARIO LTD,+,+,,,+,,,Y,0.88,0.85,0.69,0.92,1.00,ND
200081,THE CULINARY ARTS SCHOOL OF ONTARIO LTD,101282,"CHEF SCHOOL, MISSISSAUGA",MISSISSAUGA,L4Z1T1,+,,,Y,0.88,0.85,0.69,0.92,1.00,ND
200081,THE CULINARY ARTS SCHOOL OF ONTARIO LTD,101282,"CHEF SCHOOL, MISSISSAUGA",MISSISSAUGA,L4Z1T1,PROFESSIONAL CHEF,Service Trade,Chef,Y,ND,ND,ND,ND,ND,ND
200081,THE CULINARY ARTS SCHOOL OF ONTARIO LTD,101282,"CHEF SCHOOL, MISSISSAUGA",MISSISSAUGA,L4Z1T1,SOUS CHEF,Service Trade,Chef,Y,0.88,0.85,0.69,0.92,1.00,ND
200082,KNOWLEDGE TRACK INC.,+,+,,,+,,,Y,1.00,0.60,0.50,0.77,ND,ND
200082,KNOWLEDGE TRACK INC.,101283,"ACADEMY OF LEARNING CAREER AND BUSINESS COLLEGE, OTTAWA",OTTAWA,K2G5J8,+,,,Y,1.00,0.60,0.50,0.77,ND,ND
200082,KNOWLEDGE TRACK INC.,101283,"ACADEMY OF LEARNING CAREER AND BUSINESS COLLEGE, OTTAWA",OTTAWA,K2G5J8,ADMINISTRATIVE ASSISTANT,Business,Office Administration,Y,SS,ND,ND,ND,ND,ND
200082,KNOWLEDGE TRACK INC.,101283,"ACADEMY OF LEARNING CAREER AND BUSINESS COLLEGE, OTTAWA",OTTAWA,K2G5J8,BUSINESS ACCOUNTING,Business,Accounting,Y,SS,ND,ND,ND,ND,ND
200082,KNOWLEDGE TRACK INC.,101283,"ACADEMY OF LEARNING CAREER AND BUSINESS COLLEGE, OTTAWA",OTTAWA,K2G5J8,BUSINESS ADMINISTRATION DIPLOMA,Business,Office Administration,Y,SS,SS,SS,SS,ND,ND
200082,KNOWLEDGE TRACK INC.,101283,"ACADEMY OF LEARNING CAREER AND BUSINESS COLLEGE, OTTAWA",OTTAWA,K2G5J8,BUSINESS OFFICE SKILLS,Business,Office Administration,Y,SS,SS,SS,SS,ND,ND
200082,KNOWLEDGE TRACK INC.,101283,"ACADEMY OF LEARNING CAREER AND BUSINESS COLLEGE, OTTAWA",OTTAWA,K2G5J8,COMMUNITY SERVICE WORKER VIRTUAL LEARNING,Community and Social Services,Community Services Worker,Y,SS,SS,SS,SS,ND,ND
200082,KNOWLEDGE TRACK INC.,101283,"ACADEMY OF LEARNING CAREER AND BUSINESS COLLEGE, OTTAWA",OTTAWA,K2G5J8,CONFERENCE AND EVENT PLANNER,Business,Hospitality Administration/Management,Y,SS,ND,ND,ND,ND,ND
200082,KNOWLEDGE TRACK INC.,101283,"ACADEMY OF LEARNING CAREER AND BUSINESS COLLEGE, OTTAWA",OTTAWA,K2G5J8,CUSTOMER SERVICE AND INFORMATION CLERK,Services,Customer Service/Retail Sales,Y,SS,ND,ND,ND,ND,ND
200082,KNOWLEDGE TRACK INC.,101283,"ACADEMY OF LEARNING CAREER AND BUSINESS COLLEGE, OTTAWA",OTTAWA,K2G5J8,MARKETING COORDINATOR,Services,Customer Service/Retail Sales,Y,ND,SS,SS,SS,ND,ND
200082,KNOWLEDGE TRACK INC.,101283,"ACADEMY OF LEARNING CAREER AND BUSINESS COLLEGE, OTTAWA",OTTAWA,K2G5J8,NETWORK ADMINISTRATOR,Computer and Information Technology,Information Technology,Y,SS,ND,ND,ND,ND,ND
200082,KNOWLEDGE TRACK INC.,101283,"ACADEMY OF LEARNING CAREER AND BUSINESS COLLEGE, OTTAWA",OTTAWA,K2G5J8,OFFICE ADMINISTRATION,Business,Office Administration,Y,SS,SS,SS,SS,ND,ND
200082,KNOWLEDGE TRACK INC.,101283,"ACADEMY OF LEARNING CAREER AND BUSINESS COLLEGE, OTTAWA",OTTAWA,K2G5J8,PC SUPPORT SPECIALIST,Computer and Information Technology,Information Technology,Y,SS,SS,SS,SS,ND,ND
200082,KNOWLEDGE TRACK INC.,101283,"ACADEMY OF LEARNING CAREER AND BUSINESS COLLEGE, OTTAWA",OTTAWA,K2G5J8,PROJECT ADMINISTRATION,Business,Project Administration/Management,Y,SS,SS,SS,SS,ND,ND
200082,KNOWLEDGE TRACK INC.,101283,"ACADEMY OF LEARNING CAREER AND BUSINESS COLLEGE, OTTAWA",OTTAWA,K2G5J8,WEB DESIGNER,Computer and Information Technology,Information Technology,Y,SS,SS,SS,SS,ND,ND
200089,KIM RICHARDSON TRANSPORTATION SPECIALISTS INC.,+,+,,,+,,,Y,0.56,1.00,0.88,0.89,ND,ND
200089,KIM RICHARDSON TRANSPORTATION SPECIALISTS INC.,101292,"KIM RICHARDSON TRANSPORTATION SPECIALISTS INC., CALEDONIA",CALEDONIA,N3W1B8,+,,,Y,0.56,1.00,0.88,0.89,ND,ND
200089,KIM RICHARDSON TRANSPORTATION SPECIALISTS INC.,101292,"KIM RICHARDSON TRANSPORTATION SPECIALISTS INC., CALEDONIA",CALEDONIA,N3W1B8,AZ PROGRAM,Tractor-Trailer / Driver Licensing,AZ Class Truck Driver,Y,0.58,1.00,1.00,0.75,ND,ND
200089,KIM RICHARDSON TRANSPORTATION SPECIALISTS INC.,101292,"KIM RICHARDSON TRANSPORTATION SPECIALISTS INC., CALEDONIA",CALEDONIA,N3W1B8,HEAVY EQUIPMENT OPERATOR,Construction Trade,Heavy Equipment Operator,Y,SS,ND,ND,ND,ND,ND
200089,KIM RICHARDSON TRANSPORTATION SPECIALISTS INC.,101292,"KIM RICHARDSON TRANSPORTATION SPECIALISTS INC., CALEDONIA",CALEDONIA,N3W1B8,TRACTOR-TRAILER MELT,Tractor-Trailer / Driver Licensing,A Class Truck Driver,Y,0.56,1.00,0.91,0.92,ND,ND
200089,KIM RICHARDSON TRANSPORTATION SPECIALISTS INC.,101292,"KIM RICHARDSON TRANSPORTATION SPECIALISTS INC., CALEDONIA",CALEDONIA,N3W1B8,TRANSPORTATION AND CONSTRUCTION PROGRAM,Tractor-Trailer / Driver Licensing,A Class Truck Driver Combined,Y,0.39,1.00,0.50,1.00,ND,ND
200089,KIM RICHARDSON TRANSPORTATION SPECIALISTS INC.,101292,"KIM RICHARDSON TRANSPORTATION SPECIALISTS INC., CALEDONIA",CALEDONIA,N3W1B8,TRUCK DRIVING (DZ),Tractor-Trailer / Driver Licensing,DZ Class Truck Driver,Y,0.83,ND,ND,ND,ND,ND
200090,785248 ONTARIO LTD.,+,+,,,+,,,Y,0.20,SS,SS,SS,ND,ND
200090,785248 ONTARIO LTD.,101293,"ACADEMY OF LEARNING CAREER AND BUSINESS COLLEGE - OWEN SOUND, OWEN SOUND",OWEN SOUND,N4K2H8,+,,,Y,0.20,SS,SS,SS,ND,ND
200090,785248 ONTARIO LTD.,101293,"ACADEMY OF LEARNING CAREER AND BUSINESS COLLEGE - OWEN SOUND, OWEN SOUND",OWEN SOUND,N4K2H8,ACCOUNTING AND PAYROLL ADMINISTRATOR,Business,Accounting,Y,SS,SS,SS,SS,ND,ND
200090,785248 ONTARIO LTD.,101293,"ACADEMY OF LEARNING CAREER AND BUSINESS COLLEGE - OWEN SOUND, OWEN SOUND",OWEN SOUND,N4K2H8,BUSINESS ADMINISTRATION DIPLOMA,Business,Office Administration,Y,ND,SS,SS,ND,ND,ND
200090,785248 ONTARIO LTD.,101293,"ACADEMY OF LEARNING CAREER AND BUSINESS COLLEGE - OWEN SOUND, OWEN SOUND",OWEN SOUND,N4K2H8,MEDICAL OFFICE ADMINISTRATION,Health Services,Medical Office Administration/Management,Y,0.09,ND,ND,ND,ND,ND
200090,785248 ONTARIO LTD.,101293,"ACADEMY OF LEARNING CAREER AND BUSINESS COLLEGE - OWEN SOUND, OWEN SOUND",OWEN SOUND,N4K2H8,MEDICAL RECEPTIONIST,Health Services,Medical Office Administration/Management,Y,SS,ND,ND,ND,ND,ND
200090,785248 ONTARIO LTD.,101293,"ACADEMY OF LEARNING CAREER AND BUSINESS COLLEGE - OWEN SOUND, OWEN SOUND",OWEN SOUND,N4K2H8,SOFTWARE AND WEB DEVELOPER,Computer and Information Technology,Information Technology,Y,SS,ND,ND,ND,ND,ND
200091,THE COLLEGE OF SPORTS MEDIA INC.,+,+,,,+,,,Y,0.70,0.95,0.90,0.84,1.00,ND
200091,THE COLLEGE OF SPORTS MEDIA INC.,101294,"THE COLLEGE OF SPORTS MEDIA INC., TORONTO",TORONTO,M5A2N4,+,,,Y,0.70,0.95,0.90,0.84,1.00,ND
200091,THE COLLEGE OF SPORTS MEDIA INC.,101294,"THE COLLEGE OF SPORTS MEDIA INC., TORONTO",TORONTO,M5A2N4,RADIO & TELEVISION SPORTS BROADCASTING,Applied Arts and Science,Film/Television Production,Y,0.70,0.95,0.90,0.84,1.00,ND
200094,2001016 ONTARIO INC.,+,+,,,+,,,Y,0.97,0.73,0.45,0.75,0.86,ND
200094,2001016 ONTARIO INC.,101299,"YORK CONSTRUCTION ACADEMY, TORONTO",TORONTO,M3J2C6,+,,,Y,0.97,0.73,0.45,0.75,0.86,ND
200094,2001016 ONTARIO INC.,101299,"YORK CONSTRUCTION ACADEMY, TORONTO",TORONTO,M3J2C6,CONSTRUCTION AND HOME RENOVATION TECHNICIAN,Construction Trade,Other - Construction Trade,Y,0.93,0.77,0.35,0.74,1.00,ND
200094,2001016 ONTARIO INC.,101299,"YORK CONSTRUCTION ACADEMY, TORONTO",TORONTO,M3J2C6,CONSTRUCTION TECHNOLOGY,Construction Trade,Construction,Y,0.98,ND,ND,ND,ND,ND
200094,2001016 ONTARIO INC.,101299,"YORK CONSTRUCTION ACADEMY, TORONTO",TORONTO,M3J2C6,HOME RENOVATION PROGRAM,Construction Trade,Construction,Y,1.00,0.70,0.51,0.75,0.83,ND
200102,1214707 ONTARIO LTD.,+,+,,,+,,,Y,0.71,0.72,0.56,0.59,ND,ND
200102,1214707 ONTARIO LTD.,101314,"CANADIAN COLLEGE OF HEALTH SCIENCE AND TECHNOLOGY, WINDSOR",WINDSOR,N8W3P2,+,,,Y,0.71,0.72,0.56,0.59,ND,0.15
200102,1214707 ONTARIO LTD.,101314,"CANADIAN COLLEGE OF HEALTH SCIENCE AND TECHNOLOGY, WINDSOR",WINDSOR,N8W3P2,ACCOUNTING ADMINISTRATOR + INTERNSHIP,Business,Accounting,Y,0.92,0.50,0.00,0.50,ND,ND
200102,1214707 ONTARIO LTD.,101314,"CANADIAN COLLEGE OF HEALTH SCIENCE AND TECHNOLOGY, WINDSOR",WINDSOR,N8W3P2,ADDICTIONS AND MENTAL HEALTH WORKER + INTERNSHIP,Community and Social Services,Community Services Worker,Y,ND,0.29,0.00,0.17,ND,ND
200102,1214707 ONTARIO LTD.,101314,"CANADIAN COLLEGE OF HEALTH SCIENCE AND TECHNOLOGY, WINDSOR",WINDSOR,N8W3P2,ADDICTIONS AND MENTAL HEALTH WORKER,Community and Social Services,Community Services Worker,Y,0.67,1.00,0.67,0.33,ND,ND
200102,1214707 ONTARIO LTD.,101314,"CANADIAN COLLEGE OF HEALTH SCIENCE AND TECHNOLOGY, WINDSOR",WINDSOR,N8W3P2,LAW ENFORCEMENT FOUNDATIONS,Law and Public Safety,Law Enforcement/Police Foundations,Y,SS,ND,ND,ND,ND,ND
200102,1214707 ONTARIO LTD.,101314,"CANADIAN COLLEGE OF HEALTH SCIENCE AND TECHNOLOGY, WINDSOR",WINDSOR,N8W3P2,LEGAL ADMINISTRATIVE ASSISTANT + INTERNSHIP,Business,Office Administration,Y,0.33,ND,ND,ND,ND,ND
200102,1214707 ONTARIO LTD.,101314,"CANADIAN COLLEGE OF HEALTH SCIENCE AND TECHNOLOGY, WINDSOR",WINDSOR,N8W3P2,MASSAGE & HYDROTHERAPY,Health Services,Massage Therapist,Y,0.77,0.73,0.64,0.44,ND,ND
200102,1214707 ONTARIO LTD.,101314,"CANADIAN COLLEGE OF HEALTH SCIENCE AND TECHNOLOGY, WINDSOR",WINDSOR,N8W3P2,MEDICAL OFFICE ASSISTANT + INTERNSHIP,Health Services,Medical Office Administration/Management,Y,0.73,0.75,0.56,0.81,ND,ND
200102,1214707 ONTARIO LTD.,101314,"CANADIAN COLLEGE OF HEALTH SCIENCE AND TECHNOLOGY, WINDSOR",WINDSOR,N8W3P2,PERSONAL SUPPORT WORKER NACC,Health Services,Personal Support Worker/Personal Attendant,Y,0.63,0.88,0.88,1.00,ND,ND
200116,1002948 ONTARIO LTD.,+,+,,,+,,,Y,0.80,0.63,0.22,0.80,ND,ND
200116,1002948 ONTARIO LTD.,102747,"FLAIR COLLEGE OF MANAGEMENT AND TECHNOLOGY, VAUGHAN",CONCORD,L4K1X2,+,,,Y,0.81,0.14,0.00,1.00,ND,ND
200116,1002948 ONTARIO LTD.,102747,"FLAIR COLLEGE OF MANAGEMENT AND TECHNOLOGY, VAUGHAN",CONCORD,L4K1X2,BUSINESS ADMINISTRATION,Business,Business Administration,Y,0.53,0.00,0.00,1.00,ND,ND
200116,1002948 ONTARIO LTD.,102747,"FLAIR COLLEGE OF MANAGEMENT AND TECHNOLOGY, VAUGHAN",CONCORD,L4K1X2,CERTIFICATE IN OFFICE ADMINISTRATION,Business,Business Administration,Y,1.00,0.20,0.00,1.00,ND,ND
200116,1002948 ONTARIO LTD.,204383,"FLAIR COLLEGE OF MANAGEMENT AND TECHNOLOGY, FCMT - BRAMPTON",BRAMPTON,L6V1B5,+,,,Y,0.80,0.71,0.25,0.77,ND,ND
200116,1002948 ONTARIO LTD.,204383,"FLAIR COLLEGE OF MANAGEMENT AND TECHNOLOGY, FCMT - BRAMPTON",BRAMPTON,L6V1B5,CERTIFICATE IN OFFICE ADMINISTRATION,Business,Business Administration,Y,SS,0.65,0.35,0.87,ND,ND
200116,1002948 ONTARIO LTD.,204383,"FLAIR COLLEGE OF MANAGEMENT AND TECHNOLOGY, FCMT - BRAMPTON",BRAMPTON,L6V1B5,DIPLOMA IN COMPUTING SUPPORT,Computer and Information Technology,Computer Support Specialist,Y,0.82,0.94,0.24,0.70,ND,ND
200116,1002948 ONTARIO LTD.,204383,"FLAIR COLLEGE OF MANAGEMENT AND TECHNOLOGY, FCMT - BRAMPTON",BRAMPTON,L6V1B5,POST GRADUATE DIPLOMA IN PROJECT MANAGEMENT,Business,Project Administration/Management,Y,0.79,0.29,0.00,0.75,ND,ND
200128,1039810 ONTARIO LTD.,+,+,,,+,,,Y,0.80,0.54,0.34,0.68,ND,ND
200128,1039810 ONTARIO LTD.,101372,"CITI COLLEGE OF CANADIAN CAREERS, TORONTO/YORK MILLS RD.",TORONTO,M4A2V6,+,,,Y,0.77,0.58,0.36,0.65,ND,0.10
200128,1039810 ONTARIO LTD.,101372,"CITI COLLEGE OF CANADIAN CAREERS, TORONTO/YORK MILLS RD.",TORONTO,M4A2V6,ACCOUNTING AND PAYROLL ADMINISTRATION,Business,Accounting,Y,SS,SS,SS,SS,ND,ND
200128,1039810 ONTARIO LTD.,101372,"CITI COLLEGE OF CANADIAN CAREERS, TORONTO/YORK MILLS RD.",TORONTO,M4A2V6,BUSINESS ADMINISTRATION,Business,Business Administration,Y,1.00,0.00,0.00,1.00,ND,ND
200128,1039810 ONTARIO LTD.,101372,"CITI COLLEGE OF CANADIAN CAREERS, TORONTO/YORK MILLS RD.",TORONTO,M4A2V6,BUSINESS MANAGEMENT,Applied Arts and Science,Music Production and Recording Arts Technology,Y,0.90,0.71,0.57,0.80,ND,ND
200128,1039810 ONTARIO LTD.,101372,"CITI COLLEGE OF CANADIAN CAREERS, TORONTO/YORK MILLS RD.",TORONTO,M4A2V6,COMMUNITY SERVICE WORKER,Community and Social Services,Community Services Worker,Y,0.60,0.63,0.44,0.56,ND,ND
200128,1039810 ONTARIO LTD.,101372,"CITI COLLEGE OF CANADIAN CAREERS, TORONTO/YORK MILLS RD.",TORONTO,M4A2V6,COMPUTERIZED ACCOUNTING,Computer and Information Technology,Information Technology,Y,SS,ND,ND,ND,ND,ND
200128,1039810 ONTARIO LTD.,101372,"CITI COLLEGE OF CANADIAN CAREERS, TORONTO/YORK MILLS RD.",TORONTO,M4A2V6,E-BUSINESS DEVELOPMENT ENGINEERING,Computer and Information Technology,Information Technology,Y,1.00,ND,ND,ND,ND,ND
200128,1039810 ONTARIO LTD.,101372,"CITI COLLEGE OF CANADIAN CAREERS, TORONTO/YORK MILLS RD.",TORONTO,M4A2V6,ENTERPRISE NETWORK ENGINEERING,Computer and Information Technology,Information Technology,Y,SS,SS,SS,SS,ND,ND
200128,1039810 ONTARIO LTD.,101372,"CITI COLLEGE OF CANADIAN CAREERS, TORONTO/YORK MILLS RD.",TORONTO,M4A2V6,MEDICAL OFFICE ASSISTANT DIPLOMA WITH PRACTICUM,Health Services,Medical Office Administration/Management,Y,0.75,0.50,0.13,0.67,ND,ND
200128,1039810 ONTARIO LTD.,101372,"CITI COLLEGE OF CANADIAN CAREERS, TORONTO/YORK MILLS RD.",TORONTO,M4A2V6,MEDICAL OFFICE ASSISTANT DIPLOMA,Health Services,Medical Office Administration/Management,Y,SS,SS,SS,ND,ND,ND
200128,1039810 ONTARIO LTD.,101372,"CITI COLLEGE OF CANADIAN CAREERS, TORONTO/YORK MILLS RD.",TORONTO,M4A2V6,OFFICE ADMINISTRATION AND ACCOUNTING SPECIALIST,Business,Office Administration,Y,SS,ND,ND,SS,ND,ND
200128,1039810 ONTARIO LTD.,101372,"CITI COLLEGE OF CANADIAN CAREERS, TORONTO/YORK MILLS RD.",TORONTO,M4A2V6,OFFICE ASSISTANT,Business,Office Administration,Y,ND,ND,ND,ND,ND,ND
200128,1039810 ONTARIO LTD.,114072,"CITI COLLEGE OF CANADIAN CAREERS - MISSISSAUGA CAMPUS, MISSISSAUGA CAMPUS",MISSISSAUGA,L4W1E3,+,,,Y,0.93,0.20,0.20,0.80,ND,0.00
200128,1039810 ONTARIO LTD.,114072,"CITI COLLEGE OF CANADIAN CAREERS - MISSISSAUGA CAMPUS, MISSISSAUGA CAMPUS",MISSISSAUGA,L4W1E3,ACCOUNTING AND PAYROLL ADMINISTRATION,Business,Accounting,Y,0.89,0.00,0.00,1.00,ND,ND
200128,1039810 ONTARIO LTD.,114072,"CITI COLLEGE OF CANADIAN CAREERS - MISSISSAUGA CAMPUS, MISSISSAUGA CAMPUS",MISSISSAUGA,L4W1E3,BUSINESS ADMINISTRATION,Business,Business Administration,Y,ND,SS,SS,SS,ND,ND
200128,1039810 ONTARIO LTD.,114072,"CITI COLLEGE OF CANADIAN CAREERS - MISSISSAUGA CAMPUS, MISSISSAUGA CAMPUS",MISSISSAUGA,L4W1E3,COMPUTERIZED ACCOUNTING,Computer and Information Technology,Information Technology,Y,SS,ND,ND,ND,ND,ND
200128,1039810 ONTARIO LTD.,114072,"CITI COLLEGE OF CANADIAN CAREERS - MISSISSAUGA CAMPUS, MISSISSAUGA CAMPUS",MISSISSAUGA,L4W1E3,ENTERPRISE NETWORK ENGINEERING,Computer and Information Technology,Information Technology,Y,SS,ND,ND,ND,ND,ND
200128,1039810 ONTARIO LTD.,114072,"CITI COLLEGE OF CANADIAN CAREERS - MISSISSAUGA CAMPUS, MISSISSAUGA CAMPUS",MISSISSAUGA,L4W1E3,MEDICAL OFFICE ASSISTANT DIPLOMA,Health Services,Medical Office Administration/Management,Y,1.00,0.00,0.00,0.50,ND,ND
200128,1039810 ONTARIO LTD.,114072,"CITI COLLEGE OF CANADIAN CAREERS - MISSISSAUGA CAMPUS, MISSISSAUGA CAMPUS",MISSISSAUGA,L4W1E3,NETWORK ENGINEER,Computer and Information Technology,Information Technology,Y,SS,ND,ND,ND,ND,ND
200128,1039810 ONTARIO LTD.,114072,"CITI COLLEGE OF CANADIAN CAREERS - MISSISSAUGA CAMPUS, MISSISSAUGA CAMPUS",MISSISSAUGA,L4W1E3,OFFICE ADMINISTRATION AND ACCOUNTING SPECIALIST,Business,Office Administration,Y,0.80,SS,SS,SS,ND,ND
200128,1039810 ONTARIO LTD.,114072,"CITI COLLEGE OF CANADIAN CAREERS - MISSISSAUGA CAMPUS, MISSISSAUGA CAMPUS",MISSISSAUGA,L4W1E3,OFFICE ASSISTANT,Business,Office Administration,Y,SS,ND,ND,ND,ND,ND
200134,D. & R. MACINTOSH ASSOCIATES INC.,+,+,,,+,,,Y,0.78,0.89,0.58,0.85,1.00,ND
200134,D. & R. MACINTOSH ASSOCIATES INC.,101385,"VERSAILLES ACADEMY OF MAKE-UP ARTS & ESTHETICS, OTTAWA",OTTAWA,K1V7Z8,+,,,Y,0.78,0.89,0.58,0.85,1.00,0.02
200134,D. & R. MACINTOSH ASSOCIATES INC.,101385,"VERSAILLES ACADEMY OF MAKE-UP ARTS & ESTHETICS, OTTAWA",OTTAWA,K1V7Z8,PROFESSIONAL ESTHETICIAN,Human Services,Esthetics/Medical Esthetics,Y,0.67,1.00,0.60,1.00,ND,ND
200134,D. & R. MACINTOSH ASSOCIATES INC.,101385,"VERSAILLES ACADEMY OF MAKE-UP ARTS & ESTHETICS, OTTAWA",OTTAWA,K1V7Z8,PROFESSIONAL HAIRSTYLIST AND MAKE-UP ARTIST,Human Services,Cosmetology/Make-up Application,Y,0.89,ND,ND,ND,ND,ND
200134,D. & R. MACINTOSH ASSOCIATES INC.,101385,"VERSAILLES ACADEMY OF MAKE-UP ARTS & ESTHETICS, OTTAWA",OTTAWA,K1V7Z8,PROFESSIONAL HAIRSTYLIST,Service Trade,Hairstylist,Y,0.69,1.00,0.89,0.67,ND,ND
200134,D. & R. MACINTOSH ASSOCIATES INC.,101385,"VERSAILLES ACADEMY OF MAKE-UP ARTS & ESTHETICS, OTTAWA",OTTAWA,K1V7Z8,PROFESSIONAL MEDICAL ESTHETICS,Human Services,Esthetics/Medical Esthetics,Y,0.84,0.82,0.46,0.88,1.00,ND
200142,ONTARIO DRIVING SCHOOL OF LONDON INC.,+,+,,,+,,,Y,0.66,0.84,0.71,0.80,0.92,ND
200142,ONTARIO DRIVING SCHOOL OF LONDON INC.,101400,"ONTARIO TRUCK DRIVING SCHOOL, WINDSOR",WINDSOR,N8X4W6,+,,,Y,0.75,0.64,0.57,0.79,1.00,ND
200142,ONTARIO DRIVING SCHOOL OF LONDON INC.,101400,"ONTARIO TRUCK DRIVING SCHOOL, WINDSOR",WINDSOR,N8X4W6,DZ DUMP TRUCK PROGRAM,Tractor-Trailer / Driver Licensing,DZ Class Truck Driver Combined,Y,SS,SS,SS,SS,ND,ND
200142,ONTARIO DRIVING SCHOOL OF LONDON INC.,101400,"ONTARIO TRUCK DRIVING SCHOOL, WINDSOR",WINDSOR,N8X4W6,FULL DZ PROGRAM,Tractor-Trailer / Driver Licensing,DZ Class Truck Driver,Y,0.50,0.60,0.60,0.60,1.00,ND
200142,ONTARIO DRIVING SCHOOL OF LONDON INC.,101400,"ONTARIO TRUCK DRIVING SCHOOL, WINDSOR",WINDSOR,N8X4W6,TRACTOR TRAILER AZ PLUS PROGRAM,Tractor-Trailer / Driver Licensing,AZ Class Truck Driver,Y,SS,SS,SS,SS,ND,ND
200142,ONTARIO DRIVING SCHOOL OF LONDON INC.,101400,"ONTARIO TRUCK DRIVING SCHOOL, WINDSOR",WINDSOR,N8X4W6,TRACTOR TRAILER AZ PROGRAM,Tractor-Trailer / Driver Licensing,AZ Class Truck Driver,Y,0.84,0.63,0.50,0.71,ND,ND
200142,ONTARIO DRIVING SCHOOL OF LONDON INC.,101400,"ONTARIO TRUCK DRIVING SCHOOL, WINDSOR",WINDSOR,N8X4W6,TRACTOR TRAILER PROGRAM (MELT),Tractor-Trailer / Driver Licensing,A Class Truck Driver,Y,0.75,0.67,0.58,0.92,1.00,ND
200142,ONTARIO DRIVING SCHOOL OF LONDON INC.,101401,"ONTARIO TRUCK DRIVING SCHOOL, LONDON",LONDON,N6E2Z3,+,,,Y,0.66,0.85,0.72,0.74,0.86,ND
200142,ONTARIO DRIVING SCHOOL OF LONDON INC.,101401,"ONTARIO TRUCK DRIVING SCHOOL, LONDON",LONDON,N6E2Z3,AZ & 5 PIECE CONSTRUCTION FUNDAMENTALS,Tractor-Trailer / Driver Licensing,AZ Class Truck Driver Combined,Y,0.78,0.79,0.52,0.73,1.00,ND
200142,ONTARIO DRIVING SCHOOL OF LONDON INC.,101401,"ONTARIO TRUCK DRIVING SCHOOL, LONDON",LONDON,N6E2Z3,CONSTRUCTION & AZ PROGRAM,Tractor-Trailer / Driver Licensing,AZ Class Truck Driver Combined,Y,SS,ND,ND,ND,ND,ND
200142,ONTARIO DRIVING SCHOOL OF LONDON INC.,101401,"ONTARIO TRUCK DRIVING SCHOOL, LONDON",LONDON,N6E2Z3,DZ DUMP TRUCK PROGRAM,Tractor-Trailer / Driver Licensing,DZ Class Truck Driver Combined,Y,SS,SS,SS,SS,ND,ND
200142,ONTARIO DRIVING SCHOOL OF LONDON INC.,101401,"ONTARIO TRUCK DRIVING SCHOOL, LONDON",LONDON,N6E2Z3,FULL BZ PROGRAM,Tractor-Trailer / Driver Licensing,BZ Class Bus Driver,Y,SS,SS,SS,SS,ND,ND
200142,ONTARIO DRIVING SCHOOL OF LONDON INC.,101401,"ONTARIO TRUCK DRIVING SCHOOL, LONDON",LONDON,N6E2Z3,FULL DZ PROGRAM,Tractor-Trailer / Driver Licensing,DZ Class Truck Driver,Y,0.23,1.00,0.80,1.00,1.00,ND
200142,ONTARIO DRIVING SCHOOL OF LONDON INC.,101401,"ONTARIO TRUCK DRIVING SCHOOL, LONDON",LONDON,N6E2Z3,GENERAL HEAVY EQUIPMENT OPERATOR,Construction Trade,Heavy Equipment Operator,Y,0.83,1.00,1.00,1.00,ND,ND
200142,ONTARIO DRIVING SCHOOL OF LONDON INC.,101401,"ONTARIO TRUCK DRIVING SCHOOL, LONDON",LONDON,N6E2Z3,GRADER OPERATOR TRAINING COURSE,Construction Trade,Heavy Equipment Operator,Y,SS,ND,ND,ND,ND,ND
200142,ONTARIO DRIVING SCHOOL OF LONDON INC.,101401,"ONTARIO TRUCK DRIVING SCHOOL, LONDON",LONDON,N6E2Z3,HEAVY EQUIPMENT OPERATOR TRAINING COURSE,Construction Trade,Heavy Equipment Operator,Y,SS,SS,SS,SS,ND,ND
200142,ONTARIO DRIVING SCHOOL OF LONDON INC.,101401,"ONTARIO TRUCK DRIVING SCHOOL, LONDON",LONDON,N6E2Z3,LOADER OPERATOR TRAINING COURSE,Construction Trade,Heavy Equipment Operator,Y,SS,ND,ND,ND,ND,ND
200142,ONTARIO DRIVING SCHOOL OF LONDON INC.,101401,"ONTARIO TRUCK DRIVING SCHOOL, LONDON",LONDON,N6E2Z3,TRACTOR TRAILER AZ PLUS PROGRAM,Tractor-Trailer / Driver Licensing,AZ Class Truck Driver,Y,0.61,0.83,0.67,0.83,ND,ND
200142,ONTARIO DRIVING SCHOOL OF LONDON INC.,101401,"ONTARIO TRUCK DRIVING SCHOOL, LONDON",LONDON,N6E2Z3,TRACTOR TRAILER AZ PROGRAM,Tractor-Trailer / Driver Licensing,AZ Class Truck Driver,Y,0.77,0.79,0.72,0.65,0.80,ND
200142,ONTARIO DRIVING SCHOOL OF LONDON INC.,101401,"ONTARIO TRUCK DRIVING SCHOOL, LONDON",LONDON,N6E2Z3,TRACTOR TRAILER PROGRAM (MELT),Tractor-Trailer / Driver Licensing,A Class Truck Driver,Y,0.67,0.95,0.88,0.77,0.83,ND
200142,ONTARIO DRIVING SCHOOL OF LONDON INC.,102511,"ONTARIO TRUCK DRIVING SCHOOL, SARNIA",SARNIA,N7T7H3,+,,,Y,0.50,0.78,0.67,0.70,1.00,ND
200142,ONTARIO DRIVING SCHOOL OF LONDON INC.,102511,"ONTARIO TRUCK DRIVING SCHOOL, SARNIA",SARNIA,N7T7H3,FULL DZ PROGRAM,Tractor-Trailer / Driver Licensing,DZ Class Truck Driver,Y,SS,ND,ND,ND,ND,ND
200142,ONTARIO DRIVING SCHOOL OF LONDON INC.,102511,"ONTARIO TRUCK DRIVING SCHOOL, SARNIA",SARNIA,N7T7H3,TRACTOR TRAILER AZ PLUS PROGRAM,Tractor-Trailer / Driver Licensing,AZ Class Truck Driver,Y,SS,ND,ND,ND,ND,ND
200142,ONTARIO DRIVING SCHOOL OF LONDON INC.,102511,"ONTARIO TRUCK DRIVING SCHOOL, SARNIA",SARNIA,N7T7H3,TRACTOR TRAILER AZ PROGRAM,Tractor-Trailer / Driver Licensing,AZ Class Truck Driver,Y,0.50,0.67,0.50,0.67,1.00,ND
200142,ONTARIO DRIVING SCHOOL OF LONDON INC.,102511,"ONTARIO TRUCK DRIVING SCHOOL, SARNIA",SARNIA,N7T7H3,TRACTOR TRAILER PROGRAM (MELT),Tractor-Trailer / Driver Licensing,A Class Truck Driver,Y,0.52,1.00,1.00,0.75,ND,ND
200142,ONTARIO DRIVING SCHOOL OF LONDON INC.,102519,"ONTARIO TRUCK DRIVING SCHOOL, CHATHAM",CHATHAM,N7M5J5,+,,,Y,0.75,0.84,0.72,0.88,1.00,ND
200142,ONTARIO DRIVING SCHOOL OF LONDON INC.,102519,"ONTARIO TRUCK DRIVING SCHOOL, CHATHAM",CHATHAM,N7M5J5,FULL DZ PROGRAM,Tractor-Trailer / Driver Licensing,DZ Class Truck Driver,Y,0.38,SS,SS,SS,ND,ND
200142,ONTARIO DRIVING SCHOOL OF LONDON INC.,102519,"ONTARIO TRUCK DRIVING SCHOOL, CHATHAM",CHATHAM,N7M5J5,TRACTOR TRAILER AZ PLUS PROGRAM,Tractor-Trailer / Driver Licensing,AZ Class Truck Driver,Y,SS,SS,SS,SS,ND,ND
200142,ONTARIO DRIVING SCHOOL OF LONDON INC.,102519,"ONTARIO TRUCK DRIVING SCHOOL, CHATHAM",CHATHAM,N7M5J5,TRACTOR TRAILER AZ PROGRAM,Tractor-Trailer / Driver Licensing,AZ Class Truck Driver,Y,0.89,0.80,0.60,1.00,ND,ND
200142,ONTARIO DRIVING SCHOOL OF LONDON INC.,102519,"ONTARIO TRUCK DRIVING SCHOOL, CHATHAM",CHATHAM,N7M5J5,TRACTOR TRAILER PROGRAM (MELT),Tractor-Trailer / Driver Licensing,A Class Truck Driver,Y,0.79,1.00,0.90,0.78,1.00,ND
200142,ONTARIO DRIVING SCHOOL OF LONDON INC.,104399,"ONTARIO TRUCK DRIVING SCHOOL, NIAGARA-ON-THE-LAKE",NIAGARA-ON-THE-LAKE,L0S1J0,+,,,Y,0.91,0.76,0.56,0.67,1.00,ND
200142,ONTARIO DRIVING SCHOOL OF LONDON INC.,104399,"ONTARIO TRUCK DRIVING SCHOOL, NIAGARA-ON-THE-LAKE",NIAGARA-ON-THE-LAKE,L0S1J0,AZ & 5 PIECE CONSTRUCTION FUNDAMENTALS,Tractor-Trailer / Driver Licensing,AZ Class Truck Driver Combined,Y,0.89,0.83,0.67,0.67,ND,ND
200142,ONTARIO DRIVING SCHOOL OF LONDON INC.,104399,"ONTARIO TRUCK DRIVING SCHOOL, NIAGARA-ON-THE-LAKE",NIAGARA-ON-THE-LAKE,L0S1J0,CONSTRUCTION & TRANSPORTATION EQUIPMENT OPERATOR,Tractor-Trailer / Driver Licensing,DZ Class Truck Driver Combined,Y,SS,SS,SS,SS,ND,ND
200142,ONTARIO DRIVING SCHOOL OF LONDON INC.,104399,"ONTARIO TRUCK DRIVING SCHOOL, NIAGARA-ON-THE-LAKE",NIAGARA-ON-THE-LAKE,L0S1J0,DZ DUMP TRUCK PROGRAM,Tractor-Trailer / Driver Licensing,DZ Class Truck Driver Combined,Y,SS,ND,ND,ND,ND,ND
200142,ONTARIO DRIVING SCHOOL OF LONDON INC.,104399,"ONTARIO TRUCK DRIVING SCHOOL, NIAGARA-ON-THE-LAKE",NIAGARA-ON-THE-LAKE,L0S1J0,EXCAVATOR OPERATOR TRAINING COURSE,Construction Trade,Heavy Equipment Operator,Y,SS,SS,SS,SS,ND,ND
200142,ONTARIO DRIVING SCHOOL OF LONDON INC.,104399,"ONTARIO TRUCK DRIVING SCHOOL, NIAGARA-ON-THE-LAKE",NIAGARA-ON-THE-LAKE,L0S1J0,FULL DZ PROGRAM,Tractor-Trailer / Driver Licensing,DZ Class Truck Driver,Y,0.83,1.00,1.00,1.00,ND,ND
200142,ONTARIO DRIVING SCHOOL OF LONDON INC.,104399,"ONTARIO TRUCK DRIVING SCHOOL, NIAGARA-ON-THE-LAKE",NIAGARA-ON-THE-LAKE,L0S1J0,GENERAL HEAVY EQUIPMENT OPERATOR,Construction Trade,Heavy Equipment Operator,Y,SS,SS,SS,SS,ND,ND
200142,ONTARIO DRIVING SCHOOL OF LONDON INC.,104399,"ONTARIO TRUCK DRIVING SCHOOL, NIAGARA-ON-THE-LAKE",NIAGARA-ON-THE-LAKE,L0S1J0,HEAVY EQUIPMENT OPERATOR TRAINING COURSE,Construction Trade,Heavy Equipment Operator,Y,SS,ND,ND,ND,ND,ND
200142,ONTARIO DRIVING SCHOOL OF LONDON INC.,104399,"ONTARIO TRUCK DRIVING SCHOOL, NIAGARA-ON-THE-LAKE",NIAGARA-ON-THE-LAKE,L0S1J0,TRACTOR TRAILER AZ PLUS PROGRAM,Tractor-Trailer / Driver Licensing,AZ Class Truck Driver,Y,1.00,0.83,0.50,0.67,1.00,ND
200142,ONTARIO DRIVING SCHOOL OF LONDON INC.,104399,"ONTARIO TRUCK DRIVING SCHOOL, NIAGARA-ON-THE-LAKE",NIAGARA-ON-THE-LAKE,L0S1J0,TRACTOR TRAILER AZ PROGRAM,Tractor-Trailer / Driver Licensing,AZ Class Truck Driver,Y,0.86,0.71,0.57,0.71,ND,ND
200142,ONTARIO DRIVING SCHOOL OF LONDON INC.,104399,"ONTARIO TRUCK DRIVING SCHOOL, NIAGARA-ON-THE-LAKE",NIAGARA-ON-THE-LAKE,L0S1J0,TRACTOR TRAILER PROGRAM (MELT),Tractor-Trailer / Driver Licensing,A Class Truck Driver,Y,1.00,0.77,0.59,0.72,1.00,ND
200142,ONTARIO DRIVING SCHOOL OF LONDON INC.,108180,"ONTARIO TRUCK DRIVING SCHOOL, OWEN SOUND",OWEN SOUND,N4K2H8,+,,,Y,0.56,0.97,0.81,0.88,1.00,ND
200142,ONTARIO DRIVING SCHOOL OF LONDON INC.,108180,"ONTARIO TRUCK DRIVING SCHOOL, OWEN SOUND",OWEN SOUND,N4K2H8,AZ & 5 PIECE CONSTRUCTION FUNDAMENTALS,Tractor-Trailer / Driver Licensing,AZ Class Truck Driver Combined,Y,SS,1.00,0.57,0.71,ND,ND
200142,ONTARIO DRIVING SCHOOL OF LONDON INC.,108180,"ONTARIO TRUCK DRIVING SCHOOL, OWEN SOUND",OWEN SOUND,N4K2H8,FULL DZ PROGRAM,Tractor-Trailer / Driver Licensing,DZ Class Truck Driver,Y,0.17,ND,ND,ND,ND,ND
200142,ONTARIO DRIVING SCHOOL OF LONDON INC.,108180,"ONTARIO TRUCK DRIVING SCHOOL, OWEN SOUND",OWEN SOUND,N4K2H8,TRACTOR TRAILER AZ PLUS PROGRAM,Tractor-Trailer / Driver Licensing,AZ Class Truck Driver,Y,SS,ND,ND,ND,ND,ND
200142,ONTARIO DRIVING SCHOOL OF LONDON INC.,108180,"ONTARIO TRUCK DRIVING SCHOOL, OWEN SOUND",OWEN SOUND,N4K2H8,TRACTOR TRAILER AZ PROGRAM,Tractor-Trailer / Driver Licensing,AZ Class Truck Driver,Y,0.91,1.00,1.00,1.00,ND,ND
200142,ONTARIO DRIVING SCHOOL OF LONDON INC.,108180,"ONTARIO TRUCK DRIVING SCHOOL, OWEN SOUND",OWEN SOUND,N4K2H8,TRACTOR TRAILER PROGRAM (MELT),Tractor-Trailer / Driver Licensing,A Class Truck Driver,Y,0.50,0.95,0.84,0.90,1.00,ND
200142,ONTARIO DRIVING SCHOOL OF LONDON INC.,135834,"ONTARIO TRUCK DRIVING SCHOOL, BRANTFORD",BRANTFORD,N3T5L8,+,,,Y,0.75,0.94,0.81,0.97,0.75,ND
200142,ONTARIO DRIVING SCHOOL OF LONDON INC.,135834,"ONTARIO TRUCK DRIVING SCHOOL, BRANTFORD",BRANTFORD,N3T5L8,DZ DUMP TRUCK PROGRAM,Tractor-Trailer / Driver Licensing,DZ Class Truck Driver Combined,Y,ND,ND,ND,ND,ND,ND
200142,ONTARIO DRIVING SCHOOL OF LONDON INC.,135834,"ONTARIO TRUCK DRIVING SCHOOL, BRANTFORD",BRANTFORD,N3T5L8,FULL DZ PROGRAM,Tractor-Trailer / Driver Licensing,DZ Class Truck Driver,Y,0.63,1.00,0.75,1.00,ND,ND
200142,ONTARIO DRIVING SCHOOL OF LONDON INC.,135834,"ONTARIO TRUCK DRIVING SCHOOL, BRANTFORD",BRANTFORD,N3T5L8,TRACTOR TRAILER AZ PROGRAM,Tractor-Trailer / Driver Licensing,AZ Class Truck Driver,Y,0.90,0.88,0.65,1.00,1.00,ND
200142,ONTARIO DRIVING SCHOOL OF LONDON INC.,135834,"ONTARIO TRUCK DRIVING SCHOOL, BRANTFORD",BRANTFORD,N3T5L8,TRACTOR TRAILER PROGRAM (MELT),Tractor-Trailer / Driver Licensing,A Class Truck Driver,Y,0.67,1.00,1.00,0.94,0.67,ND
200142,ONTARIO DRIVING SCHOOL OF LONDON INC.,146254,"ONTARIO TRUCK DRIVING SCHOOL, KITCHENER",KITCHENER,N2C2G3,+,,,Y,0.88,0.94,0.82,0.91,1.00,ND
200142,ONTARIO DRIVING SCHOOL OF LONDON INC.,146254,"ONTARIO TRUCK DRIVING SCHOOL, KITCHENER",KITCHENER,N2C2G3,10 WEEK AZ PROGRAM,Tractor-Trailer / Driver Licensing,AZ Class Truck Driver,Y,SS,ND,ND,ND,ND,ND
200142,ONTARIO DRIVING SCHOOL OF LONDON INC.,146254,"ONTARIO TRUCK DRIVING SCHOOL, KITCHENER",KITCHENER,N2C2G3,FULL DZ PROGRAM,Tractor-Trailer / Driver Licensing,DZ Class Truck Driver,Y,0.90,0.75,0.63,0.88,ND,ND
200142,ONTARIO DRIVING SCHOOL OF LONDON INC.,146254,"ONTARIO TRUCK DRIVING SCHOOL, KITCHENER",KITCHENER,N2C2G3,TRACTOR TRAILER AZ PLUS PROGRAM,Tractor-Trailer / Driver Licensing,AZ Class Truck Driver,Y,SS,ND,ND,SS,ND,ND
200142,ONTARIO DRIVING SCHOOL OF LONDON INC.,146254,"ONTARIO TRUCK DRIVING SCHOOL, KITCHENER",KITCHENER,N2C2G3,TRACTOR TRAILER AZ PROGRAM,Tractor-Trailer / Driver Licensing,AZ Class Truck Driver,Y,0.84,1.00,0.93,0.86,1.00,ND
200142,ONTARIO DRIVING SCHOOL OF LONDON INC.,146254,"ONTARIO TRUCK DRIVING SCHOOL, KITCHENER",KITCHENER,N2C2G3,TRACTOR TRAILER PROGRAM (MELT),Tractor-Trailer / Driver Licensing,A Class Truck Driver,Y,0.96,1.00,0.82,1.00,1.00,ND
200142,ONTARIO DRIVING SCHOOL OF LONDON INC.,147875,"ONTARIO TRUCK DRIVING SCHOOL, HAMILTON",HAMILTON,L8E3P2,+,,,Y,0.24,0.67,0.50,1.00,ND,ND
200142,ONTARIO DRIVING SCHOOL OF LONDON INC.,147875,"ONTARIO TRUCK DRIVING SCHOOL, HAMILTON",HAMILTON,L8E3P2,FULL BZ PROGRAM,Tractor-Trailer / Driver Licensing,BZ Class Bus Driver,Y,SS,ND,ND,ND,ND,ND
200142,ONTARIO DRIVING SCHOOL OF LONDON INC.,147875,"ONTARIO TRUCK DRIVING SCHOOL, HAMILTON",HAMILTON,L8E3P2,FULL DZ PROGRAM,Tractor-Trailer / Driver Licensing,DZ Class Truck Driver,Y,SS,ND,ND,ND,ND,ND
200142,ONTARIO DRIVING SCHOOL OF LONDON INC.,147875,"ONTARIO TRUCK DRIVING SCHOOL, HAMILTON",HAMILTON,L8E3P2,TRACTOR TRAILER AZ PLUS PROGRAM,Tractor-Trailer / Driver Licensing,AZ Class Truck Driver,Y,SS,SS,SS,SS,ND,ND
200142,ONTARIO DRIVING SCHOOL OF LONDON INC.,147875,"ONTARIO TRUCK DRIVING SCHOOL, HAMILTON",HAMILTON,L8E3P2,TRACTOR TRAILER AZ PROGRAM,Tractor-Trailer / Driver Licensing,AZ Class Truck Driver,Y,0.89,0.50,0.50,1.00,ND,ND
200142,ONTARIO DRIVING SCHOOL OF LONDON INC.,147875,"ONTARIO TRUCK DRIVING SCHOOL, HAMILTON",HAMILTON,L8E3P2,TRACTOR TRAILER PROGRAM (MELT),Tractor-Trailer / Driver Licensing,A Class Truck Driver,Y,0.12,0.67,0.33,1.00,ND,ND
200148,TREBAS INSTITUTE ONTARIO INC.,+,+,,,+,,,Y,0.74,0.64,0.50,0.52,1.00,ND
200148,TREBAS INSTITUTE ONTARIO INC.,101410,"TREBAS INSTITUTE, TORONTO MAIN",TORONTO,M4Y1Y5,+,,,Y,0.74,0.64,0.50,0.52,1.00,0.18
200148,TREBAS INSTITUTE ONTARIO INC.,101410,"TREBAS INSTITUTE, TORONTO MAIN",TORONTO,M4Y1Y5,AUDIO ENGINEERING AND PRODUCTION/DJ ARTS,Applied Arts and Science,Music Production and Recording Arts Technology,Y,0.65,0.67,0.60,0.61,1.00,ND
200148,TREBAS INSTITUTE ONTARIO INC.,101410,"TREBAS INSTITUTE, TORONTO MAIN",TORONTO,M4Y1Y5,DIPLOMA IN CYBERSECURITY SPECIALIST CO-OP,Computer and Information Technology,Information Technology,Y,ND,0.60,0.00,0.40,ND,ND
200148,TREBAS INSTITUTE ONTARIO INC.,101410,"TREBAS INSTITUTE, TORONTO MAIN",TORONTO,M4Y1Y5,ENTERTAINMENT MANAGEMENT,Business,Hospitality Administration/Management,Y,0.88,ND,ND,ND,ND,ND
200148,TREBAS INSTITUTE ONTARIO INC.,101410,"TREBAS INSTITUTE, TORONTO MAIN",TORONTO,M4Y1Y5,EVENT AND VENUE MANAGEMENT,Business,Hospitality Administration/Management,Y,SS,ND,ND,ND,ND,ND
200148,TREBAS INSTITUTE ONTARIO INC.,101410,"TREBAS INSTITUTE, TORONTO MAIN",TORONTO,M4Y1Y5,FILM & TELEVISION PRODUCTION AND POST-PRODUCTION,Applied Arts and Science,Music Production and Recording Arts Technology,Y,0.93,0.63,0.63,0.38,ND,ND
200155,MARCA SCHOOLS OF HAIR DESIGN INC.,+,+,,,+,,,Y,0.87,0.71,0.65,0.54,0.86,ND
200155,MARCA SCHOOLS OF HAIR DESIGN INC.,101418,"MARCA COLLEGE OF HAIR AND ESTHETICS, TORONTO (DUFFERIN)",TORONTO,M6H4A9,+,,,Y,0.66,ND,ND,ND,ND,0.08
200155,MARCA SCHOOLS OF HAIR DESIGN INC.,101418,"MARCA COLLEGE OF HAIR AND ESTHETICS, TORONTO (DUFFERIN)",TORONTO,M6H4A9,HAIRSTYLING (PT),Service Trade,Hairstylist,Y,SS,ND,ND,ND,ND,ND
200155,MARCA SCHOOLS OF HAIR DESIGN INC.,101418,"MARCA COLLEGE OF HAIR AND ESTHETICS, TORONTO (DUFFERIN)",TORONTO,M6H4A9,HAIRSTYLING,Service Trade,Hairstylist,Y,0.72,ND,ND,ND,ND,ND
200155,MARCA SCHOOLS OF HAIR DESIGN INC.,101419,"MARCA COLLEGE OF HAIR AND ESTHETICS, TORONTO (DANFORTH)",TORONTO,M4C1M1,+,,,Y,0.88,0.73,0.70,0.42,1.00,0.03
200155,MARCA SCHOOLS OF HAIR DESIGN INC.,101419,"MARCA COLLEGE OF HAIR AND ESTHETICS, TORONTO (DANFORTH)",TORONTO,M4C1M1,HAIRSTYLING,Service Trade,Hairstylist,Y,0.89,0.71,0.71,0.39,1.00,ND
200155,MARCA SCHOOLS OF HAIR DESIGN INC.,101419,"MARCA COLLEGE OF HAIR AND ESTHETICS, TORONTO (DANFORTH)",TORONTO,M4C1M1,HAIRSTYLING-BARBERING,Service Trade,Hairstylist,Y,0.73,1.00,1.00,0.50,ND,ND
200155,MARCA SCHOOLS OF HAIR DESIGN INC.,101419,"MARCA COLLEGE OF HAIR AND ESTHETICS, TORONTO (DANFORTH)",TORONTO,M4C1M1,MEDICAL ESTHETICS,Human Services,Esthetics/Medical Esthetics,Y,1.00,0.57,0.43,0.43,ND,ND
200155,MARCA SCHOOLS OF HAIR DESIGN INC.,103095,"MARCA COLLEGE OF HAIR AND ESTHETICS, MISSISSAUGA",MISSISSAUGA,L4W2V5,+,,,Y,0.91,0.55,0.55,0.64,1.00,0.04
200155,MARCA SCHOOLS OF HAIR DESIGN INC.,103095,"MARCA COLLEGE OF HAIR AND ESTHETICS, MISSISSAUGA",MISSISSAUGA,L4W2V5,HAIRSTYLING (PT),Service Trade,Hairstylist,Y,SS,SS,SS,SS,ND,ND
200155,MARCA SCHOOLS OF HAIR DESIGN INC.,103095,"MARCA COLLEGE OF HAIR AND ESTHETICS, MISSISSAUGA",MISSISSAUGA,L4W2V5,HAIRSTYLING,Service Trade,Hairstylist,Y,0.89,0.62,0.62,0.71,ND,ND
200155,MARCA SCHOOLS OF HAIR DESIGN INC.,103095,"MARCA COLLEGE OF HAIR AND ESTHETICS, MISSISSAUGA",MISSISSAUGA,L4W2V5,HAIRSTYLING-BARBERING,Service Trade,Hairstylist,Y,1.00,0.60,0.60,0.80,1.00,ND
200155,MARCA SCHOOLS OF HAIR DESIGN INC.,103095,"MARCA COLLEGE OF HAIR AND ESTHETICS, MISSISSAUGA",MISSISSAUGA,L4W2V5,MEDICAL ESTHETICS,Human Services,Esthetics/Medical Esthetics,Y,1.00,0.46,0.46,0.57,1.00,ND
200155,MARCA SCHOOLS OF HAIR DESIGN INC.,111000,"MARCA COLLEGE OF HAIR & ESTHETICS, BRAMPTON",BRAMPTON,L6V4A4,+,,,Y,0.90,0.89,0.74,0.67,0.67,0.00
200155,MARCA SCHOOLS OF HAIR DESIGN INC.,111000,"MARCA COLLEGE OF HAIR & ESTHETICS, BRAMPTON",BRAMPTON,L6V4A4,HAIRSTYLING,Service Trade,Hairstylist,Y,0.90,0.89,0.74,0.67,0.67,ND
200155,MARCA SCHOOLS OF HAIR DESIGN INC.,152615,"MARCA COLLEGE OF HAIR & ESTHETICS, HAMILTON",HAMILTON,L8P1A1,+,,,Y,0.87,0.71,0.59,0.35,1.00,0.17
200155,MARCA SCHOOLS OF HAIR DESIGN INC.,152615,"MARCA COLLEGE OF HAIR & ESTHETICS, HAMILTON",HAMILTON,L8P1A1,HAIRSTYLING,Service Trade,Hairstylist,Y,0.87,0.71,0.59,0.35,1.00,ND
200159,ELEGANCE SCHOOLS INC.,+,+,,,+,,,Y,0.91,0.84,0.72,0.73,1.00,ND
200159,ELEGANCE SCHOOLS INC.,101425,"ELEGANCE SCHOOLS INC., LONDON",LONDON,N6H1S6,+,,,Y,0.91,0.84,0.72,0.73,1.00,0.00
200159,ELEGANCE SCHOOLS INC.,101425,"ELEGANCE SCHOOLS INC., LONDON",LONDON,N6H1S6,ESTHETICS,Human Services,Esthetics/Medical Esthetics,Y,0.91,0.84,0.72,0.73,1.00,ND
200161,MODERN TRAINING ONTARIO INC.,+,+,,,+,,,Y,0.96,0.91,0.91,0.91,1.00,ND
200161,MODERN TRAINING ONTARIO INC.,101430,"MODERN TRAINING ONTARIO INC., HAMILTON",HAMILTON,L8E2W2,+,,,Y,0.96,0.91,0.91,0.91,1.00,ND
200161,MODERN TRAINING ONTARIO INC.,101430,"MODERN TRAINING ONTARIO INC., HAMILTON",HAMILTON,L8E2W2,AZ PROGRAM,Tractor-Trailer / Driver Licensing,AZ Class Truck Driver,Y,1.00,0.80,0.80,0.80,ND,ND
200161,MODERN TRAINING ONTARIO INC.,101430,"MODERN TRAINING ONTARIO INC., HAMILTON",HAMILTON,L8E2W2,TRACTOR-TRAILER MELT,Tractor-Trailer / Driver Licensing,A Class Truck Driver,Y,0.94,1.00,1.00,1.00,1.00,ND
200164,5TH WHEEL TRAINING INSTITUTE INC.,+,+,,,+,,,Y,0.96,0.72,0.58,0.62,1.00,ND
200164,5TH WHEEL TRAINING INSTITUTE INC.,101439,"5TH WHEEL TRAINING INSTITUTE, NEW LISKEARD",NEW LISKEARD,P0J1P0,+,,,Y,0.95,0.74,0.65,0.71,1.00,ND
200164,5TH WHEEL TRAINING INSTITUTE INC.,101439,"5TH WHEEL TRAINING INSTITUTE, NEW LISKEARD",NEW LISKEARD,P0J1P0,HEAVY EQUIPMENT OPERATOR: 6-PIECE,Construction Trade,Heavy Equipment Operator,Y,0.94,0.47,0.35,0.65,ND,ND
200164,5TH WHEEL TRAINING INSTITUTE INC.,101439,"5TH WHEEL TRAINING INSTITUTE, NEW LISKEARD",NEW LISKEARD,P0J1P0,HEAVY EQUIPMENT OPERATOR: 7-PIECE,Construction Trade,Heavy Equipment Operator,Y,0.83,0.63,0.50,0.75,ND,ND
200164,5TH WHEEL TRAINING INSTITUTE INC.,101439,"5TH WHEEL TRAINING INSTITUTE, NEW LISKEARD",NEW LISKEARD,P0J1P0,HEAVY EQUIPMENT OPERATOR: EXCAVATOR,Construction Trade,Heavy Equipment Operator,Y,1.00,1.00,1.00,1.00,ND,ND
200164,5TH WHEEL TRAINING INSTITUTE INC.,101439,"5TH WHEEL TRAINING INSTITUTE, NEW LISKEARD",NEW LISKEARD,P0J1P0,HEAVY EQUIPMENT OPERATOR: GRADER,Construction Trade,Heavy Equipment Operator,Y,SS,SS,SS,SS,ND,ND
200164,5TH WHEEL TRAINING INSTITUTE INC.,101439,"5TH WHEEL TRAINING INSTITUTE, NEW LISKEARD",NEW LISKEARD,P0J1P0,TRUCK DRIVER: AZ - 200 HOURS AND BACKHOE-LOADER,Tractor-Trailer / Driver Licensing,AZ Class Truck Driver Combined,Y,SS,SS,SS,SS,ND,ND
200164,5TH WHEEL TRAINING INSTITUTE INC.,101439,"5TH WHEEL TRAINING INSTITUTE, NEW LISKEARD",NEW LISKEARD,P0J1P0,TRUCK DRIVER: AZ - 200 HOURS AND EXCAVATOR,Tractor-Trailer / Driver Licensing,AZ Class Truck Driver Combined,Y,SS,ND,ND,ND,ND,ND
200164,5TH WHEEL TRAINING INSTITUTE INC.,101439,"5TH WHEEL TRAINING INSTITUTE, NEW LISKEARD",NEW LISKEARD,P0J1P0,TRUCK DRIVER: AZ - 200 HOURS AND GRADER,Tractor-Trailer / Driver Licensing,AZ Class Truck Driver Combined,Y,SS,ND,ND,ND,ND,ND
200164,5TH WHEEL TRAINING INSTITUTE INC.,101439,"5TH WHEEL TRAINING INSTITUTE, NEW LISKEARD",NEW LISKEARD,P0J1P0,TRUCK DRIVER: AZ - 200 HOURS AND HEAVY EQUIPMENT CERTIFICATION: 4-PIECE,Tractor-Trailer / Driver Licensing,AZ Class Truck Driver Combined,Y,1.00,0.75,0.50,0.50,ND,ND
200164,5TH WHEEL TRAINING INSTITUTE INC.,101439,"5TH WHEEL TRAINING INSTITUTE, NEW LISKEARD",NEW LISKEARD,P0J1P0,TRUCK DRIVER: AZ - 200 HOURS AND HEAVY EQUIPMENT OPERATOR: 6-PIECE,Tractor-Trailer / Driver Licensing,AZ Class Truck Driver Combined,Y,0.83,1.00,1.00,0.50,ND,ND
200164,5TH WHEEL TRAINING INSTITUTE INC.,101439,"5TH WHEEL TRAINING INSTITUTE, NEW LISKEARD",NEW LISKEARD,P0J1P0,TRUCK DRIVER: AZ - 200 HOURS AND HEAVY EQUIPMENT OPERATOR: 7-PIECE,Tractor-Trailer / Driver Licensing,AZ Class Truck Driver Combined,Y,SS,SS,SS,SS,ND,ND
200164,5TH WHEEL TRAINING INSTITUTE INC.,101439,"5TH WHEEL TRAINING INSTITUTE, NEW LISKEARD",NEW LISKEARD,P0J1P0,TRUCK DRIVER: AZ - 200 HOURS,Tractor-Trailer / Driver Licensing,AZ Class Truck Driver,Y,1.00,0.90,0.80,0.64,1.00,ND
200164,5TH WHEEL TRAINING INSTITUTE INC.,101439,"5TH WHEEL TRAINING INSTITUTE, NEW LISKEARD",NEW LISKEARD,P0J1P0,TRUCK DRIVER: AZ,Tractor-Trailer / Driver Licensing,AZ Class Truck Driver,Y,1.00,1.00,0.90,0.89,1.00,ND
200164,5TH WHEEL TRAINING INSTITUTE INC.,101439,"5TH WHEEL TRAINING INSTITUTE, NEW LISKEARD",NEW LISKEARD,P0J1P0,TRUCK DRIVER: DZ AND HEAVY EQUIPMENT CERTIFICATION: 8-PIECE,Tractor-Trailer / Driver Licensing,DZ Class Truck Driver Combined,Y,SS,SS,SS,SS,ND,ND
200164,5TH WHEEL TRAINING INSTITUTE INC.,101439,"5TH WHEEL TRAINING INSTITUTE, NEW LISKEARD",NEW LISKEARD,P0J1P0,TRUCK DRIVER: DZ,Tractor-Trailer / Driver Licensing,DZ Class Truck Driver,Y,1.00,1.00,1.00,1.00,ND,ND
200164,5TH WHEEL TRAINING INSTITUTE INC.,102540,"5TH WHEEL TRAINING INSTITUTE, WARWICK",WARWICK,N0M2S0,+,,,Y,0.97,0.71,0.51,0.54,1.00,ND
200164,5TH WHEEL TRAINING INSTITUTE INC.,102540,"5TH WHEEL TRAINING INSTITUTE, WARWICK",WARWICK,N0M2S0,HEAVY EQUIPMENT OPERATOR: 6-PIECE,Construction Trade,Heavy Equipment Operator,Y,1.00,0.53,0.27,0.31,ND,ND
200164,5TH WHEEL TRAINING INSTITUTE INC.,102540,"5TH WHEEL TRAINING INSTITUTE, WARWICK",WARWICK,N0M2S0,HEAVY EQUIPMENT OPERATOR: 7-PIECE,Construction Trade,Heavy Equipment Operator,Y,0.88,0.40,0.20,0.80,ND,ND
200164,5TH WHEEL TRAINING INSTITUTE INC.,102540,"5TH WHEEL TRAINING INSTITUTE, WARWICK",WARWICK,N0M2S0,HEAVY EQUIPMENT OPERATOR: EXCAVATOR,Construction Trade,Heavy Equipment Operator,Y,SS,SS,SS,SS,ND,ND
200164,5TH WHEEL TRAINING INSTITUTE INC.,102540,"5TH WHEEL TRAINING INSTITUTE, WARWICK",WARWICK,N0M2S0,HEAVY EQUIPMENT OPERATOR: GRADER,Construction Trade,Heavy Equipment Operator,Y,SS,SS,SS,SS,1.00,ND
200164,5TH WHEEL TRAINING INSTITUTE INC.,102540,"5TH WHEEL TRAINING INSTITUTE, WARWICK",WARWICK,N0M2S0,TRUCK DRIVER: AZ - 200 HOURS AND HEAVY EQUIPMENT CERTIFICATION: 4-PIECE,Tractor-Trailer / Driver Licensing,AZ Class Truck Driver Combined,Y,0.90,0.50,0.50,0.60,ND,ND
200164,5TH WHEEL TRAINING INSTITUTE INC.,102540,"5TH WHEEL TRAINING INSTITUTE, WARWICK",WARWICK,N0M2S0,TRUCK DRIVER: AZ - 200 HOURS AND HEAVY EQUIPMENT OPERATOR: 6-PIECE,Tractor-Trailer / Driver Licensing,AZ Class Truck Driver Combined,Y,1.00,0.67,0.67,0.25,1.00,ND
200164,5TH WHEEL TRAINING INSTITUTE INC.,102540,"5TH WHEEL TRAINING INSTITUTE, WARWICK",WARWICK,N0M2S0,TRUCK DRIVER: AZ - 200 HOURS AND HEAVY EQUIPMENT OPERATOR: 7-PIECE,Tractor-Trailer / Driver Licensing,AZ Class Truck Driver Combined,Y,1.00,1.00,0.50,1.00,ND,ND
200164,5TH WHEEL TRAINING INSTITUTE INC.,102540,"5TH WHEEL TRAINING INSTITUTE, WARWICK",WARWICK,N0M2S0,TRUCK DRIVER: AZ - 200 HOURS,Tractor-Trailer / Driver Licensing,AZ Class Truck Driver,Y,0.91,0.92,0.50,0.58,1.00,ND
200164,5TH WHEEL TRAINING INSTITUTE INC.,102540,"5TH WHEEL TRAINING INSTITUTE, WARWICK",WARWICK,N0M2S0,TRUCK DRIVER: AZ,Tractor-Trailer / Driver Licensing,AZ Class Truck Driver,Y,1.00,1.00,1.00,0.73,ND,ND
200164,5TH WHEEL TRAINING INSTITUTE INC.,102540,"5TH WHEEL TRAINING INSTITUTE, WARWICK",WARWICK,N0M2S0,TRUCK DRIVER: DZ AND HEAVY EQUIPMENT CERTIFICATION: 8-PIECE,Tractor-Trailer / Driver Licensing,DZ Class Truck Driver Combined,Y,SS,SS,SS,SS,ND,ND
200164,5TH WHEEL TRAINING INSTITUTE INC.,102540,"5TH WHEEL TRAINING INSTITUTE, WARWICK",WARWICK,N0M2S0,TRUCK DRIVER: DZ,Tractor-Trailer / Driver Licensing,DZ Class Truck Driver,Y,1.00,0.83,0.50,0.67,ND,ND
200169,RDS - RICHARDS DRIVING SCHOOL INC.,+,+,,,+,,,Y,0.08,ND,ND,ND,ND,ND
200169,RDS - RICHARDS DRIVING SCHOOL INC.,101448,"RDS - RICHARDS DRIVING SCHOOL INC., MISSISSAUGA",MISSISSAUGA,L4X1L4,+,,,Y,0.08,ND,ND,ND,ND,ND
200169,RDS - RICHARDS DRIVING SCHOOL INC.,101448,"RDS - RICHARDS DRIVING SCHOOL INC., MISSISSAUGA",MISSISSAUGA,L4X1L4,TRUCK DRIVING TRAINING PROGRAM CLASS A,Tractor-Trailer / Driver Licensing,A Class Truck Driver,Y,0.08,ND,ND,ND,ND,ND
200170,A.P.R. WELDING & CONSULTING CORP.,+,+,,,+,,,Y,1.00,1.00,0.50,0.75,ND,ND
200170,A.P.R. WELDING & CONSULTING CORP.,101451,"A.P.R. WELDING ACADEMY, SAULT STE. MARIE",SAULT STE. MARIE,P6B4K1,+,,,Y,1.00,1.00,0.50,0.75,ND,ND
200170,A.P.R. WELDING & CONSULTING CORP.,101451,"A.P.R. WELDING ACADEMY, SAULT STE. MARIE",SAULT STE. MARIE,P6B4K1,METAL FABRICATOR (FITTER),Industrial Trade,Welder,Y,1.00,1.00,0.50,0.50,ND,ND
200170,A.P.R. WELDING & CONSULTING CORP.,101451,"A.P.R. WELDING ACADEMY, SAULT STE. MARIE",SAULT STE. MARIE,P6B4K1,WELDING TECHNIQUE PROGRAM,Industrial Trade,Welder,Y,SS,SS,SS,SS,ND,ND
200175,INSTITUTE OF TECHNICAL TRADES LIMITED,+,+,,,+,,,Y,SS,0.67,0.67,0.89,1.00,ND
200175,INSTITUTE OF TECHNICAL TRADES LIMITED,101318,"INSTITUTE OF TECHNICAL TRADES LTD., TORONTO/ELLESMERE RD.",TORONTO,M1P2X9,+,,,Y,SS,0.67,0.67,0.89,1.00,0.19
200175,INSTITUTE OF TECHNICAL TRADES LIMITED,101318,"INSTITUTE OF TECHNICAL TRADES LTD., TORONTO/ELLESMERE RD.",TORONTO,M1P2X9,WELDER FITTER,Industrial Trade,Welder,Y,ND,SS,SS,SS,1.00,ND
200175,INSTITUTE OF TECHNICAL TRADES LIMITED,101318,"INSTITUTE OF TECHNICAL TRADES LTD., TORONTO/ELLESMERE RD.",TORONTO,M1P2X9,WELDING TECHNIQUES,Industrial Trade,Welder,Y,ND,ND,ND,ND,ND,ND
200175,INSTITUTE OF TECHNICAL TRADES LIMITED,101318,"INSTITUTE OF TECHNICAL TRADES LTD., TORONTO/ELLESMERE RD.",TORONTO,M1P2X9,WELDING TECHNOLOGY,Industrial Trade,Welder,Y,SS,0.57,0.57,0.86,ND,ND
200178,1472560 ONTARIO INC.,+,+,,,+,,,Y,1.00,0.80,0.70,1.00,0.00,ND
200178,1472560 ONTARIO INC.,101468,"JAY'S PROFESSIONAL TRUCK TRAINING CENTRE, TORONTO",TORONTO,M1V4Y6,+,,,Y,1.00,0.80,0.70,1.00,0.00,ND
200178,1472560 ONTARIO INC.,101468,"JAY'S PROFESSIONAL TRUCK TRAINING CENTRE, TORONTO",TORONTO,M1V4Y6,AZ PROGRAM,Tractor-Trailer / Driver Licensing,AZ Class Truck Driver,Y,1.00,0.80,0.70,1.00,0.00,ND
200179,CENTRAL HEALTH INSTITUTE INC.,+,+,,,+,,,Y,0.82,0.95,0.93,0.98,1.00,ND
200179,CENTRAL HEALTH INSTITUTE INC.,101470,"CENTRAL HEALTH INSTITUTE INC., HAMILTON",HAMILTON,L8N1J1,+,,,Y,0.82,0.95,0.93,0.98,1.00,ND
200179,CENTRAL HEALTH INSTITUTE INC.,101470,"CENTRAL HEALTH INSTITUTE INC., HAMILTON",HAMILTON,L8N1J1,NACC PSW 2015 (23 WEEKS)*,Health Services,Personal Support Worker/Personal Attendant,Y,0.79,See combined program results below,See combined program results below,See combined program results below,See combined program results below,ND
200179,CENTRAL HEALTH INSTITUTE INC.,101470,"CENTRAL HEALTH INSTITUTE INC., HAMILTON",HAMILTON,L8N1J1,NACC PSW 2015 (28 WEEKS)*,Health Services,Personal Support Worker/Personal Attendant,Y,0.92,See combined program results below,See combined program results below,See combined program results below,See combined program results below,ND
200179,CENTRAL HEALTH INSTITUTE INC.,101470,"CENTRAL HEALTH INSTITUTE INC., HAMILTON",HAMILTON,L8N1J1,NACC PSW 2015 (COMBINED 23 WEEKS AND 28 WEEKS)**,Health Services,Personal Support Worker/Personal Attendant,Y,See program results above,0.95,0.93,0.98,1.00,See program results above
200189,1121308 ONTARIO INC.,+,+,,,+,,,Y,0.59,0.75,0.25,0.40,ND,ND
200189,1121308 ONTARIO INC.,101489,"AFFIRM COLLEGE OF HEALTHCARE, CULINARY ARTS, BUSINESS AND TECHNOLOGY, HAMILTON",HAMILTON,L8P1A1,+,,,Y,0.59,0.75,0.25,0.40,ND,ND
200189,1121308 ONTARIO INC.,101489,"AFFIRM COLLEGE OF HEALTHCARE, CULINARY ARTS, BUSINESS AND TECHNOLOGY, HAMILTON",HAMILTON,L8P1A1,CHEF DE CUISINE,Service Trade,Chef,Y,SS,SS,SS,SS,ND,ND
200189,1121308 ONTARIO INC.,101489,"AFFIRM COLLEGE OF HEALTHCARE, CULINARY ARTS, BUSINESS AND TECHNOLOGY, HAMILTON",HAMILTON,L8P1A1,COOK: ADVANCED - LEVEL II,Service Trade,Chef,Y,SS,SS,SS,SS,ND,ND
200189,1121308 ONTARIO INC.,101489,"AFFIRM COLLEGE OF HEALTHCARE, CULINARY ARTS, BUSINESS AND TECHNOLOGY, HAMILTON",HAMILTON,L8P1A1,COOK: BASIC - LEVEL I,Service Trade,Chef,Y,0.89,ND,ND,1.00,ND,ND
200189,1121308 ONTARIO INC.,101489,"AFFIRM COLLEGE OF HEALTHCARE, CULINARY ARTS, BUSINESS AND TECHNOLOGY, HAMILTON",HAMILTON,L8P1A1,CULINARY & HOSPITALITY OPERATIONS MANAGEMENT,Service Trade,Chef,Y,0.22,ND,ND,ND,ND,ND
200189,1121308 ONTARIO INC.,101489,"AFFIRM COLLEGE OF HEALTHCARE, CULINARY ARTS, BUSINESS AND TECHNOLOGY, HAMILTON",HAMILTON,L8P1A1,SPECIALIST CHEF,Service Trade,Chef,Y,SS,ND,ND,ND,ND,ND
200202,1219024 ONTARIO INC.,+,+,,,+,,,Y,0.92,0.48,0.17,0.76,1.00,ND
200202,1219024 ONTARIO INC.,101518,"ACADEMY OF LEARNING CAREER AND BUSINESS COLLEGE, TORONTO/1280 FINCH AVE. W.",TORONTO,M3J3K6,+,,,Y,0.92,0.48,0.17,0.76,1.00,0.17
200202,1219024 ONTARIO INC.,101518,"ACADEMY OF LEARNING CAREER AND BUSINESS COLLEGE, TORONTO/1280 FINCH AVE. W.",TORONTO,M3J3K6,BUSINESS ADMINISTRATION DIPLOMA,Business,Office Administration,Y,0.90,0.50,0.33,0.83,1.00,ND
200202,1219024 ONTARIO INC.,101518,"ACADEMY OF LEARNING CAREER AND BUSINESS COLLEGE, TORONTO/1280 FINCH AVE. W.",TORONTO,M3J3K6,BUSINESS OFFICE ACCOUNTING CLERK,Business,Office Administration,Y,ND,SS,SS,SS,ND,ND
200202,1219024 ONTARIO INC.,101518,"ACADEMY OF LEARNING CAREER AND BUSINESS COLLEGE, TORONTO/1280 FINCH AVE. W.",TORONTO,M3J3K6,COMPUTERIZED ACCOUNTING,Business,Accounting,Y,ND,SS,SS,SS,ND,ND
200202,1219024 ONTARIO INC.,101518,"ACADEMY OF LEARNING CAREER AND BUSINESS COLLEGE, TORONTO/1280 FINCH AVE. W.",TORONTO,M3J3K6,CONFERENCE AND EVENT PLANNER,Business,Hospitality Administration/Management,Y,SS,0.67,0.17,1.00,1.00,ND
200202,1219024 ONTARIO INC.,101518,"ACADEMY OF LEARNING CAREER AND BUSINESS COLLEGE, TORONTO/1280 FINCH AVE. W.",TORONTO,M3J3K6,CUSTOMER SERVICE AND INFORMATION CLERK,Services,Customer Service/Retail Sales,Y,ND,ND,ND,ND,ND,ND
200202,1219024 ONTARIO INC.,101518,"ACADEMY OF LEARNING CAREER AND BUSINESS COLLEGE, TORONTO/1280 FINCH AVE. W.",TORONTO,M3J3K6,HOME INSPECTION DIPLOMA,Service Trade,Other- Service Trade,Y,SS,0.20,0.00,0.67,ND,ND
200202,1219024 ONTARIO INC.,101518,"ACADEMY OF LEARNING CAREER AND BUSINESS COLLEGE, TORONTO/1280 FINCH AVE. W.",TORONTO,M3J3K6,INTERNATIONAL HOSPITALITY MANAGEMENT,Business,Hospitality Administration/Management,Y,SS,SS,SS,SS,ND,ND
200202,1219024 ONTARIO INC.,101518,"ACADEMY OF LEARNING CAREER AND BUSINESS COLLEGE, TORONTO/1280 FINCH AVE. W.",TORONTO,M3J3K6,MEDICAL OFFICE ASSISTANT WITH HEALTH UNIT COORDINATOR SPECIALTY,Health Services,Medical Office Administration/Management,Y,SS,SS,SS,SS,ND,ND
200202,1219024 ONTARIO INC.,101518,"ACADEMY OF LEARNING CAREER AND BUSINESS COLLEGE, TORONTO/1280 FINCH AVE. W.",TORONTO,M3J3K6,NETWORK ADMINISTRATOR,Computer and Information Technology,Information Technology,Y,SS,SS,SS,SS,ND,ND
200202,1219024 ONTARIO INC.,101518,"ACADEMY OF LEARNING CAREER AND BUSINESS COLLEGE, TORONTO/1280 FINCH AVE. W.",TORONTO,M3J3K6,PROJECT ADMINISTRATION,Business,Business Administration,Y,ND,SS,SS,SS,ND,ND
200204,1075675 ONTARIO INC.,+,+,,,+,,,Y,0.80,0.75,0.65,0.81,1.00,ND
200204,1075675 ONTARIO INC.,101521,"ALGONQUIN CAREERS ACADEMY, OTTAWA",OTTAWA,K1V7Y6,+,,,Y,0.81,0.75,0.64,0.81,1.00,0.02
200204,1075675 ONTARIO INC.,101521,"ALGONQUIN CAREERS ACADEMY, OTTAWA",OTTAWA,K1V7Y6,ACCOUNTING AND PAYROLL ADMINISTRATOR ONLINE,Business,Accounting,Y,0.76,0.23,0.08,0.69,ND,ND
200204,1075675 ONTARIO INC.,101521,"ALGONQUIN CAREERS ACADEMY, OTTAWA",OTTAWA,K1V7Y6,BUSINESS MANAGEMENT ONLINE,Business,Business Administration,Y,SS,0.56,0.44,0.57,1.00,ND
200204,1075675 ONTARIO INC.,101521,"ALGONQUIN CAREERS ACADEMY, OTTAWA",OTTAWA,K1V7Y6,BUSINESS MANAGEMENT,Business,Business Administration,Y,SS,ND,ND,ND,ND,ND
200204,1075675 ONTARIO INC.,101521,"ALGONQUIN CAREERS ACADEMY, OTTAWA",OTTAWA,K1V7Y6,EARLY CHILD CARE ASSISTANT,Human Services,Early Childhood Assistant,Y,ND,SS,SS,SS,ND,ND
200204,1075675 ONTARIO INC.,101521,"ALGONQUIN CAREERS ACADEMY, OTTAWA",OTTAWA,K1V7Y6,LAW CLERK - ONLINE,Law and Public Safety,Legal Office Administration,Y,0.36,1.00,1.00,0.67,ND,ND
200204,1075675 ONTARIO INC.,101521,"ALGONQUIN CAREERS ACADEMY, OTTAWA",OTTAWA,K1V7Y6,MEDICAL LABORATORY ASSISTANT/TECHNICIAN HYBRID,Health Services,Medical Laboratory Technician,Y,ND,0.74,0.62,0.61,1.00,ND
200204,1075675 ONTARIO INC.,101521,"ALGONQUIN CAREERS ACADEMY, OTTAWA",OTTAWA,K1V7Y6,MEDICAL LABORATORY ASSISTANT/TECHNICIAN,Health Services,Medical Laboratory Technician,Y,0.82,ND,ND,ND,ND,ND
200204,1075675 ONTARIO INC.,101521,"ALGONQUIN CAREERS ACADEMY, OTTAWA",OTTAWA,K1V7Y6,MEDICAL OFFICE ASSISTANT - ONLINE,Health Services,Medical Office Administration/Management,Y,0.91,0.72,0.66,0.82,1.00,ND
200204,1075675 ONTARIO INC.,101521,"ALGONQUIN CAREERS ACADEMY, OTTAWA",OTTAWA,K1V7Y6,MEDICAL OFFICE ASSISTANT,Health Services,Medical Office Administration/Management,Y,0.83,ND,ND,ND,ND,ND
200204,1075675 ONTARIO INC.,101521,"ALGONQUIN CAREERS ACADEMY, OTTAWA",OTTAWA,K1V7Y6,PARALEGAL,Law and Public Safety,Paralegal,Y,0.63,0.57,0.36,0.93,ND,ND
200204,1075675 ONTARIO INC.,101521,"ALGONQUIN CAREERS ACADEMY, OTTAWA",OTTAWA,K1V7Y6,PERSONAL SUPPORT WORKER - HYBRID,Health Services,Personal Support Worker/Personal Attendant,Y,0.84,0.86,0.76,0.98,1.00,ND
200204,1075675 ONTARIO INC.,101521,"ALGONQUIN CAREERS ACADEMY, OTTAWA",OTTAWA,K1V7Y6,PHARMACY ASSISTANT - ONLINE,Health Services,Pharmaceutical Technology,Y,0.89,0.75,0.67,0.92,1.00,ND
200204,1075675 ONTARIO INC.,101521,"ALGONQUIN CAREERS ACADEMY, OTTAWA",OTTAWA,K1V7Y6,PHARMACY TECHNICIAN,Health Services,Pharmacy Technician,Y,0.84,0.88,0.88,0.89,1.00,ND
200204,1075675 ONTARIO INC.,188836,ALGONQUIN CAREERS ACADEMY,OTTAWA,K1V7Y6,+,,,Y,0.68,0.90,0.80,0.80,ND,0.03
200204,1075675 ONTARIO INC.,188836,ALGONQUIN CAREERS ACADEMY,OTTAWA,K1V7Y6,INTRA ORAL DENTAL ASSISTING LEVEL 1 & 2 HYBRID,Health Services,Intra-Oral Dental Assistant,Y,ND,0.90,0.80,0.80,ND,ND
200204,1075675 ONTARIO INC.,188836,ALGONQUIN CAREERS ACADEMY,OTTAWA,K1V7Y6,INTRA ORAL DENTAL ASSISTING LEVEL 1 & 2,Health Services,Intra-Oral Dental Assistant,Y,0.68,ND,ND,ND,ND,ND
200205,LEANESSA INC.,+,+,,,+,,,Y,0.50,0.66,0.42,0.84,1.00,ND
200205,LEANESSA INC.,101522,"ACADEMY OF LEARNING CAREER AND BUSINESS COLLEGE, BRAMPTON (EQDQ)",BRAMPTON,L6P0B1,+,,,Y,0.50,0.66,0.42,0.84,1.00,0.04
200205,LEANESSA INC.,101522,"ACADEMY OF LEARNING CAREER AND BUSINESS COLLEGE, BRAMPTON (EQDQ)",BRAMPTON,L6P0B1,ACCOUNTING AND PAYROLL ADMINISTRATOR,Business,Accounting,Y,0.13,ND,ND,ND,ND,ND
200205,LEANESSA INC.,101522,"ACADEMY OF LEARNING CAREER AND BUSINESS COLLEGE, BRAMPTON (EQDQ)",BRAMPTON,L6P0B1,ADMINISTRATIVE ASSISTANT,Business,Office Administration,Y,SS,SS,SS,SS,ND,ND
200205,LEANESSA INC.,101522,"ACADEMY OF LEARNING CAREER AND BUSINESS COLLEGE, BRAMPTON (EQDQ)",BRAMPTON,L6P0B1,BUSINESS ADMINISTRATION DIPLOMA,Business,Office Administration,Y,0.62,0.67,0.33,0.50,ND,ND
200205,LEANESSA INC.,101522,"ACADEMY OF LEARNING CAREER AND BUSINESS COLLEGE, BRAMPTON (EQDQ)",BRAMPTON,L6P0B1,BUSINESS OFFICE SKILLS,Business,Office Administration,Y,SS,SS,SS,SS,ND,ND
200205,LEANESSA INC.,101522,"ACADEMY OF LEARNING CAREER AND BUSINESS COLLEGE, BRAMPTON (EQDQ)",BRAMPTON,L6P0B1,COMPUTER SERVICE TECHNICIAN,Computer and Information Technology,Information Technology,Y,ND,SS,SS,SS,ND,ND
200205,LEANESSA INC.,101522,"ACADEMY OF LEARNING CAREER AND BUSINESS COLLEGE, BRAMPTON (EQDQ)",BRAMPTON,L6P0B1,COMPUTERIZED ACCOUNTING,Business,Accounting,Y,SS,SS,SS,SS,1.00,ND
200205,LEANESSA INC.,101522,"ACADEMY OF LEARNING CAREER AND BUSINESS COLLEGE, BRAMPTON (EQDQ)",BRAMPTON,L6P0B1,CONFERENCE AND EVENT PLANNER,Business,Hospitality Administration/Management,Y,0.92,0.60,0.40,0.77,ND,ND
200205,LEANESSA INC.,101522,"ACADEMY OF LEARNING CAREER AND BUSINESS COLLEGE, BRAMPTON (EQDQ)",BRAMPTON,L6P0B1,CUSTOMER SERVICE AND INFORMATION CLERK,Services,Customer Service/Retail Sales,Y,SS,ND,ND,ND,ND,ND
200205,LEANESSA INC.,101522,"ACADEMY OF LEARNING CAREER AND BUSINESS COLLEGE, BRAMPTON (EQDQ)",BRAMPTON,L6P0B1,DATABASE ADMINISTRATION AND BIG DATA PREDICTIVE ANALYTICS,Computer and Information Technology,Information Technology,Y,ND,SS,SS,SS,ND,ND
200205,LEANESSA INC.,101522,"ACADEMY OF LEARNING CAREER AND BUSINESS COLLEGE, BRAMPTON (EQDQ)",BRAMPTON,L6P0B1,DENTAL ADMINISTRATIVE ASSISTANT,Health Services,Office/Clerical/Administration - Dental/Medical,Y,SS,SS,SS,SS,ND,ND
200205,LEANESSA INC.,101522,"ACADEMY OF LEARNING CAREER AND BUSINESS COLLEGE, BRAMPTON (EQDQ)",BRAMPTON,L6P0B1,DIPLOMA IN DATA SCIENCE AND ARTIFICIAL INTELLIGENCE,Computer and Information Technology,Other - Information Technology,Y,SS,SS,SS,SS,ND,ND
200205,LEANESSA INC.,101522,"ACADEMY OF LEARNING CAREER AND BUSINESS COLLEGE, BRAMPTON (EQDQ)",BRAMPTON,L6P0B1,GRAPHIC DESIGNER,Business,Marketing/Advertising,Y,SS,SS,SS,SS,ND,ND
200205,LEANESSA INC.,101522,"ACADEMY OF LEARNING CAREER AND BUSINESS COLLEGE, BRAMPTON (EQDQ)",BRAMPTON,L6P0B1,HOME INSPECTION DIPLOMA,Service Trade,Other- Service Trade,Y,0.29,SS,SS,SS,ND,ND
200205,LEANESSA INC.,101522,"ACADEMY OF LEARNING CAREER AND BUSINESS COLLEGE, BRAMPTON (EQDQ)",BRAMPTON,L6P0B1,IT SECURITY SPECIALIST,Service Trade,Electronic Service Technician,Y,SS,ND,ND,ND,ND,ND
200205,LEANESSA INC.,101522,"ACADEMY OF LEARNING CAREER AND BUSINESS COLLEGE, BRAMPTON (EQDQ)",BRAMPTON,L6P0B1,IT SUPPORT WITH SOFTWARE QA,Computer and Information Technology,Information Technology,Y,ND,SS,SS,SS,ND,ND
200205,LEANESSA INC.,101522,"ACADEMY OF LEARNING CAREER AND BUSINESS COLLEGE, BRAMPTON (EQDQ)",BRAMPTON,L6P0B1,MEDICAL OFFICE ASSISTANT WITH CAPSTONE PROJECT,Health Services,Medical Office Administration/Management,Y,ND,SS,SS,SS,ND,ND
200205,LEANESSA INC.,101522,"ACADEMY OF LEARNING CAREER AND BUSINESS COLLEGE, BRAMPTON (EQDQ)",BRAMPTON,L6P0B1,MEDICAL OFFICE ASSISTANT,Health Services,Medical Office Administration/Management,Y,0.33,ND,ND,1.00,ND,ND
200205,LEANESSA INC.,101522,"ACADEMY OF LEARNING CAREER AND BUSINESS COLLEGE, BRAMPTON (EQDQ)",BRAMPTON,L6P0B1,MEDICAL RECEPTIONIST,Health Services,Medical Office Administration/Management,Y,SS,SS,SS,SS,ND,ND
200205,LEANESSA INC.,101522,"ACADEMY OF LEARNING CAREER AND BUSINESS COLLEGE, BRAMPTON (EQDQ)",BRAMPTON,L6P0B1,MEDICAL SECRETARY,Health Services,Medical Office Administration/Management,Y,SS,SS,SS,SS,ND,ND
200205,LEANESSA INC.,101522,"ACADEMY OF LEARNING CAREER AND BUSINESS COLLEGE, BRAMPTON (EQDQ)",BRAMPTON,L6P0B1,NETWORK ADMINISTRATOR,Computer and Information Technology,Information Technology,Y,SS,ND,ND,SS,ND,ND
200205,LEANESSA INC.,101522,"ACADEMY OF LEARNING CAREER AND BUSINESS COLLEGE, BRAMPTON (EQDQ)",BRAMPTON,L6P0B1,PAYROLL AND ACCOUNTING,Business,Accounting,Y,SS,SS,SS,SS,ND,ND
200205,LEANESSA INC.,101522,"ACADEMY OF LEARNING CAREER AND BUSINESS COLLEGE, BRAMPTON (EQDQ)",BRAMPTON,L6P0B1,PC SUPPORT SPECIALIST,Computer and Information Technology,Information Technology,Y,ND,ND,ND,ND,ND,ND
200205,LEANESSA INC.,101522,"ACADEMY OF LEARNING CAREER AND BUSINESS COLLEGE, BRAMPTON (EQDQ)",BRAMPTON,L6P0B1,PERSONAL SUPPORT WORKER,Health Services,Personal Support Worker/Personal Attendant,Y,0.46,0.72,0.53,0.91,1.00,ND
200205,LEANESSA INC.,101522,"ACADEMY OF LEARNING CAREER AND BUSINESS COLLEGE, BRAMPTON (EQDQ)",BRAMPTON,L6P0B1,PROJECT ADMINISTRATION,Business,Business Administration,Y,SS,SS,SS,SS,ND,ND
200205,LEANESSA INC.,101522,"ACADEMY OF LEARNING CAREER AND BUSINESS COLLEGE, BRAMPTON (EQDQ)",BRAMPTON,L6P0B1,SOFTWARE AND WEB DEVELOPER,Computer and Information Technology,Information Technology,Y,SS,SS,SS,SS,ND,ND
200205,LEANESSA INC.,101522,"ACADEMY OF LEARNING CAREER AND BUSINESS COLLEGE, BRAMPTON (EQDQ)",BRAMPTON,L6P0B1,WEB DESIGNER,Computer and Information Technology,Information Technology,Y,SS,ND,ND,SS,ND,ND
200209,520341 ONTARIO LTD.,+,+,,,+,,,Y,0.50,0.57,0.37,0.55,1.00,ND
200209,520341 ONTARIO LTD.,101529,"RAC DIGITAL ARTS COLLEGE, TORONTO",TORONTO,M5V2H1,+,,,Y,0.50,0.57,0.37,0.55,1.00,0.12
200209,520341 ONTARIO LTD.,101529,"RAC DIGITAL ARTS COLLEGE, TORONTO",TORONTO,M5V2H1,SOUND & MUSIC RECORDING,Applied Arts and Science,Music Production and Recording Arts Technology,Y,0.50,0.57,0.37,0.55,1.00,ND
200215,THE JOHNSON BUSINESS ACADEMY LIMITED,+,+,,,+,,,Y,0.69,0.75,0.60,0.81,0.93,ND
200215,THE JOHNSON BUSINESS ACADEMY LIMITED,101537,"ANDERSON COLLEGE OF HEALTH, BUSINESS AND TECHNOLOGY, MISSISSAUGA",MISSISSAUGA,L5B2N6,+,,,Y,0.75,0.74,0.56,0.79,1.00,0.04
200215,THE JOHNSON BUSINESS ACADEMY LIMITED,101537,"ANDERSON COLLEGE OF HEALTH, BUSINESS AND TECHNOLOGY, MISSISSAUGA",MISSISSAUGA,L5B2N6,ACCOUNTING AND PAYROLL ADMINISTRATION,Business,Accounting,Y,0.62,0.75,0.75,0.75,ND,ND
200215,THE JOHNSON BUSINESS ACADEMY LIMITED,101537,"ANDERSON COLLEGE OF HEALTH, BUSINESS AND TECHNOLOGY, MISSISSAUGA",MISSISSAUGA,L5B2N6,BUSINESS MANAGEMENT,Business,Business Administration,Y,0.71,0.71,0.29,0.64,ND,ND
200215,THE JOHNSON BUSINESS ACADEMY LIMITED,101537,"ANDERSON COLLEGE OF HEALTH, BUSINESS AND TECHNOLOGY, MISSISSAUGA",MISSISSAUGA,L5B2N6,EARLY CHILDCARE ASSISTANT,Human Services,Early Childhood Assistant,Y,0.60,0.71,0.57,1.00,ND,ND
200215,THE JOHNSON BUSINESS ACADEMY LIMITED,101537,"ANDERSON COLLEGE OF HEALTH, BUSINESS AND TECHNOLOGY, MISSISSAUGA",MISSISSAUGA,L5B2N6,INTRA ORAL LEVEL I & II DENTAL ASSISTANT,Health Services,Office/Clerical/Administration - Dental/Medical,Y,0.80,0.82,0.71,0.65,1.00,ND
200215,THE JOHNSON BUSINESS ACADEMY LIMITED,101537,"ANDERSON COLLEGE OF HEALTH, BUSINESS AND TECHNOLOGY, MISSISSAUGA",MISSISSAUGA,L5B2N6,LAW ENFORCEMENT/POLICE FOUNDATIONS,Law and Public Safety,Law Enforcement/Police Foundations,Y,0.75,0.63,0.25,0.67,ND,ND
200215,THE JOHNSON BUSINESS ACADEMY LIMITED,101537,"ANDERSON COLLEGE OF HEALTH, BUSINESS AND TECHNOLOGY, MISSISSAUGA",MISSISSAUGA,L5B2N6,MEDICAL LABORATORY TECHNICIAN,Health Services,Medical Laboratory Technician,Y,0.79,0.57,0.39,0.74,1.00,ND
200215,THE JOHNSON BUSINESS ACADEMY LIMITED,101537,"ANDERSON COLLEGE OF HEALTH, BUSINESS AND TECHNOLOGY, MISSISSAUGA",MISSISSAUGA,L5B2N6,MEDICAL OFFICE ADMINISTRATOR - CAPSTONE,Health Services,Medical Office Administration/Management,Y,0.77,0.50,0.50,0.50,ND,ND
200215,THE JOHNSON BUSINESS ACADEMY LIMITED,101537,"ANDERSON COLLEGE OF HEALTH, BUSINESS AND TECHNOLOGY, MISSISSAUGA",MISSISSAUGA,L5B2N6,MEDICAL OFFICE ADMINISTRATOR,Health Services,Medical Office Administration/Management,Y,SS,SS,SS,1.00,ND,ND
200215,THE JOHNSON BUSINESS ACADEMY LIMITED,101537,"ANDERSON COLLEGE OF HEALTH, BUSINESS AND TECHNOLOGY, MISSISSAUGA",MISSISSAUGA,L5B2N6,OCCUPATIONAL HEALTH AND SAFETY,Services,Other - Services,Y,0.74,0.60,0.10,0.40,ND,ND
200215,THE JOHNSON BUSINESS ACADEMY LIMITED,101537,"ANDERSON COLLEGE OF HEALTH, BUSINESS AND TECHNOLOGY, MISSISSAUGA",MISSISSAUGA,L5B2N6,PERSONAL SUPPORT WORKER - HYBRID,Health Services,Personal Support Worker/Personal Attendant,Y,0.79,0.78,0.66,0.89,ND,ND
200215,THE JOHNSON BUSINESS ACADEMY LIMITED,101537,"ANDERSON COLLEGE OF HEALTH, BUSINESS AND TECHNOLOGY, MISSISSAUGA",MISSISSAUGA,L5B2N6,PERSONAL SUPPORT WORKER (2018),Health Services,Personal Support Worker/Personal Attendant,Y,0.59,ND,ND,ND,ND,ND
200215,THE JOHNSON BUSINESS ACADEMY LIMITED,101537,"ANDERSON COLLEGE OF HEALTH, BUSINESS AND TECHNOLOGY, MISSISSAUGA",MISSISSAUGA,L5B2N6,PHARMACY TECHNICIAN,Health Services,Pharmaceutical Technology,Y,0.79,1.00,1.00,0.90,ND,ND
200215,THE JOHNSON BUSINESS ACADEMY LIMITED,101537,"ANDERSON COLLEGE OF HEALTH, BUSINESS AND TECHNOLOGY, MISSISSAUGA",MISSISSAUGA,L5B2N6,SUPPLY CHAIN AND LOGISTICS,Business,Other - Business,Y,0.72,0.67,0.56,0.60,ND,ND
200215,THE JOHNSON BUSINESS ACADEMY LIMITED,109320,"ANDERSON COLLEGE OF HEALTH, BUSINESS AND TECHNOLOGY, HAMILTON",HAMILTON,L8N4K3,+,,,Y,0.61,0.76,0.66,0.84,0.88,0.10
200215,THE JOHNSON BUSINESS ACADEMY LIMITED,109320,"ANDERSON COLLEGE OF HEALTH, BUSINESS AND TECHNOLOGY, HAMILTON",HAMILTON,L8N4K3,ACCOUNTING AND PAYROLL ADMINISTRATION,Business,Accounting,Y,0.40,SS,SS,SS,ND,ND
200215,THE JOHNSON BUSINESS ACADEMY LIMITED,109320,"ANDERSON COLLEGE OF HEALTH, BUSINESS AND TECHNOLOGY, HAMILTON",HAMILTON,L8N4K3,INTRA ORAL LEVEL I & II DENTAL ASSISTANT,Health Services,Office/Clerical/Administration - Dental/Medical,Y,0.76,0.87,0.80,0.94,ND,ND
200215,THE JOHNSON BUSINESS ACADEMY LIMITED,109320,"ANDERSON COLLEGE OF HEALTH, BUSINESS AND TECHNOLOGY, HAMILTON",HAMILTON,L8N4K3,LAW ENFORCEMENT/POLICE FOUNDATIONS,Law and Public Safety,Law Enforcement/Police Foundations,Y,0.24,0.53,0.33,0.75,1.00,ND
200215,THE JOHNSON BUSINESS ACADEMY LIMITED,109320,"ANDERSON COLLEGE OF HEALTH, BUSINESS AND TECHNOLOGY, HAMILTON",HAMILTON,L8N4K3,MEDICAL LABORATORY TECHNICIAN,Health Services,Medical Laboratory Technician,Y,0.76,0.67,0.58,0.75,0.00,ND
200215,THE JOHNSON BUSINESS ACADEMY LIMITED,109320,"ANDERSON COLLEGE OF HEALTH, BUSINESS AND TECHNOLOGY, HAMILTON",HAMILTON,L8N4K3,MEDICAL OFFICE ADMINISTRATOR - CAPSTONE,Health Services,Medical Office Administration/Management,Y,0.79,1.00,0.83,1.00,ND,ND
200215,THE JOHNSON BUSINESS ACADEMY LIMITED,109320,"ANDERSON COLLEGE OF HEALTH, BUSINESS AND TECHNOLOGY, HAMILTON",HAMILTON,L8N4K3,OCCUPATIONAL HEALTH AND SAFETY,Services,Other - Services,Y,0.89,0.56,0.44,0.44,ND,ND
200215,THE JOHNSON BUSINESS ACADEMY LIMITED,109320,"ANDERSON COLLEGE OF HEALTH, BUSINESS AND TECHNOLOGY, HAMILTON",HAMILTON,L8N4K3,PERSONAL SUPPORT WORKER - HYBRID,Health Services,Personal Support Worker/Personal Attendant,Y,0.47,0.89,0.80,0.98,1.00,ND
200215,THE JOHNSON BUSINESS ACADEMY LIMITED,109320,"ANDERSON COLLEGE OF HEALTH, BUSINESS AND TECHNOLOGY, HAMILTON",HAMILTON,L8N4K3,PERSONAL SUPPORT WORKER (2018),Health Services,Personal Support Worker/Personal Attendant,Y,0.57,ND,ND,ND,ND,ND
200215,THE JOHNSON BUSINESS ACADEMY LIMITED,109320,"ANDERSON COLLEGE OF HEALTH, BUSINESS AND TECHNOLOGY, HAMILTON",HAMILTON,L8N4K3,SUPPLY CHAIN AND LOGISTICS,Business,Other - Business,Y,0.63,ND,ND,ND,ND,ND
200215,THE JOHNSON BUSINESS ACADEMY LIMITED,148896,"ANDERSON COLLEGE OF HEALTH, BUSINESS AND TECHNOLOGY, TORONTO",TORONTO,M4P1A9,+,,,Y,0.67,0.75,0.62,0.80,1.00,0.05
200215,THE JOHNSON BUSINESS ACADEMY LIMITED,148896,"ANDERSON COLLEGE OF HEALTH, BUSINESS AND TECHNOLOGY, TORONTO",TORONTO,M4P1A9,ACCOUNTING AND PAYROLL ADMINISTRATION,Business,Accounting,Y,0.82,0.63,0.25,0.53,1.00,ND
200215,THE JOHNSON BUSINESS ACADEMY LIMITED,148896,"ANDERSON COLLEGE OF HEALTH, BUSINESS AND TECHNOLOGY, TORONTO",TORONTO,M4P1A9,EARLY CHILDCARE ASSISTANT,Human Services,Early Childhood Assistant,Y,0.63,1.00,0.91,0.85,1.00,ND
200215,THE JOHNSON BUSINESS ACADEMY LIMITED,148896,"ANDERSON COLLEGE OF HEALTH, BUSINESS AND TECHNOLOGY, TORONTO",TORONTO,M4P1A9,INTRA ORAL LEVEL I & II DENTAL ASSISTANT,Health Services,Dental Chairside Assistant,Y,0.63,0.83,0.83,0.67,ND,ND
200215,THE JOHNSON BUSINESS ACADEMY LIMITED,148896,"ANDERSON COLLEGE OF HEALTH, BUSINESS AND TECHNOLOGY, TORONTO",TORONTO,M4P1A9,LAW ENFORCEMENT/POLICE FOUNDATIONS,Law and Public Safety,Law Enforcement/Police Foundations,Y,0.29,0.71,0.71,0.57,ND,ND
200215,THE JOHNSON BUSINESS ACADEMY LIMITED,148896,"ANDERSON COLLEGE OF HEALTH, BUSINESS AND TECHNOLOGY, TORONTO",TORONTO,M4P1A9,OCCUPATIONAL HEALTH AND SAFETY,Services,Other - Services,Y,1.00,ND,ND,ND,ND,ND
200215,THE JOHNSON BUSINESS ACADEMY LIMITED,148896,"ANDERSON COLLEGE OF HEALTH, BUSINESS AND TECHNOLOGY, TORONTO",TORONTO,M4P1A9,PERSONAL SUPPORT WORKER (2018),Health Services,Personal Support Worker/Personal Attendant,Y,0.75,0.73,0.64,0.92,ND,ND
200216,TRIOS COLLEGE BUSINESS TECHNOLOGY HEALTHCARE INC.,+,+,,,+,,,Y,0.73,0.70,0.54,0.71,0.96,ND
200216,TRIOS COLLEGE BUSINESS TECHNOLOGY HEALTHCARE INC.,101538,"TRIOS COLLEGE BUSINESS TECHNOLOGY HEALTHCARE, MISSISSAUGA",MISSISSAUGA,L5B1M3,+,,,Y,0.73,0.70,0.56,0.76,1.00,0.09
200216,TRIOS COLLEGE BUSINESS TECHNOLOGY HEALTHCARE INC.,101538,"TRIOS COLLEGE BUSINESS TECHNOLOGY HEALTHCARE, MISSISSAUGA",MISSISSAUGA,L5B1M3,ACCOUNTING & PAYROLL ADMINISTRATOR,Business,Accounting,Y,SS,ND,ND,ND,ND,ND
200216,TRIOS COLLEGE BUSINESS TECHNOLOGY HEALTHCARE INC.,101538,"TRIOS COLLEGE BUSINESS TECHNOLOGY HEALTHCARE, MISSISSAUGA",MISSISSAUGA,L5B1M3,ACCOUNTING & PAYROLL SPECIALIST,Business,Accounting,Y,0.89,0.83,0.67,0.71,ND,ND
200216,TRIOS COLLEGE BUSINESS TECHNOLOGY HEALTHCARE INC.,101538,"TRIOS COLLEGE BUSINESS TECHNOLOGY HEALTHCARE, MISSISSAUGA",MISSISSAUGA,L5B1M3,ADMINISTRATIVE ASSISTANT,Business,Office Administration,Y,SS,ND,ND,ND,ND,ND
200216,TRIOS COLLEGE BUSINESS TECHNOLOGY HEALTHCARE INC.,101538,"TRIOS COLLEGE BUSINESS TECHNOLOGY HEALTHCARE, MISSISSAUGA",MISSISSAUGA,L5B1M3,APPLICATIONS DEVELOPER (ENTERPRISE MOBILE SPECIALIST),Computer and Information Technology,Information Technology,Y,SS,ND,ND,ND,ND,ND
200216,TRIOS COLLEGE BUSINESS TECHNOLOGY HEALTHCARE INC.,101538,"TRIOS COLLEGE BUSINESS TECHNOLOGY HEALTHCARE, MISSISSAUGA",MISSISSAUGA,L5B1M3,APPLICATIONS DEVELOPER (MOBILE SPECIALIST) + INTERNSHIP,Computer and Information Technology,Information Technology,Y,SS,SS,SS,SS,ND,ND
200216,TRIOS COLLEGE BUSINESS TECHNOLOGY HEALTHCARE INC.,101538,"TRIOS COLLEGE BUSINESS TECHNOLOGY HEALTHCARE, MISSISSAUGA",MISSISSAUGA,L5B1M3,APPLICATIONS DEVELOPER (MOBILE SPECIALIST),Computer and Information Technology,Information Technology,Y,SS,ND,ND,ND,ND,ND
200216,TRIOS COLLEGE BUSINESS TECHNOLOGY HEALTHCARE INC.,101538,"TRIOS COLLEGE BUSINESS TECHNOLOGY HEALTHCARE, MISSISSAUGA",MISSISSAUGA,L5B1M3,APPLICATIONS DEVELOPER (MOBILE WEB SPECIALIST) + INTERNSHIP,Computer and Information Technology,Information Technology,Y,SS,ND,ND,ND,ND,ND
200216,TRIOS COLLEGE BUSINESS TECHNOLOGY HEALTHCARE INC.,101538,"TRIOS COLLEGE BUSINESS TECHNOLOGY HEALTHCARE, MISSISSAUGA",MISSISSAUGA,L5B1M3,APPLICATIONS DEVELOPER (MOBILE WEB SPECIALIST),Computer and Information Technology,Information Technology,Y,SS,ND,ND,ND,ND,ND
200216,TRIOS COLLEGE BUSINESS TECHNOLOGY HEALTHCARE INC.,101538,"TRIOS COLLEGE BUSINESS TECHNOLOGY HEALTHCARE, MISSISSAUGA",MISSISSAUGA,L5B1M3,BUSINESS ADMINISTRATION (APPLICATIONS & ACCOUNTING SPECIALIST),Business,Business Administration,Y,SS,ND,ND,ND,ND,ND
200216,TRIOS COLLEGE BUSINESS TECHNOLOGY HEALTHCARE INC.,101538,"TRIOS COLLEGE BUSINESS TECHNOLOGY HEALTHCARE, MISSISSAUGA",MISSISSAUGA,L5B1M3,BUSINESS ADMINISTRATION (HUMAN RESOURCES & MARKETING SPECIALIST),Business,Business Administration,Y,SS,ND,ND,ND,ND,ND
200216,TRIOS COLLEGE BUSINESS TECHNOLOGY HEALTHCARE INC.,101538,"TRIOS COLLEGE BUSINESS TECHNOLOGY HEALTHCARE, MISSISSAUGA",MISSISSAUGA,L5B1M3,BUSINESS AND DIGITAL MARKETING SPECIALIST,Business,Marketing/Advertising,Y,0.83,0.00,0.00,1.00,ND,ND
200216,TRIOS COLLEGE BUSINESS TECHNOLOGY HEALTHCARE INC.,101538,"TRIOS COLLEGE BUSINESS TECHNOLOGY HEALTHCARE, MISSISSAUGA",MISSISSAUGA,L5B1M3,COMMUNITY SERVICES WORKER (+INTERNSHIP),Community and Social Services,Community Services Worker,Y,0.74,0.60,0.40,1.00,ND,ND
200216,TRIOS COLLEGE BUSINESS TECHNOLOGY HEALTHCARE INC.,101538,"TRIOS COLLEGE BUSINESS TECHNOLOGY HEALTHCARE, MISSISSAUGA",MISSISSAUGA,L5B1M3,DIGITAL MARKETING SPECIALIST,Business,Marketing/Advertising,Y,1.00,0.00,0.00,1.00,ND,ND
200216,TRIOS COLLEGE BUSINESS TECHNOLOGY HEALTHCARE INC.,101538,"TRIOS COLLEGE BUSINESS TECHNOLOGY HEALTHCARE, MISSISSAUGA",MISSISSAUGA,L5B1M3,ENTERPRISE WEB & MOBILE DEVELOPER + INTERNSHIP,Computer and Information Technology,Information Technology,Y,0.64,0.00,0.00,1.00,ND,ND
200216,TRIOS COLLEGE BUSINESS TECHNOLOGY HEALTHCARE INC.,101538,"TRIOS COLLEGE BUSINESS TECHNOLOGY HEALTHCARE, MISSISSAUGA",MISSISSAUGA,L5B1M3,ENTERPRISE WEB & MOBILE DEVELOPER,Computer and Information Technology,Other - Information Technology,Y,SS,ND,ND,ND,ND,ND
200216,TRIOS COLLEGE BUSINESS TECHNOLOGY HEALTHCARE INC.,101538,"TRIOS COLLEGE BUSINESS TECHNOLOGY HEALTHCARE, MISSISSAUGA",MISSISSAUGA,L5B1M3,HONOURS BUSINESS ADMINISTRATION (+INTERNSHIP),Business,Business Administration,Y,0.58,0.50,0.50,0.50,ND,ND
200216,TRIOS COLLEGE BUSINESS TECHNOLOGY HEALTHCARE INC.,101538,"TRIOS COLLEGE BUSINESS TECHNOLOGY HEALTHCARE, MISSISSAUGA",MISSISSAUGA,L5B1M3,HONOURS BUSINESS ADMINISTRATION,Business,Business Administration,Y,SS,ND,ND,ND,ND,ND
200216,TRIOS COLLEGE BUSINESS TECHNOLOGY HEALTHCARE INC.,101538,"TRIOS COLLEGE BUSINESS TECHNOLOGY HEALTHCARE, MISSISSAUGA",MISSISSAUGA,L5B1M3,"INFORMATION TECHNOLOGY ADMINISTRATOR (LINUX, SECURITY & DATABASE SPECIALIST) + INTERNSHIP",Computer and Information Technology,Information Technology,Y,SS,ND,ND,ND,ND,ND
200216,TRIOS COLLEGE BUSINESS TECHNOLOGY HEALTHCARE INC.,101538,"TRIOS COLLEGE BUSINESS TECHNOLOGY HEALTHCARE, MISSISSAUGA",MISSISSAUGA,L5B1M3,"INFORMATION TECHNOLOGY ADMINISTRATOR (LINUX, SECURITY & DATABASE SPECIALIST)",Computer and Information Technology,Information Technology,Y,SS,ND,ND,ND,ND,ND
200216,TRIOS COLLEGE BUSINESS TECHNOLOGY HEALTHCARE INC.,101538,"TRIOS COLLEGE BUSINESS TECHNOLOGY HEALTHCARE, MISSISSAUGA",MISSISSAUGA,L5B1M3,"INFORMATION TECHNOLOGY ADMINISTRATOR (MESSAGING, MOBILE, LINUX & SECURITY SPECIALIST) + INTERNSHIP",Computer and Information Technology,Information Technology,Y,SS,ND,ND,ND,ND,ND
200216,TRIOS COLLEGE BUSINESS TECHNOLOGY HEALTHCARE INC.,101538,"TRIOS COLLEGE BUSINESS TECHNOLOGY HEALTHCARE, MISSISSAUGA",MISSISSAUGA,L5B1M3,"INFORMATION TECHNOLOGY ADMINISTRATOR (MESSAGING, MOBILE, LINUX & SECURITY SPECIALIST)",Computer and Information Technology,Information Technology,Y,SS,ND,ND,ND,ND,ND
200216,TRIOS COLLEGE BUSINESS TECHNOLOGY HEALTHCARE INC.,101538,"TRIOS COLLEGE BUSINESS TECHNOLOGY HEALTHCARE, MISSISSAUGA",MISSISSAUGA,L5B1M3,"INFORMATION TECHNOLOGY ADMINISTRATOR (WINDOWS SERVER, MESSAGING & MOBILE SPECIALIST) + INTERNSHIP",Computer and Information Technology,Information Technology,Y,SS,ND,ND,ND,ND,ND
200216,TRIOS COLLEGE BUSINESS TECHNOLOGY HEALTHCARE INC.,101538,"TRIOS COLLEGE BUSINESS TECHNOLOGY HEALTHCARE, MISSISSAUGA",MISSISSAUGA,L5B1M3,"INFORMATION TECHNOLOGY ADMINISTRATOR (WINDOWS SERVER, MESSAGING & MOBILE SPECIALIST)",Computer and Information Technology,Other - Information Technology,Y,SS,ND,ND,ND,ND,ND
200216,TRIOS COLLEGE BUSINESS TECHNOLOGY HEALTHCARE INC.,101538,"TRIOS COLLEGE BUSINESS TECHNOLOGY HEALTHCARE, MISSISSAUGA",MISSISSAUGA,L5B1M3,INFORMATION TECHNOLOGY PROFESSIONAL + INTERNSHIP,Computer and Information Technology,Other - Information Technology,Y,0.77,0.67,0.33,0.00,ND,ND
200216,TRIOS COLLEGE BUSINESS TECHNOLOGY HEALTHCARE INC.,101538,"TRIOS COLLEGE BUSINESS TECHNOLOGY HEALTHCARE, MISSISSAUGA",MISSISSAUGA,L5B1M3,LAW CLERK SPECIALIST,Law and Public Safety,Legal Office Administration,Y,0.78,0.00,0.00,0.00,ND,ND
200216,TRIOS COLLEGE BUSINESS TECHNOLOGY HEALTHCARE INC.,101538,"TRIOS COLLEGE BUSINESS TECHNOLOGY HEALTHCARE, MISSISSAUGA",MISSISSAUGA,L5B1M3,MASSAGE THERAPY,Health Services,Massage Therapist,Y,0.67,0.80,0.60,0.40,ND,ND
200216,TRIOS COLLEGE BUSINESS TECHNOLOGY HEALTHCARE INC.,101538,"TRIOS COLLEGE BUSINESS TECHNOLOGY HEALTHCARE, MISSISSAUGA",MISSISSAUGA,L5B1M3,MEDICAL OFFICE ASSISTANT (+INTERNSHIP),Health Services,Medical Office Administration/Management,Y,0.74,1.00,1.00,1.00,1.00,ND
200216,TRIOS COLLEGE BUSINESS TECHNOLOGY HEALTHCARE INC.,101538,"TRIOS COLLEGE BUSINESS TECHNOLOGY HEALTHCARE, MISSISSAUGA",MISSISSAUGA,L5B1M3,MEDICAL OFFICE ASSISTANT,Health Services,Medical Office Administration/Management,Y,SS,ND,ND,ND,ND,ND
200216,TRIOS COLLEGE BUSINESS TECHNOLOGY HEALTHCARE INC.,101538,"TRIOS COLLEGE BUSINESS TECHNOLOGY HEALTHCARE, MISSISSAUGA",MISSISSAUGA,L5B1M3,MEDICAL TRANSCRIPTIONIST,Health Services,Medical Office Administration/Management,Y,SS,ND,ND,ND,ND,ND
200216,TRIOS COLLEGE BUSINESS TECHNOLOGY HEALTHCARE INC.,101538,"TRIOS COLLEGE BUSINESS TECHNOLOGY HEALTHCARE, MISSISSAUGA",MISSISSAUGA,L5B1M3,NETWORK ADMINISTRATOR,Computer and Information Technology,Information Technology,Y,0.71,ND,ND,ND,ND,ND
200216,TRIOS COLLEGE BUSINESS TECHNOLOGY HEALTHCARE INC.,101538,"TRIOS COLLEGE BUSINESS TECHNOLOGY HEALTHCARE, MISSISSAUGA",MISSISSAUGA,L5B1M3,OFFICE ADMINISTRATOR (ACCOUNTING SPECIALIST),Business,Office Administration,Y,SS,ND,ND,ND,ND,ND
200216,TRIOS COLLEGE BUSINESS TECHNOLOGY HEALTHCARE INC.,101538,"TRIOS COLLEGE BUSINESS TECHNOLOGY HEALTHCARE, MISSISSAUGA",MISSISSAUGA,L5B1M3,PARALEGAL,Law and Public Safety,Paralegal,Y,0.67,0.70,0.30,0.30,ND,ND
200216,TRIOS COLLEGE BUSINESS TECHNOLOGY HEALTHCARE INC.,101538,"TRIOS COLLEGE BUSINESS TECHNOLOGY HEALTHCARE, MISSISSAUGA",MISSISSAUGA,L5B1M3,PERSONAL SUPPORT WORKER,Health Services,Personal Support Worker/Personal Attendant,Y,0.78,0.83,0.74,0.92,1.00,ND
200216,TRIOS COLLEGE BUSINESS TECHNOLOGY HEALTHCARE INC.,101538,"TRIOS COLLEGE BUSINESS TECHNOLOGY HEALTHCARE, MISSISSAUGA",MISSISSAUGA,L5B1M3,POLICE FOUNDATIONS & SECURITY,Law and Public Safety,Law Enforcement/Police Foundations,Y,0.43,ND,ND,ND,ND,ND
200216,TRIOS COLLEGE BUSINESS TECHNOLOGY HEALTHCARE INC.,101538,"TRIOS COLLEGE BUSINESS TECHNOLOGY HEALTHCARE, MISSISSAUGA",MISSISSAUGA,L5B1M3,SUPPLY CHAIN & LOGISTICS (+INTERNSHIP),Business,Office Administration,Y,0.83,0.00,0.00,1.00,ND,ND
200216,TRIOS COLLEGE BUSINESS TECHNOLOGY HEALTHCARE INC.,101538,"TRIOS COLLEGE BUSINESS TECHNOLOGY HEALTHCARE, MISSISSAUGA",MISSISSAUGA,L5B1M3,SUPPLY CHAIN & LOGISTICS,Business,Office Administration,Y,0.90,ND,ND,ND,ND,ND
200216,TRIOS COLLEGE BUSINESS TECHNOLOGY HEALTHCARE INC.,101538,"TRIOS COLLEGE BUSINESS TECHNOLOGY HEALTHCARE, MISSISSAUGA",MISSISSAUGA,L5B1M3,VIDEO GAME ART (+ INTERNSHIP),Applied Arts and Science,Animations,Y,0.22,SS,SS,SS,ND,ND
200216,TRIOS COLLEGE BUSINESS TECHNOLOGY HEALTHCARE INC.,101538,"TRIOS COLLEGE BUSINESS TECHNOLOGY HEALTHCARE, MISSISSAUGA",MISSISSAUGA,L5B1M3,VIDEO GAME ART,Applied Arts and Science,Animations,Y,SS,ND,ND,ND,ND,ND
200216,TRIOS COLLEGE BUSINESS TECHNOLOGY HEALTHCARE INC.,101538,"TRIOS COLLEGE BUSINESS TECHNOLOGY HEALTHCARE, MISSISSAUGA",MISSISSAUGA,L5B1M3,WEB TECHNOLOGY SPECIALIST,Computer and Information Technology,Information Technology,Y,0.38,ND,ND,SS,ND,ND
200216,TRIOS COLLEGE BUSINESS TECHNOLOGY HEALTHCARE INC.,101541,"TRIOS COLLEGE BUSINESS TECHNOLOGY HEALTHCARE, TORONTO",TORONTO,M4W3R8,+,,,Y,0.73,0.61,0.42,0.65,0.92,0.09
200216,TRIOS COLLEGE BUSINESS TECHNOLOGY HEALTHCARE INC.,101541,"TRIOS COLLEGE BUSINESS TECHNOLOGY HEALTHCARE, TORONTO",TORONTO,M4W3R8,ACCOUNTING & PAYROLL ADMINISTRATOR,Business,Accounting,Y,SS,0.50,0.25,0.67,1.00,ND
200216,TRIOS COLLEGE BUSINESS TECHNOLOGY HEALTHCARE INC.,101541,"TRIOS COLLEGE BUSINESS TECHNOLOGY HEALTHCARE, TORONTO",TORONTO,M4W3R8,ACCOUNTING & PAYROLL SPECIALIST,Business,Accounting,Y,0.78,0.61,0.44,0.65,ND,ND
200216,TRIOS COLLEGE BUSINESS TECHNOLOGY HEALTHCARE INC.,101541,"TRIOS COLLEGE BUSINESS TECHNOLOGY HEALTHCARE, TORONTO",TORONTO,M4W3R8,ADDICTION WORKER,Community and Social Services,Community Services Worker,Y,ND,0.91,0.82,0.77,ND,ND
200216,TRIOS COLLEGE BUSINESS TECHNOLOGY HEALTHCARE INC.,101541,"TRIOS COLLEGE BUSINESS TECHNOLOGY HEALTHCARE, TORONTO",TORONTO,M4W3R8,ADMINISTRATIVE ASSISTANT,Business,Office Administration,Y,1.00,0.00,0.00,1.00,ND,ND
200216,TRIOS COLLEGE BUSINESS TECHNOLOGY HEALTHCARE INC.,101541,"TRIOS COLLEGE BUSINESS TECHNOLOGY HEALTHCARE, TORONTO",TORONTO,M4W3R8,APPLICATIONS DEVELOPER (ENTERPRISE MOBILE SPECIALIST) + INTERNSHIP,Computer and Information Technology,Information Technology,Y,SS,ND,ND,ND,ND,ND
200216,TRIOS COLLEGE BUSINESS TECHNOLOGY HEALTHCARE INC.,101541,"TRIOS COLLEGE BUSINESS TECHNOLOGY HEALTHCARE, TORONTO",TORONTO,M4W3R8,APPLICATIONS DEVELOPER (ENTERPRISE MOBILE SPECIALIST),Computer and Information Technology,Information Technology,Y,SS,ND,ND,ND,ND,ND
200216,TRIOS COLLEGE BUSINESS TECHNOLOGY HEALTHCARE INC.,101541,"TRIOS COLLEGE BUSINESS TECHNOLOGY HEALTHCARE, TORONTO",TORONTO,M4W3R8,APPLICATIONS DEVELOPER (MOBILE SPECIALIST) + INTERNSHIP,Computer and Information Technology,Information Technology,Y,SS,ND,ND,ND,ND,ND
200216,TRIOS COLLEGE BUSINESS TECHNOLOGY HEALTHCARE INC.,101541,"TRIOS COLLEGE BUSINESS TECHNOLOGY HEALTHCARE, TORONTO",TORONTO,M4W3R8,APPLICATIONS DEVELOPER (MOBILE SPECIALIST),Computer and Information Technology,Information Technology,Y,SS,SS,SS,SS,ND,ND
200216,TRIOS COLLEGE BUSINESS TECHNOLOGY HEALTHCARE INC.,101541,"TRIOS COLLEGE BUSINESS TECHNOLOGY HEALTHCARE, TORONTO",TORONTO,M4W3R8,APPLICATIONS DEVELOPER (MOBILE WEB SPECIALIST) + INTERNSHIP,Computer and Information Technology,Information Technology,Y,0.57,0.29,0.00,0.63,ND,ND
200216,TRIOS COLLEGE BUSINESS TECHNOLOGY HEALTHCARE INC.,101541,"TRIOS COLLEGE BUSINESS TECHNOLOGY HEALTHCARE, TORONTO",TORONTO,M4W3R8,APPLICATIONS DEVELOPER (MOBILE WEB SPECIALIST),Computer and Information Technology,Information Technology,Y,SS,ND,ND,ND,ND,ND
200216,TRIOS COLLEGE BUSINESS TECHNOLOGY HEALTHCARE INC.,101541,"TRIOS COLLEGE BUSINESS TECHNOLOGY HEALTHCARE, TORONTO",TORONTO,M4W3R8,BUSINESS ADMINISTRATION (APPLICATION & ACCOUNTING SPECIALIST),Business,Business Administration,Y,SS,0.78,0.78,0.82,ND,ND
200216,TRIOS COLLEGE BUSINESS TECHNOLOGY HEALTHCARE INC.,101541,"TRIOS COLLEGE BUSINESS TECHNOLOGY HEALTHCARE, TORONTO",TORONTO,M4W3R8,BUSINESS ADMINISTRATION (HUMAN RESOURCES & APPLICATIONS SPECIALIST),Business,Business Administration,Y,ND,ND,ND,SS,ND,ND
200216,TRIOS COLLEGE BUSINESS TECHNOLOGY HEALTHCARE INC.,101541,"TRIOS COLLEGE BUSINESS TECHNOLOGY HEALTHCARE, TORONTO",TORONTO,M4W3R8,BUSINESS ADMINISTRATION (HUMAN RESOURCES & MARKETING SPECIALIST),Business,Business Administration,Y,0.71,0.50,0.20,0.33,ND,ND
200216,TRIOS COLLEGE BUSINESS TECHNOLOGY HEALTHCARE INC.,101541,"TRIOS COLLEGE BUSINESS TECHNOLOGY HEALTHCARE, TORONTO",TORONTO,M4W3R8,BUSINESS AND DIGITAL MARKETING SPECIALIST,Business,Marketing/Advertising,Y,0.80,0.67,0.22,0.40,ND,ND
200216,TRIOS COLLEGE BUSINESS TECHNOLOGY HEALTHCARE INC.,101541,"TRIOS COLLEGE BUSINESS TECHNOLOGY HEALTHCARE, TORONTO",TORONTO,M4W3R8,COMMUNITY SERVICES WORKER (+INTERNSHIP),Community and Social Services,Community Services Worker,Y,0.88,0.59,0.45,0.60,1.00,ND
200216,TRIOS COLLEGE BUSINESS TECHNOLOGY HEALTHCARE INC.,101541,"TRIOS COLLEGE BUSINESS TECHNOLOGY HEALTHCARE, TORONTO",TORONTO,M4W3R8,COMMUNITY SERVICES WORKER,Community and Social Services,Community Services Worker,Y,ND,SS,SS,SS,ND,ND
200216,TRIOS COLLEGE BUSINESS TECHNOLOGY HEALTHCARE INC.,101541,"TRIOS COLLEGE BUSINESS TECHNOLOGY HEALTHCARE, TORONTO",TORONTO,M4W3R8,DIGITAL MARKETING SPECIALIST,Business,Marketing/Advertising,Y,0.84,0.46,0.15,0.29,ND,ND
200216,TRIOS COLLEGE BUSINESS TECHNOLOGY HEALTHCARE INC.,101541,"TRIOS COLLEGE BUSINESS TECHNOLOGY HEALTHCARE, TORONTO",TORONTO,M4W3R8,ENTERPRISE WEB & MOBILE DEVELOPER + INTERNSHIP,Computer and Information Technology,Information Technology,Y,0.85,0.50,0.25,0.25,ND,ND
200216,TRIOS COLLEGE BUSINESS TECHNOLOGY HEALTHCARE INC.,101541,"TRIOS COLLEGE BUSINESS TECHNOLOGY HEALTHCARE, TORONTO",TORONTO,M4W3R8,ENTERPRISE WEB & MOBILE DEVELOPER,Computer and Information Technology,Other - Information Technology,Y,SS,ND,ND,ND,ND,ND
200216,TRIOS COLLEGE BUSINESS TECHNOLOGY HEALTHCARE INC.,101541,"TRIOS COLLEGE BUSINESS TECHNOLOGY HEALTHCARE, TORONTO",TORONTO,M4W3R8,HONOURS BUSINESS ADMINISTRATION (+INTERNSHIP),Business,Business Administration,Y,0.83,0.57,0.57,0.71,ND,ND
200216,TRIOS COLLEGE BUSINESS TECHNOLOGY HEALTHCARE INC.,101541,"TRIOS COLLEGE BUSINESS TECHNOLOGY HEALTHCARE, TORONTO",TORONTO,M4W3R8,HONOURS BUSINESS ADMINISTRATION,Business,Business Administration,Y,ND,SS,SS,SS,ND,ND
200216,TRIOS COLLEGE BUSINESS TECHNOLOGY HEALTHCARE INC.,101541,"TRIOS COLLEGE BUSINESS TECHNOLOGY HEALTHCARE, TORONTO",TORONTO,M4W3R8,INFORMATION TECHNOLOGY ADMINISTRATOR (DATABASE & WINDOWS SERVER SPECIALIST),Computer and Information Technology,Information Technology,Y,ND,SS,SS,SS,ND,ND
200216,TRIOS COLLEGE BUSINESS TECHNOLOGY HEALTHCARE INC.,101541,"TRIOS COLLEGE BUSINESS TECHNOLOGY HEALTHCARE, TORONTO",TORONTO,M4W3R8,"INFORMATION TECHNOLOGY ADMINISTRATOR (LINUX, SECURITY & DATABASE SPECIALIST) + INTERNSHIP",Computer and Information Technology,Information Technology,Y,SS,ND,ND,ND,ND,ND
200216,TRIOS COLLEGE BUSINESS TECHNOLOGY HEALTHCARE INC.,101541,"TRIOS COLLEGE BUSINESS TECHNOLOGY HEALTHCARE, TORONTO",TORONTO,M4W3R8,"INFORMATION TECHNOLOGY ADMINISTRATOR (WINDOWS SERVER, MESSAGING & MOBILE SPECIALIST) + INTERNSHIP",Computer and Information Technology,Information Technology,Y,0.62,ND,ND,ND,ND,ND
200216,TRIOS COLLEGE BUSINESS TECHNOLOGY HEALTHCARE INC.,101541,"TRIOS COLLEGE BUSINESS TECHNOLOGY HEALTHCARE, TORONTO",TORONTO,M4W3R8,"INFORMATION TECHNOLOGY ADMINISTRATOR (WINDOWS SERVER, MESSAGING & MOBILE SPECIALIST)",Computer and Information Technology,Other - Information Technology,Y,SS,ND,ND,ND,ND,ND
200216,TRIOS COLLEGE BUSINESS TECHNOLOGY HEALTHCARE INC.,101541,"TRIOS COLLEGE BUSINESS TECHNOLOGY HEALTHCARE, TORONTO",TORONTO,M4W3R8,INFORMATION TECHNOLOGY PROFESSIONAL + INTERNSHIP,Computer and Information Technology,Other - Information Technology,Y,SS,0.44,0.11,0.30,ND,ND
200216,TRIOS COLLEGE BUSINESS TECHNOLOGY HEALTHCARE INC.,101541,"TRIOS COLLEGE BUSINESS TECHNOLOGY HEALTHCARE, TORONTO",TORONTO,M4W3R8,INFORMATION TECHNOLOGY PROFESSIONAL,Computer and Information Technology,Other - Information Technology,Y,ND,SS,SS,SS,ND,ND
200216,TRIOS COLLEGE BUSINESS TECHNOLOGY HEALTHCARE INC.,101541,"TRIOS COLLEGE BUSINESS TECHNOLOGY HEALTHCARE, TORONTO",TORONTO,M4W3R8,LAW CLERK SPECIALIST,Law and Public Safety,Legal Office Administration,Y,0.56,0.78,0.56,0.44,1.00,ND
200216,TRIOS COLLEGE BUSINESS TECHNOLOGY HEALTHCARE INC.,101541,"TRIOS COLLEGE BUSINESS TECHNOLOGY HEALTHCARE, TORONTO",TORONTO,M4W3R8,LEGAL ASSISTANT,Law and Public Safety,Legal Office Administration,Y,0.60,SS,SS,SS,ND,ND
200216,TRIOS COLLEGE BUSINESS TECHNOLOGY HEALTHCARE INC.,101541,"TRIOS COLLEGE BUSINESS TECHNOLOGY HEALTHCARE, TORONTO",TORONTO,M4W3R8,MASSAGE THERAPY,Health Services,Massage Therapist,Y,0.63,0.25,0.00,0.50,ND,ND
200216,TRIOS COLLEGE BUSINESS TECHNOLOGY HEALTHCARE INC.,101541,"TRIOS COLLEGE BUSINESS TECHNOLOGY HEALTHCARE, TORONTO",TORONTO,M4W3R8,MEDICAL OFFICE ASSISTANT (+INTERNSHIP),Health Services,Medical Office Administration/Management,Y,0.78,0.56,0.36,0.76,1.00,ND
200216,TRIOS COLLEGE BUSINESS TECHNOLOGY HEALTHCARE INC.,101541,"TRIOS COLLEGE BUSINESS TECHNOLOGY HEALTHCARE, TORONTO",TORONTO,M4W3R8,MEDICAL OFFICE ASSISTANT,Health Services,Medical Office Administration/Management,Y,SS,SS,SS,SS,ND,ND
200216,TRIOS COLLEGE BUSINESS TECHNOLOGY HEALTHCARE INC.,101541,"TRIOS COLLEGE BUSINESS TECHNOLOGY HEALTHCARE, TORONTO",TORONTO,M4W3R8,NETWORK ADMINISTRATOR - REMOTE LEARNING,Computer and Information Technology,Information Technology,Y,0.81,ND,ND,ND,ND,ND
200216,TRIOS COLLEGE BUSINESS TECHNOLOGY HEALTHCARE INC.,101541,"TRIOS COLLEGE BUSINESS TECHNOLOGY HEALTHCARE, TORONTO",TORONTO,M4W3R8,NETWORK ADMINISTRATOR,Computer and Information Technology,Information Technology,Y,0.88,0.50,0.27,0.54,1.00,ND
200216,TRIOS COLLEGE BUSINESS TECHNOLOGY HEALTHCARE INC.,101541,"TRIOS COLLEGE BUSINESS TECHNOLOGY HEALTHCARE, TORONTO",TORONTO,M4W3R8,OFFICE ADMINISTRATOR (ACCOUNTING SPECIALIST),Business,Office Administration,Y,SS,ND,ND,ND,ND,ND
200216,TRIOS COLLEGE BUSINESS TECHNOLOGY HEALTHCARE INC.,101541,"TRIOS COLLEGE BUSINESS TECHNOLOGY HEALTHCARE, TORONTO",TORONTO,M4W3R8,OFFICE ADMINISTRATOR (APPLICATIONS SPECIALIST),Business,Office Administration,Y,SS,SS,SS,SS,ND,ND
200216,TRIOS COLLEGE BUSINESS TECHNOLOGY HEALTHCARE INC.,101541,"TRIOS COLLEGE BUSINESS TECHNOLOGY HEALTHCARE, TORONTO",TORONTO,M4W3R8,PARALEGAL,Law and Public Safety,Paralegal,Y,0.67,0.63,0.63,0.50,ND,ND
200216,TRIOS COLLEGE BUSINESS TECHNOLOGY HEALTHCARE INC.,101541,"TRIOS COLLEGE BUSINESS TECHNOLOGY HEALTHCARE, TORONTO",TORONTO,M4W3R8,PERSONAL SUPPORT WORKER - HYBRID,Health Services,Personal Support Worker/ Personal Attendant (NACC),Y,SS,ND,ND,ND,ND,ND
200216,TRIOS COLLEGE BUSINESS TECHNOLOGY HEALTHCARE INC.,101541,"TRIOS COLLEGE BUSINESS TECHNOLOGY HEALTHCARE, TORONTO",TORONTO,M4W3R8,PERSONAL SUPPORT WORKER,Health Services,Personal Support Worker/Personal Attendant,Y,0.67,0.78,0.62,0.88,0.80,ND
200216,TRIOS COLLEGE BUSINESS TECHNOLOGY HEALTHCARE INC.,101541,"TRIOS COLLEGE BUSINESS TECHNOLOGY HEALTHCARE, TORONTO",TORONTO,M4W3R8,PHARMACY ASSISTANT - HYBRID,Health Services,Pharmaceutical Technology,Y,0.83,ND,ND,ND,ND,ND
200216,TRIOS COLLEGE BUSINESS TECHNOLOGY HEALTHCARE INC.,101541,"TRIOS COLLEGE BUSINESS TECHNOLOGY HEALTHCARE, TORONTO",TORONTO,M4W3R8,PHARMACY ASSISTANT,Health Services,Pharmaceutical Technology,Y,0.80,0.44,0.30,0.69,1.00,ND
200216,TRIOS COLLEGE BUSINESS TECHNOLOGY HEALTHCARE INC.,101541,"TRIOS COLLEGE BUSINESS TECHNOLOGY HEALTHCARE, TORONTO",TORONTO,M4W3R8,PHYSIOTHERAPY ASSISTANT,Health Services,Physiotherapy/Occupational Therapy,Y,SS,ND,ND,ND,ND,ND
200216,TRIOS COLLEGE BUSINESS TECHNOLOGY HEALTHCARE INC.,101541,"TRIOS COLLEGE BUSINESS TECHNOLOGY HEALTHCARE, TORONTO",TORONTO,M4W3R8,PHYSIOTHERAPY ASSISTANT/OCCUPATIONAL THERAPY ASSISTANT,Health Services,Physiotherapy/Occupational Therapy,Y,0.86,0.67,0.56,0.67,1.00,ND
200216,TRIOS COLLEGE BUSINESS TECHNOLOGY HEALTHCARE INC.,101541,"TRIOS COLLEGE BUSINESS TECHNOLOGY HEALTHCARE, TORONTO",TORONTO,M4W3R8,POLICE FOUNDATIONS - REMOTE LEARNING,Law and Public Safety,Law Enforcement/Police Foundations,Y,0.72,ND,ND,ND,ND,ND
200216,TRIOS COLLEGE BUSINESS TECHNOLOGY HEALTHCARE INC.,101541,"TRIOS COLLEGE BUSINESS TECHNOLOGY HEALTHCARE, TORONTO",TORONTO,M4W3R8,POLICE FOUNDATIONS & SECURITY,Law and Public Safety,Law Enforcement/Police Foundations,Y,ND,1.00,0.60,0.80,ND,ND
200216,TRIOS COLLEGE BUSINESS TECHNOLOGY HEALTHCARE INC.,101541,"TRIOS COLLEGE BUSINESS TECHNOLOGY HEALTHCARE, TORONTO",TORONTO,M4W3R8,SUPPLY CHAIN & LOGISTICS (+INTERNSHIP),Business,Office Administration,Y,0.82,0.64,0.52,0.56,ND,ND
200216,TRIOS COLLEGE BUSINESS TECHNOLOGY HEALTHCARE INC.,101541,"TRIOS COLLEGE BUSINESS TECHNOLOGY HEALTHCARE, TORONTO",TORONTO,M4W3R8,SUPPLY CHAIN & LOGISTICS,Business,Office Administration,Y,SS,0.40,0.20,0.20,ND,ND
200216,TRIOS COLLEGE BUSINESS TECHNOLOGY HEALTHCARE INC.,101541,"TRIOS COLLEGE BUSINESS TECHNOLOGY HEALTHCARE, TORONTO",TORONTO,M4W3R8,SUPPLY CHAIN & LOGISTICS- REMOTE LEARNING,Business,Supply Chain Management and Logistics,Y,SS,ND,ND,ND,ND,ND
200216,TRIOS COLLEGE BUSINESS TECHNOLOGY HEALTHCARE INC.,101541,"TRIOS COLLEGE BUSINESS TECHNOLOGY HEALTHCARE, TORONTO",TORONTO,M4W3R8,SUPPLY CHAIN & OPERATIONS MANAGEMENT (+INTERNSHIP),Business,Supply Chain Management and Logistics,Y,ND,SS,SS,SS,ND,ND
200216,TRIOS COLLEGE BUSINESS TECHNOLOGY HEALTHCARE INC.,101541,"TRIOS COLLEGE BUSINESS TECHNOLOGY HEALTHCARE, TORONTO",TORONTO,M4W3R8,SUPPLY CHAIN & OPERATIONS MANAGEMENT,Business,Supply Chain Management and Logistics,Y,0.71,ND,ND,ND,ND,ND
200216,TRIOS COLLEGE BUSINESS TECHNOLOGY HEALTHCARE INC.,101541,"TRIOS COLLEGE BUSINESS TECHNOLOGY HEALTHCARE, TORONTO",TORONTO,M4W3R8,VIDEO GAME ART (+ INTERNSHIP),Applied Arts and Science,Animations,Y,0.67,1.00,0.00,0.00,ND,ND
200216,TRIOS COLLEGE BUSINESS TECHNOLOGY HEALTHCARE INC.,101541,"TRIOS COLLEGE BUSINESS TECHNOLOGY HEALTHCARE, TORONTO",TORONTO,M4W3R8,WEB TECHNOLOGY SPECIALIST - REMOTE LEARNING,Computer and Information Technology,Information Technology,Y,0.93,ND,ND,ND,ND,ND
200216,TRIOS COLLEGE BUSINESS TECHNOLOGY HEALTHCARE INC.,101541,"TRIOS COLLEGE BUSINESS TECHNOLOGY HEALTHCARE, TORONTO",TORONTO,M4W3R8,WEB TECHNOLOGY SPECIALIST,Computer and Information Technology,Information Technology,Y,0.57,0.39,0.17,0.42,ND,ND
200216,TRIOS COLLEGE BUSINESS TECHNOLOGY HEALTHCARE INC.,101543,"TRIOS COLLEGE BUSINESS TECHNOLOGY HEALTHCARE, WINDSOR",WINDSOR,N8T1E9,+,,,Y,0.69,0.82,0.68,0.87,1.00,0.14
200216,TRIOS COLLEGE BUSINESS TECHNOLOGY HEALTHCARE INC.,101543,"TRIOS COLLEGE BUSINESS TECHNOLOGY HEALTHCARE, WINDSOR",WINDSOR,N8T1E9,ACCOUNTING & PAYROLL ADMINISTRATOR,Business,Accounting,Y,SS,SS,SS,SS,ND,ND
200216,TRIOS COLLEGE BUSINESS TECHNOLOGY HEALTHCARE INC.,101543,"TRIOS COLLEGE BUSINESS TECHNOLOGY HEALTHCARE, WINDSOR",WINDSOR,N8T1E9,ACCOUNTING & PAYROLL SPECIALIST,Business,Accounting,Y,0.71,0.67,0.50,0.29,ND,ND
200216,TRIOS COLLEGE BUSINESS TECHNOLOGY HEALTHCARE INC.,101543,"TRIOS COLLEGE BUSINESS TECHNOLOGY HEALTHCARE, WINDSOR",WINDSOR,N8T1E9,BUSINESS ADMINISTRATION (APPLICATION & ACCOUNTING SPECIALIST),Business,Business Administration,Y,0.83,0.00,0.00,1.00,ND,ND
200216,TRIOS COLLEGE BUSINESS TECHNOLOGY HEALTHCARE INC.,101543,"TRIOS COLLEGE BUSINESS TECHNOLOGY HEALTHCARE, WINDSOR",WINDSOR,N8T1E9,BUSINESS ADMINISTRATION (HUMAN RESOURCES & MARKETING SPECIALIST),Business,Business Administration,Y,SS,ND,ND,ND,ND,ND
200216,TRIOS COLLEGE BUSINESS TECHNOLOGY HEALTHCARE INC.,101543,"TRIOS COLLEGE BUSINESS TECHNOLOGY HEALTHCARE, WINDSOR",WINDSOR,N8T1E9,BUSINESS AND DIGITAL MARKETING SPECIALIST,Business,Marketing/Advertising,Y,0.82,ND,ND,ND,ND,ND
200216,TRIOS COLLEGE BUSINESS TECHNOLOGY HEALTHCARE INC.,101543,"TRIOS COLLEGE BUSINESS TECHNOLOGY HEALTHCARE, WINDSOR",WINDSOR,N8T1E9,COMMUNITY SERVICES WORKER (+INTERNSHIP),Community and Social Services,Community Services Worker,Y,0.79,0.75,0.75,0.75,ND,ND
200216,TRIOS COLLEGE BUSINESS TECHNOLOGY HEALTHCARE INC.,101543,"TRIOS COLLEGE BUSINESS TECHNOLOGY HEALTHCARE, WINDSOR",WINDSOR,N8T1E9,DIGITAL MARKETING SPECIALIST,Business,Marketing/Advertising,Y,0.67,SS,SS,SS,ND,ND
200216,TRIOS COLLEGE BUSINESS TECHNOLOGY HEALTHCARE INC.,101543,"TRIOS COLLEGE BUSINESS TECHNOLOGY HEALTHCARE, WINDSOR",WINDSOR,N8T1E9,HONOURS BUSINESS ADMINISTRATION (+INTERNSHIP),Business,Business Administration,Y,0.22,SS,SS,SS,ND,ND
200216,TRIOS COLLEGE BUSINESS TECHNOLOGY HEALTHCARE INC.,101543,"TRIOS COLLEGE BUSINESS TECHNOLOGY HEALTHCARE, WINDSOR",WINDSOR,N8T1E9,HONOURS BUSINESS ADMINISTRATION,Business,Business Administration,Y,SS,ND,ND,ND,ND,ND
200216,TRIOS COLLEGE BUSINESS TECHNOLOGY HEALTHCARE INC.,101543,"TRIOS COLLEGE BUSINESS TECHNOLOGY HEALTHCARE, WINDSOR",WINDSOR,N8T1E9,LAW CLERK SPECIALIST,Law and Public Safety,Legal Office Administration,Y,0.88,1.00,0.00,1.00,ND,ND
200216,TRIOS COLLEGE BUSINESS TECHNOLOGY HEALTHCARE INC.,101543,"TRIOS COLLEGE BUSINESS TECHNOLOGY HEALTHCARE, WINDSOR",WINDSOR,N8T1E9,LEGAL ASSISTANT,Law and Public Safety,Legal Office Administration,Y,SS,ND,ND,ND,ND,ND
200216,TRIOS COLLEGE BUSINESS TECHNOLOGY HEALTHCARE INC.,101543,"TRIOS COLLEGE BUSINESS TECHNOLOGY HEALTHCARE, WINDSOR",WINDSOR,N8T1E9,MASSAGE THERAPY,Health Services,Massage Therapist,Y,0.29,ND,ND,ND,ND,ND
200216,TRIOS COLLEGE BUSINESS TECHNOLOGY HEALTHCARE INC.,101543,"TRIOS COLLEGE BUSINESS TECHNOLOGY HEALTHCARE, WINDSOR",WINDSOR,N8T1E9,MEDICAL OFFICE ASSISTANT (+INTERNSHIP),Health Services,Medical Office Administration/Management,Y,0.72,1.00,0.75,1.00,ND,ND
200216,TRIOS COLLEGE BUSINESS TECHNOLOGY HEALTHCARE INC.,101543,"TRIOS COLLEGE BUSINESS TECHNOLOGY HEALTHCARE, WINDSOR",WINDSOR,N8T1E9,MEDICAL OFFICE ASSISTANT,Health Services,Medical Office Administration/Management,Y,SS,ND,ND,ND,ND,ND
200216,TRIOS COLLEGE BUSINESS TECHNOLOGY HEALTHCARE INC.,101543,"TRIOS COLLEGE BUSINESS TECHNOLOGY HEALTHCARE, WINDSOR",WINDSOR,N8T1E9,MEDICAL TRANSCRIPTIONIST,Health Services,Medical Office Administration/Management,Y,SS,ND,ND,ND,ND,ND
200216,TRIOS COLLEGE BUSINESS TECHNOLOGY HEALTHCARE INC.,101543,"TRIOS COLLEGE BUSINESS TECHNOLOGY HEALTHCARE, WINDSOR",WINDSOR,N8T1E9,NETWORK ADMINISTRATOR,Computer and Information Technology,Information Technology,Y,0.65,1.00,1.00,0.50,ND,ND
200216,TRIOS COLLEGE BUSINESS TECHNOLOGY HEALTHCARE INC.,101543,"TRIOS COLLEGE BUSINESS TECHNOLOGY HEALTHCARE, WINDSOR",WINDSOR,N8T1E9,OFFICE ADMINISTRATOR (ACCOUNTING SPECIALIST),Business,Office Administration,Y,0.71,ND,ND,ND,ND,ND
200216,TRIOS COLLEGE BUSINESS TECHNOLOGY HEALTHCARE INC.,101543,"TRIOS COLLEGE BUSINESS TECHNOLOGY HEALTHCARE, WINDSOR",WINDSOR,N8T1E9,PERSONAL SUPPORT WORKER,Health Services,Personal Support Worker/Personal Attendant,Y,0.73,0.85,0.74,0.94,1.00,ND
200216,TRIOS COLLEGE BUSINESS TECHNOLOGY HEALTHCARE INC.,101543,"TRIOS COLLEGE BUSINESS TECHNOLOGY HEALTHCARE, WINDSOR",WINDSOR,N8T1E9,PHARMACY ASSISTANT,Health Services,Pharmaceutical Technology,Y,SS,ND,ND,ND,ND,ND
200216,TRIOS COLLEGE BUSINESS TECHNOLOGY HEALTHCARE INC.,101543,"TRIOS COLLEGE BUSINESS TECHNOLOGY HEALTHCARE, WINDSOR",WINDSOR,N8T1E9,PHYSIOTHERAPY ASSISTANT,Health Services,Physiotherapy/Occupational Therapy,Y,0.70,0.75,0.50,1.00,ND,ND
200216,TRIOS COLLEGE BUSINESS TECHNOLOGY HEALTHCARE INC.,101543,"TRIOS COLLEGE BUSINESS TECHNOLOGY HEALTHCARE, WINDSOR",WINDSOR,N8T1E9,PHYSIOTHERAPY ASSISTANT/OCCUPATIONAL THERAPY ASSISTANT,Health Services,Physiotherapy/Occupational Therapy,Y,0.78,ND,ND,ND,ND,ND
200216,TRIOS COLLEGE BUSINESS TECHNOLOGY HEALTHCARE INC.,101543,"TRIOS COLLEGE BUSINESS TECHNOLOGY HEALTHCARE, WINDSOR",WINDSOR,N8T1E9,POLICE FOUNDATIONS & SECURITY,Law and Public Safety,Law Enforcement/Police Foundations,Y,0.40,ND,ND,ND,ND,ND
200216,TRIOS COLLEGE BUSINESS TECHNOLOGY HEALTHCARE INC.,101543,"TRIOS COLLEGE BUSINESS TECHNOLOGY HEALTHCARE, WINDSOR",WINDSOR,N8T1E9,SUPPLY CHAIN & LOGISTICS (+INTERNSHIP),Business,Office Administration,Y,0.54,ND,ND,ND,ND,ND
200216,TRIOS COLLEGE BUSINESS TECHNOLOGY HEALTHCARE INC.,101543,"TRIOS COLLEGE BUSINESS TECHNOLOGY HEALTHCARE, WINDSOR",WINDSOR,N8T1E9,SUPPLY CHAIN & LOGISTICS,Business,Office Administration,Y,SS,ND,ND,ND,ND,ND
200216,TRIOS COLLEGE BUSINESS TECHNOLOGY HEALTHCARE INC.,102146,"TRIOS COLLEGE BUSINESS TECHNOLOGY HEALTHCARE, HAMILTON",HAMILTON,L8N3Z1,+,,,Y,0.74,0.79,0.64,0.72,0.83,0.13
200216,TRIOS COLLEGE BUSINESS TECHNOLOGY HEALTHCARE INC.,102146,"TRIOS COLLEGE BUSINESS TECHNOLOGY HEALTHCARE, HAMILTON",HAMILTON,L8N3Z1,ACCOUNTING & PAYROLL ADMINISTRATOR,Business,Accounting,Y,SS,ND,ND,ND,ND,ND
200216,TRIOS COLLEGE BUSINESS TECHNOLOGY HEALTHCARE INC.,102146,"TRIOS COLLEGE BUSINESS TECHNOLOGY HEALTHCARE, HAMILTON",HAMILTON,L8N3Z1,ACCOUNTING & PAYROLL SPECIALIST,Business,Accounting,Y,0.88,0.64,0.64,0.67,0.00,ND
200216,TRIOS COLLEGE BUSINESS TECHNOLOGY HEALTHCARE INC.,102146,"TRIOS COLLEGE BUSINESS TECHNOLOGY HEALTHCARE, HAMILTON",HAMILTON,L8N3Z1,ADMINISTRATIVE ASSISTANT,Business,Office Administration,Y,SS,SS,SS,SS,ND,ND
200216,TRIOS COLLEGE BUSINESS TECHNOLOGY HEALTHCARE INC.,102146,"TRIOS COLLEGE BUSINESS TECHNOLOGY HEALTHCARE, HAMILTON",HAMILTON,L8N3Z1,BUSINESS ADMINISTRATION (APPLICATIONS & ACCOUNTING SPECIALIST),Business,Business Administration,Y,0.75,0.00,0.00,1.00,ND,ND
200216,TRIOS COLLEGE BUSINESS TECHNOLOGY HEALTHCARE INC.,102146,"TRIOS COLLEGE BUSINESS TECHNOLOGY HEALTHCARE, HAMILTON",HAMILTON,L8N3Z1,BUSINESS ADMINISTRATION (HUMAN RESOURCES & APPLICATIONS SPECIALIST),Business,Business Administration,Y,SS,ND,ND,ND,ND,ND
200216,TRIOS COLLEGE BUSINESS TECHNOLOGY HEALTHCARE INC.,102146,"TRIOS COLLEGE BUSINESS TECHNOLOGY HEALTHCARE, HAMILTON",HAMILTON,L8N3Z1,BUSINESS AND DIGITAL MARKETING SPECIALIST,Business,Marketing/Advertising,Y,0.55,1.00,0.00,0.50,ND,ND
200216,TRIOS COLLEGE BUSINESS TECHNOLOGY HEALTHCARE INC.,102146,"TRIOS COLLEGE BUSINESS TECHNOLOGY HEALTHCARE, HAMILTON",HAMILTON,L8N3Z1,COMMUNITY SERVICES WORKER (+INTERNSHIP),Community and Social Services,Community Services Worker,Y,0.50,0.50,0.50,0.50,ND,ND
200216,TRIOS COLLEGE BUSINESS TECHNOLOGY HEALTHCARE INC.,102146,"TRIOS COLLEGE BUSINESS TECHNOLOGY HEALTHCARE, HAMILTON",HAMILTON,L8N3Z1,COMMUNITY SERVICES WORKER,Community and Social Services,Community Services Worker,Y,SS,ND,ND,ND,ND,ND
200216,TRIOS COLLEGE BUSINESS TECHNOLOGY HEALTHCARE INC.,102146,"TRIOS COLLEGE BUSINESS TECHNOLOGY HEALTHCARE, HAMILTON",HAMILTON,L8N3Z1,DIGITAL MARKETING SPECIALIST,Business,Marketing/Advertising,Y,0.89,0.50,0.00,0.00,ND,ND
200216,TRIOS COLLEGE BUSINESS TECHNOLOGY HEALTHCARE INC.,102146,"TRIOS COLLEGE BUSINESS TECHNOLOGY HEALTHCARE, HAMILTON",HAMILTON,L8N3Z1,ENTERPRISE WEB & MOBILE DEVELOPER + INTERNSHIP,Computer and Information Technology,Information Technology,Y,SS,ND,ND,ND,ND,ND
200216,TRIOS COLLEGE BUSINESS TECHNOLOGY HEALTHCARE INC.,102146,"TRIOS COLLEGE BUSINESS TECHNOLOGY HEALTHCARE, HAMILTON",HAMILTON,L8N3Z1,HONOURS BUSINESS ADMINISTRATION (+INTERNSHIP),Business,Business Administration,Y,ND,SS,SS,SS,ND,ND
200216,TRIOS COLLEGE BUSINESS TECHNOLOGY HEALTHCARE INC.,102146,"TRIOS COLLEGE BUSINESS TECHNOLOGY HEALTHCARE, HAMILTON",HAMILTON,L8N3Z1,"INFORMATION TECHNOLOGY ADMINISTRATOR (WINDOWS SERVER, MESSAGING & MOBILE SPECIALIST) + INTERNSHIP",Computer and Information Technology,Information Technology,Y,0.86,ND,ND,ND,ND,ND
200216,TRIOS COLLEGE BUSINESS TECHNOLOGY HEALTHCARE INC.,102146,"TRIOS COLLEGE BUSINESS TECHNOLOGY HEALTHCARE, HAMILTON",HAMILTON,L8N3Z1,"INFORMATION TECHNOLOGY ADMINISTRATOR (WINDOWS SERVER, MESSAGING & MOBILE SPECIALIST)",Computer and Information Technology,Other - Information Technology,Y,SS,ND,ND,ND,ND,ND
200216,TRIOS COLLEGE BUSINESS TECHNOLOGY HEALTHCARE INC.,102146,"TRIOS COLLEGE BUSINESS TECHNOLOGY HEALTHCARE, HAMILTON",HAMILTON,L8N3Z1,LAW CLERK SPECIALIST,Law and Public Safety,Legal Office Administration,Y,0.75,0.80,0.60,0.67,ND,ND
200216,TRIOS COLLEGE BUSINESS TECHNOLOGY HEALTHCARE INC.,102146,"TRIOS COLLEGE BUSINESS TECHNOLOGY HEALTHCARE, HAMILTON",HAMILTON,L8N3Z1,LEGAL ASSISTANT,Law and Public Safety,Legal Office Administration,Y,SS,ND,ND,ND,ND,ND
200216,TRIOS COLLEGE BUSINESS TECHNOLOGY HEALTHCARE INC.,102146,"TRIOS COLLEGE BUSINESS TECHNOLOGY HEALTHCARE, HAMILTON",HAMILTON,L8N3Z1,MASSAGE THERAPY,Health Services,Massage Therapist,Y,0.81,1.00,0.00,0.00,ND,ND
200216,TRIOS COLLEGE BUSINESS TECHNOLOGY HEALTHCARE INC.,102146,"TRIOS COLLEGE BUSINESS TECHNOLOGY HEALTHCARE, HAMILTON",HAMILTON,L8N3Z1,MEDICAL OFFICE ASSISTANT (+INTERNSHIP),Health Services,Medical Office Administration/Management,Y,0.74,1.00,0.75,1.00,ND,ND
200216,TRIOS COLLEGE BUSINESS TECHNOLOGY HEALTHCARE INC.,102146,"TRIOS COLLEGE BUSINESS TECHNOLOGY HEALTHCARE, HAMILTON",HAMILTON,L8N3Z1,MEDICAL TRANSCRIPTIONIST,Health Services,Medical Office Administration/Management,Y,SS,SS,SS,SS,ND,ND
200216,TRIOS COLLEGE BUSINESS TECHNOLOGY HEALTHCARE INC.,102146,"TRIOS COLLEGE BUSINESS TECHNOLOGY HEALTHCARE, HAMILTON",HAMILTON,L8N3Z1,NETWORK ADMINISTRATOR,Computer and Information Technology,Information Technology,Y,1.00,1.00,0.00,0.00,1.00,ND
200216,TRIOS COLLEGE BUSINESS TECHNOLOGY HEALTHCARE INC.,102146,"TRIOS COLLEGE BUSINESS TECHNOLOGY HEALTHCARE, HAMILTON",HAMILTON,L8N3Z1,OFFICE ADMINISTRATOR (ACCOUNTING SPECIALIST),Business,Office Administration,Y,SS,ND,ND,ND,ND,ND
200216,TRIOS COLLEGE BUSINESS TECHNOLOGY HEALTHCARE INC.,102146,"TRIOS COLLEGE BUSINESS TECHNOLOGY HEALTHCARE, HAMILTON",HAMILTON,L8N3Z1,PARALEGAL,Law and Public Safety,Paralegal,Y,0.67,ND,ND,ND,ND,ND
200216,TRIOS COLLEGE BUSINESS TECHNOLOGY HEALTHCARE INC.,102146,"TRIOS COLLEGE BUSINESS TECHNOLOGY HEALTHCARE, HAMILTON",HAMILTON,L8N3Z1,PERSONAL SUPPORT WORKER,Health Services,Personal Support Worker/Personal Attendant,Y,0.75,0.91,0.91,0.90,1.00,ND
200216,TRIOS COLLEGE BUSINESS TECHNOLOGY HEALTHCARE INC.,102146,"TRIOS COLLEGE BUSINESS TECHNOLOGY HEALTHCARE, HAMILTON",HAMILTON,L8N3Z1,PHARMACY ASSISTANT,Health Services,Pharmaceutical Technology,Y,0.89,ND,ND,ND,ND,ND
200216,TRIOS COLLEGE BUSINESS TECHNOLOGY HEALTHCARE INC.,102146,"TRIOS COLLEGE BUSINESS TECHNOLOGY HEALTHCARE, HAMILTON",HAMILTON,L8N3Z1,SUPPLY CHAIN & LOGISTICS (+INTERNSHIP),Business,Office Administration,Y,0.70,0.25,0.25,0.50,ND,ND
200216,TRIOS COLLEGE BUSINESS TECHNOLOGY HEALTHCARE INC.,102146,"TRIOS COLLEGE BUSINESS TECHNOLOGY HEALTHCARE, HAMILTON",HAMILTON,L8N3Z1,SUPPLY CHAIN & LOGISTICS,Business,Office Administration,Y,SS,ND,ND,ND,ND,ND
200216,TRIOS COLLEGE BUSINESS TECHNOLOGY HEALTHCARE INC.,102146,"TRIOS COLLEGE BUSINESS TECHNOLOGY HEALTHCARE, HAMILTON",HAMILTON,L8N3Z1,WEB TECHNOLOGY SPECIALIST,Computer and Information Technology,Information Technology,Y,SS,ND,ND,ND,ND,ND
200216,TRIOS COLLEGE BUSINESS TECHNOLOGY HEALTHCARE INC.,102147,"TRIOS COLLEGE BUSINESS TECHNOLOGY HEALTHCARE, KITCHENER CAMPUS",KITCHENER,N2G0N5,+,,,Y,0.76,0.76,0.56,0.68,1.00,0.12
200216,TRIOS COLLEGE BUSINESS TECHNOLOGY HEALTHCARE INC.,102147,"TRIOS COLLEGE BUSINESS TECHNOLOGY HEALTHCARE, KITCHENER CAMPUS",KITCHENER,N2G0N5,ACCOUNTING & PAYROLL ADMINISTRATOR,Business,Accounting,Y,0.80,SS,SS,SS,ND,ND
200216,TRIOS COLLEGE BUSINESS TECHNOLOGY HEALTHCARE INC.,102147,"TRIOS COLLEGE BUSINESS TECHNOLOGY HEALTHCARE, KITCHENER CAMPUS",KITCHENER,N2G0N5,ACCOUNTING & PAYROLL SPECIALIST,Business,Accounting,Y,0.72,0.71,0.71,0.63,ND,ND
200216,TRIOS COLLEGE BUSINESS TECHNOLOGY HEALTHCARE INC.,102147,"TRIOS COLLEGE BUSINESS TECHNOLOGY HEALTHCARE, KITCHENER CAMPUS",KITCHENER,N2G0N5,ADMINISTRATIVE ASSISTANT,Business,Office Administration,Y,SS,SS,SS,SS,ND,ND
200216,TRIOS COLLEGE BUSINESS TECHNOLOGY HEALTHCARE INC.,102147,"TRIOS COLLEGE BUSINESS TECHNOLOGY HEALTHCARE, KITCHENER CAMPUS",KITCHENER,N2G0N5,APPLICATIONS DEVELOPER (MOBILE WEB SPECIALIST) + INTERNSHIP,Computer and Information Technology,Information Technology,Y,ND,ND,ND,ND,ND,ND
200216,TRIOS COLLEGE BUSINESS TECHNOLOGY HEALTHCARE INC.,102147,"TRIOS COLLEGE BUSINESS TECHNOLOGY HEALTHCARE, KITCHENER CAMPUS",KITCHENER,N2G0N5,BUSINESS ADMINISTRATION (APPLICATIONS & ACCOUNTING SPECIALIST),Business,Business Administration,Y,0.63,0.00,0.00,1.00,ND,ND
200216,TRIOS COLLEGE BUSINESS TECHNOLOGY HEALTHCARE INC.,102147,"TRIOS COLLEGE BUSINESS TECHNOLOGY HEALTHCARE, KITCHENER CAMPUS",KITCHENER,N2G0N5,BUSINESS ADMINISTRATION (HUMAN RESOURCES & APPLICATIONS SPECIALIST),Business,Business Administration,Y,SS,ND,ND,ND,ND,ND
200216,TRIOS COLLEGE BUSINESS TECHNOLOGY HEALTHCARE INC.,102147,"TRIOS COLLEGE BUSINESS TECHNOLOGY HEALTHCARE, KITCHENER CAMPUS",KITCHENER,N2G0N5,BUSINESS ADMINISTRATION (HUMAN RESOURCES & MARKETING SPECIALIST),Business,Business Administration,Y,SS,ND,ND,ND,ND,ND
200216,TRIOS COLLEGE BUSINESS TECHNOLOGY HEALTHCARE INC.,102147,"TRIOS COLLEGE BUSINESS TECHNOLOGY HEALTHCARE, KITCHENER CAMPUS",KITCHENER,N2G0N5,BUSINESS AND DIGITAL MARKETING SPECIALIST,Business,Marketing/Advertising,Y,0.60,SS,SS,SS,ND,ND
200216,TRIOS COLLEGE BUSINESS TECHNOLOGY HEALTHCARE INC.,102147,"TRIOS COLLEGE BUSINESS TECHNOLOGY HEALTHCARE, KITCHENER CAMPUS",KITCHENER,N2G0N5,COMMUNITY SERVICES WORKER (+INTERNSHIP),Community and Social Services,Community Services Worker,Y,0.78,0.50,0.17,0.83,ND,ND
200216,TRIOS COLLEGE BUSINESS TECHNOLOGY HEALTHCARE INC.,102147,"TRIOS COLLEGE BUSINESS TECHNOLOGY HEALTHCARE, KITCHENER CAMPUS",KITCHENER,N2G0N5,COMMUNITY SERVICES WORKER,Community and Social Services,Community Services Worker,Y,SS,ND,ND,ND,ND,ND
200216,TRIOS COLLEGE BUSINESS TECHNOLOGY HEALTHCARE INC.,102147,"TRIOS COLLEGE BUSINESS TECHNOLOGY HEALTHCARE, KITCHENER CAMPUS",KITCHENER,N2G0N5,DIGITAL MARKETING SPECIALIST,Business,Marketing/Advertising,Y,0.60,SS,SS,SS,ND,ND
200216,TRIOS COLLEGE BUSINESS TECHNOLOGY HEALTHCARE INC.,102147,"TRIOS COLLEGE BUSINESS TECHNOLOGY HEALTHCARE, KITCHENER CAMPUS",KITCHENER,N2G0N5,HONOURS BUSINESS ADMINISTRATION (+INTERNSHIP),Business,Business Administration,Y,0.86,ND,ND,0.00,ND,ND
200216,TRIOS COLLEGE BUSINESS TECHNOLOGY HEALTHCARE INC.,102147,"TRIOS COLLEGE BUSINESS TECHNOLOGY HEALTHCARE, KITCHENER CAMPUS",KITCHENER,N2G0N5,HONOURS BUSINESS ADMINISTRATION,Business,Business Administration,Y,SS,ND,ND,ND,ND,ND
200216,TRIOS COLLEGE BUSINESS TECHNOLOGY HEALTHCARE INC.,102147,"TRIOS COLLEGE BUSINESS TECHNOLOGY HEALTHCARE, KITCHENER CAMPUS",KITCHENER,N2G0N5,INFORMATION TECHNOLOGY ADMINISTRATOR (DATABASE AND WINDOWS SERVER SPECIALIST) + INTERNSHIP,Computer and Information Technology,Information Technology,Y,SS,ND,ND,ND,ND,ND
200216,TRIOS COLLEGE BUSINESS TECHNOLOGY HEALTHCARE INC.,102147,"TRIOS COLLEGE BUSINESS TECHNOLOGY HEALTHCARE, KITCHENER CAMPUS",KITCHENER,N2G0N5,"INFORMATION TECHNOLOGY ADMINISTRATOR (LINUX, SECURITY & DATABASE SPECIALIST) + INTERNSHIP",Computer and Information Technology,Information Technology,Y,SS,ND,ND,ND,ND,ND
200216,TRIOS COLLEGE BUSINESS TECHNOLOGY HEALTHCARE INC.,102147,"TRIOS COLLEGE BUSINESS TECHNOLOGY HEALTHCARE, KITCHENER CAMPUS",KITCHENER,N2G0N5,"INFORMATION TECHNOLOGY ADMINISTRATOR (LINUX, SECURITY & DATABASE SPECIALIST)",Computer and Information Technology,Information Technology,Y,ND,SS,SS,SS,ND,ND
200216,TRIOS COLLEGE BUSINESS TECHNOLOGY HEALTHCARE INC.,102147,"TRIOS COLLEGE BUSINESS TECHNOLOGY HEALTHCARE, KITCHENER CAMPUS",KITCHENER,N2G0N5,"INFORMATION TECHNOLOGY ADMINISTRATOR (MESSAGING, MOBILE, LINUX & SECURITY SPECIALIST) + INTERNSHIP",Computer and Information Technology,Information Technology,Y,SS,ND,ND,ND,ND,ND
200216,TRIOS COLLEGE BUSINESS TECHNOLOGY HEALTHCARE INC.,102147,"TRIOS COLLEGE BUSINESS TECHNOLOGY HEALTHCARE, KITCHENER CAMPUS",KITCHENER,N2G0N5,"INFORMATION TECHNOLOGY ADMINISTRATOR (MESSAGING, MOBILE, LINUX & SECURITY SPECIALIST)",Computer and Information Technology,Information Technology,Y,SS,ND,ND,ND,ND,ND
200216,TRIOS COLLEGE BUSINESS TECHNOLOGY HEALTHCARE INC.,102147,"TRIOS COLLEGE BUSINESS TECHNOLOGY HEALTHCARE, KITCHENER CAMPUS",KITCHENER,N2G0N5,INFORMATION TECHNOLOGY PROFESSIONAL + INTERNSHIP,Computer and Information Technology,Other - Information Technology,Y,0.79,0.67,0.67,1.00,ND,ND
200216,TRIOS COLLEGE BUSINESS TECHNOLOGY HEALTHCARE INC.,102147,"TRIOS COLLEGE BUSINESS TECHNOLOGY HEALTHCARE, KITCHENER CAMPUS",KITCHENER,N2G0N5,INFORMATION TECHNOLOGY PROFESSIONAL,Computer and Information Technology,Other - Information Technology,Y,SS,ND,ND,ND,ND,ND
200216,TRIOS COLLEGE BUSINESS TECHNOLOGY HEALTHCARE INC.,102147,"TRIOS COLLEGE BUSINESS TECHNOLOGY HEALTHCARE, KITCHENER CAMPUS",KITCHENER,N2G0N5,LAW CLERK SPECIALIST,Law and Public Safety,Legal Office Administration,Y,0.64,1.00,1.00,0.00,ND,ND
200216,TRIOS COLLEGE BUSINESS TECHNOLOGY HEALTHCARE INC.,102147,"TRIOS COLLEGE BUSINESS TECHNOLOGY HEALTHCARE, KITCHENER CAMPUS",KITCHENER,N2G0N5,MASSAGE THERAPY,Health Services,Massage Therapist,Y,0.75,1.00,1.00,0.60,1.00,ND
200216,TRIOS COLLEGE BUSINESS TECHNOLOGY HEALTHCARE INC.,102147,"TRIOS COLLEGE BUSINESS TECHNOLOGY HEALTHCARE, KITCHENER CAMPUS",KITCHENER,N2G0N5,MEDICAL OFFICE ASSISTANT (+INTERNSHIP),Health Services,Medical Office Administration/Management,Y,0.84,0.82,0.36,0.50,1.00,ND
200216,TRIOS COLLEGE BUSINESS TECHNOLOGY HEALTHCARE INC.,102147,"TRIOS COLLEGE BUSINESS TECHNOLOGY HEALTHCARE, KITCHENER CAMPUS",KITCHENER,N2G0N5,MEDICAL OFFICE ASSISTANT,Health Services,Medical Office Administration/Management,Y,SS,ND,ND,ND,ND,ND
200216,TRIOS COLLEGE BUSINESS TECHNOLOGY HEALTHCARE INC.,102147,"TRIOS COLLEGE BUSINESS TECHNOLOGY HEALTHCARE, KITCHENER CAMPUS",KITCHENER,N2G0N5,MEDICAL TRANSCRIPTIONIST,Health Services,Medical Office Administration/Management,Y,SS,ND,ND,ND,ND,ND
200216,TRIOS COLLEGE BUSINESS TECHNOLOGY HEALTHCARE INC.,102147,"TRIOS COLLEGE BUSINESS TECHNOLOGY HEALTHCARE, KITCHENER CAMPUS",KITCHENER,N2G0N5,NETWORK ADMINISTRATOR,Computer and Information Technology,Information Technology,Y,0.88,1.00,0.25,0.50,ND,ND
200216,TRIOS COLLEGE BUSINESS TECHNOLOGY HEALTHCARE INC.,102147,"TRIOS COLLEGE BUSINESS TECHNOLOGY HEALTHCARE, KITCHENER CAMPUS",KITCHENER,N2G0N5,OFFICE ADMINISTRATOR (ACCOUNTING SPECIALIST),Business,Office Administration,Y,SS,ND,ND,ND,ND,ND
200216,TRIOS COLLEGE BUSINESS TECHNOLOGY HEALTHCARE INC.,102147,"TRIOS COLLEGE BUSINESS TECHNOLOGY HEALTHCARE, KITCHENER CAMPUS",KITCHENER,N2G0N5,PARALEGAL,Law and Public Safety,Paralegal,Y,0.74,0.57,0.29,0.38,ND,ND
200216,TRIOS COLLEGE BUSINESS TECHNOLOGY HEALTHCARE INC.,102147,"TRIOS COLLEGE BUSINESS TECHNOLOGY HEALTHCARE, KITCHENER CAMPUS",KITCHENER,N2G0N5,PERSONAL SUPPORT WORKER,Health Services,Personal Support Worker/Personal Attendant,Y,0.72,0.85,0.74,0.82,1.00,ND
200216,TRIOS COLLEGE BUSINESS TECHNOLOGY HEALTHCARE INC.,102147,"TRIOS COLLEGE BUSINESS TECHNOLOGY HEALTHCARE, KITCHENER CAMPUS",KITCHENER,N2G0N5,PHARMACY ASSISTANT,Health Services,Pharmaceutical Technology,Y,0.94,ND,ND,ND,ND,ND
200216,TRIOS COLLEGE BUSINESS TECHNOLOGY HEALTHCARE INC.,102147,"TRIOS COLLEGE BUSINESS TECHNOLOGY HEALTHCARE, KITCHENER CAMPUS",KITCHENER,N2G0N5,POLICE FOUNDATIONS & SECURITY,Law and Public Safety,Law Enforcement/Police Foundations,Y,0.67,ND,ND,ND,ND,ND
200216,TRIOS COLLEGE BUSINESS TECHNOLOGY HEALTHCARE INC.,102147,"TRIOS COLLEGE BUSINESS TECHNOLOGY HEALTHCARE, KITCHENER CAMPUS",KITCHENER,N2G0N5,SUPPLY CHAIN & LOGISTICS (+INTERNSHIP),Business,Office Administration,Y,0.69,0.63,0.50,0.75,1.00,ND
200216,TRIOS COLLEGE BUSINESS TECHNOLOGY HEALTHCARE INC.,102147,"TRIOS COLLEGE BUSINESS TECHNOLOGY HEALTHCARE, KITCHENER CAMPUS",KITCHENER,N2G0N5,SUPPLY CHAIN & LOGISTICS,Business,Office Administration,Y,SS,ND,ND,ND,ND,ND
200216,TRIOS COLLEGE BUSINESS TECHNOLOGY HEALTHCARE INC.,102147,"TRIOS COLLEGE BUSINESS TECHNOLOGY HEALTHCARE, KITCHENER CAMPUS",KITCHENER,N2G0N5,VIDEO GAME DEVELOPMENT (+INTERNSHIP),Applied Arts and Science,Animations,Y,SS,ND,ND,ND,ND,ND
200216,TRIOS COLLEGE BUSINESS TECHNOLOGY HEALTHCARE INC.,102147,"TRIOS COLLEGE BUSINESS TECHNOLOGY HEALTHCARE, KITCHENER CAMPUS",KITCHENER,N2G0N5,WEB TECHNOLOGY SPECIALIST,Computer and Information Technology,Information Technology,Y,SS,ND,ND,ND,ND,ND
200216,TRIOS COLLEGE BUSINESS TECHNOLOGY HEALTHCARE INC.,102148,"TRIOS COLLEGE BUSINESS TECHNOLOGY HEALTHCARE, LONDON",LONDON,N5V3C6,+,,,Y,0.72,0.80,0.66,0.72,1.00,0.12
200216,TRIOS COLLEGE BUSINESS TECHNOLOGY HEALTHCARE INC.,102148,"TRIOS COLLEGE BUSINESS TECHNOLOGY HEALTHCARE, LONDON",LONDON,N5V3C6,ACCOUNTING & PAYROLL ADMINISTRATOR,Business,Accounting,Y,SS,ND,ND,ND,ND,ND
200216,TRIOS COLLEGE BUSINESS TECHNOLOGY HEALTHCARE INC.,102148,"TRIOS COLLEGE BUSINESS TECHNOLOGY HEALTHCARE, LONDON",LONDON,N5V3C6,ACCOUNTING & PAYROLL SPECIALIST,Business,Accounting,Y,0.72,0.86,0.71,0.71,ND,ND
200216,TRIOS COLLEGE BUSINESS TECHNOLOGY HEALTHCARE INC.,102148,"TRIOS COLLEGE BUSINESS TECHNOLOGY HEALTHCARE, LONDON",LONDON,N5V3C6,ADDICTION WORKER,Community and Social Services,Community Services Worker,Y,0.70,0.20,0.20,0.00,ND,ND
200216,TRIOS COLLEGE BUSINESS TECHNOLOGY HEALTHCARE INC.,102148,"TRIOS COLLEGE BUSINESS TECHNOLOGY HEALTHCARE, LONDON",LONDON,N5V3C6,ADMINISTRATIVE ASSISTANT,Business,Office Administration,Y,SS,ND,ND,ND,ND,ND
200216,TRIOS COLLEGE BUSINESS TECHNOLOGY HEALTHCARE INC.,102148,"TRIOS COLLEGE BUSINESS TECHNOLOGY HEALTHCARE, LONDON",LONDON,N5V3C6,APPLICATIONS DEVELOPER (ENTERPRISE MOBILE SPECIALIST) + INTERNSHIP,Computer and Information Technology,Information Technology,Y,SS,SS,SS,SS,ND,ND
200216,TRIOS COLLEGE BUSINESS TECHNOLOGY HEALTHCARE INC.,102148,"TRIOS COLLEGE BUSINESS TECHNOLOGY HEALTHCARE, LONDON",LONDON,N5V3C6,APPLICATIONS DEVELOPER (MOBILE SPECIALIST) + INTERNSHIP,Computer and Information Technology,Information Technology,Y,SS,ND,ND,ND,ND,ND
200216,TRIOS COLLEGE BUSINESS TECHNOLOGY HEALTHCARE INC.,102148,"TRIOS COLLEGE BUSINESS TECHNOLOGY HEALTHCARE, LONDON",LONDON,N5V3C6,APPLICATIONS DEVELOPER (MOBILE SPECIALIST),Computer and Information Technology,Information Technology,Y,SS,ND,ND,ND,ND,ND
200216,TRIOS COLLEGE BUSINESS TECHNOLOGY HEALTHCARE INC.,102148,"TRIOS COLLEGE BUSINESS TECHNOLOGY HEALTHCARE, LONDON",LONDON,N5V3C6,APPLICATIONS DEVELOPER (MOBILE WEB SPECIALIST),Computer and Information Technology,Information Technology,Y,SS,ND,ND,ND,ND,ND
200216,TRIOS COLLEGE BUSINESS TECHNOLOGY HEALTHCARE INC.,102148,"TRIOS COLLEGE BUSINESS TECHNOLOGY HEALTHCARE, LONDON",LONDON,N5V3C6,BUSINESS ADMINISTRATION (APPLICATIONS & ACCOUNTING SPECIALIST),Business,Business Administration,Y,0.67,ND,ND,ND,ND,ND
200216,TRIOS COLLEGE BUSINESS TECHNOLOGY HEALTHCARE INC.,102148,"TRIOS COLLEGE BUSINESS TECHNOLOGY HEALTHCARE, LONDON",LONDON,N5V3C6,BUSINESS ADMINISTRATION (HUMAN RESOURCES & APPLICATIONS SPECIALIST),Business,Business Administration,Y,SS,ND,ND,ND,ND,ND
200216,TRIOS COLLEGE BUSINESS TECHNOLOGY HEALTHCARE INC.,102148,"TRIOS COLLEGE BUSINESS TECHNOLOGY HEALTHCARE, LONDON",LONDON,N5V3C6,BUSINESS ADMINISTRATION (HUMAN RESOURCES & MARKETING SPECIALIST),Business,Business Administration,Y,SS,ND,ND,ND,ND,ND
200216,TRIOS COLLEGE BUSINESS TECHNOLOGY HEALTHCARE INC.,102148,"TRIOS COLLEGE BUSINESS TECHNOLOGY HEALTHCARE, LONDON",LONDON,N5V3C6,BUSINESS AND DIGITAL MARKETING SPECIALIST,Business,Marketing/Advertising,Y,0.50,ND,ND,ND,ND,ND
200216,TRIOS COLLEGE BUSINESS TECHNOLOGY HEALTHCARE INC.,102148,"TRIOS COLLEGE BUSINESS TECHNOLOGY HEALTHCARE, LONDON",LONDON,N5V3C6,COMMUNITY SERVICES WORKER (+INTERNSHIP),Community and Social Services,Community Services Worker,Y,0.84,0.67,0.67,1.00,1.00,ND
200216,TRIOS COLLEGE BUSINESS TECHNOLOGY HEALTHCARE INC.,102148,"TRIOS COLLEGE BUSINESS TECHNOLOGY HEALTHCARE, LONDON",LONDON,N5V3C6,DIGITAL MARKETING SPECIALIST,Business,Marketing/Advertising,Y,SS,SS,SS,SS,ND,ND
200216,TRIOS COLLEGE BUSINESS TECHNOLOGY HEALTHCARE INC.,102148,"TRIOS COLLEGE BUSINESS TECHNOLOGY HEALTHCARE, LONDON",LONDON,N5V3C6,ENTERPRISE WEB & MOBILE DEVELOPER + INTERNSHIP,Computer and Information Technology,Information Technology,Y,0.71,0.33,0.33,0.25,ND,ND
200216,TRIOS COLLEGE BUSINESS TECHNOLOGY HEALTHCARE INC.,102148,"TRIOS COLLEGE BUSINESS TECHNOLOGY HEALTHCARE, LONDON",LONDON,N5V3C6,EQUINE MASSAGE THERAPY,Health Services,Other - Health Services,Y,0.65,1.00,0.67,1.00,ND,ND
200216,TRIOS COLLEGE BUSINESS TECHNOLOGY HEALTHCARE INC.,102148,"TRIOS COLLEGE BUSINESS TECHNOLOGY HEALTHCARE, LONDON",LONDON,N5V3C6,HONOURS BUSINESS ADMINISTRATION (+INTERNSHIP),Business,Business Administration,Y,SS,SS,SS,SS,ND,ND
200216,TRIOS COLLEGE BUSINESS TECHNOLOGY HEALTHCARE INC.,102148,"TRIOS COLLEGE BUSINESS TECHNOLOGY HEALTHCARE, LONDON",LONDON,N5V3C6,HONOURS BUSINESS ADMINISTRATION,Business,Business Administration,Y,SS,ND,ND,ND,ND,ND
200216,TRIOS COLLEGE BUSINESS TECHNOLOGY HEALTHCARE INC.,102148,"TRIOS COLLEGE BUSINESS TECHNOLOGY HEALTHCARE, LONDON",LONDON,N5V3C6,INFORMATION TECHNOLOGY ADMINISTRATOR (DATABASE & WINDOWS SERVER SPECIALIST),Computer and Information Technology,Information Technology,Y,SS,ND,ND,ND,ND,ND
200216,TRIOS COLLEGE BUSINESS TECHNOLOGY HEALTHCARE INC.,102148,"TRIOS COLLEGE BUSINESS TECHNOLOGY HEALTHCARE, LONDON",LONDON,N5V3C6,"INFORMATION TECHNOLOGY ADMINISTRATOR (MESSAGING, MOBILE, LINUX & SECURITY SPECIALIST) + INTERNSHIP",Computer and Information Technology,Information Technology,Y,SS,ND,ND,ND,ND,ND
200216,TRIOS COLLEGE BUSINESS TECHNOLOGY HEALTHCARE INC.,102148,"TRIOS COLLEGE BUSINESS TECHNOLOGY HEALTHCARE, LONDON",LONDON,N5V3C6,"INFORMATION TECHNOLOGY ADMINISTRATOR (WINDOWS SERVER, MESSAGING & MOBILE SPECIALIST)",Computer and Information Technology,Other - Information Technology,Y,SS,ND,ND,ND,ND,ND
200216,TRIOS COLLEGE BUSINESS TECHNOLOGY HEALTHCARE INC.,102148,"TRIOS COLLEGE BUSINESS TECHNOLOGY HEALTHCARE, LONDON",LONDON,N5V3C6,INFORMATION TECHNOLOGY PROFESSIONAL + INTERNSHIP,Computer and Information Technology,Other - Information Technology,Y,0.43,SS,SS,SS,ND,ND
200216,TRIOS COLLEGE BUSINESS TECHNOLOGY HEALTHCARE INC.,102148,"TRIOS COLLEGE BUSINESS TECHNOLOGY HEALTHCARE, LONDON",LONDON,N5V3C6,LAW CLERK SPECIALIST,Law and Public Safety,Legal Office Administration,Y,0.59,1.00,0.00,0.00,ND,ND
200216,TRIOS COLLEGE BUSINESS TECHNOLOGY HEALTHCARE INC.,102148,"TRIOS COLLEGE BUSINESS TECHNOLOGY HEALTHCARE, LONDON",LONDON,N5V3C6,MASSAGE THERAPY,Health Services,Massage Therapist,Y,0.62,0.86,0.86,0.56,ND,ND
200216,TRIOS COLLEGE BUSINESS TECHNOLOGY HEALTHCARE INC.,102148,"TRIOS COLLEGE BUSINESS TECHNOLOGY HEALTHCARE, LONDON",LONDON,N5V3C6,MEDICAL OFFICE ASSISTANT (+INTERNSHIP),Health Services,Medical Office Administration/Management,Y,0.78,0.63,0.38,0.67,ND,ND
200216,TRIOS COLLEGE BUSINESS TECHNOLOGY HEALTHCARE INC.,102148,"TRIOS COLLEGE BUSINESS TECHNOLOGY HEALTHCARE, LONDON",LONDON,N5V3C6,MEDICAL TRANSCRIPTIONIST,Health Services,Medical Office Administration/Management,Y,0.82,ND,ND,ND,ND,ND
200216,TRIOS COLLEGE BUSINESS TECHNOLOGY HEALTHCARE INC.,102148,"TRIOS COLLEGE BUSINESS TECHNOLOGY HEALTHCARE, LONDON",LONDON,N5V3C6,NETWORK ADMINISTRATOR,Computer and Information Technology,Information Technology,Y,1.00,0.67,0.33,0.67,ND,ND
200216,TRIOS COLLEGE BUSINESS TECHNOLOGY HEALTHCARE INC.,102148,"TRIOS COLLEGE BUSINESS TECHNOLOGY HEALTHCARE, LONDON",LONDON,N5V3C6,OCCUPATIONAL THERAPY ASSISTANT,Health Services,Physiotherapy/Occupational Therapy,Y,SS,ND,ND,ND,ND,ND
200216,TRIOS COLLEGE BUSINESS TECHNOLOGY HEALTHCARE INC.,102148,"TRIOS COLLEGE BUSINESS TECHNOLOGY HEALTHCARE, LONDON",LONDON,N5V3C6,OFFICE ADMINISTRATOR (ACCOUNTING SPECIALIST),Business,Office Administration,Y,SS,SS,SS,SS,ND,ND
200216,TRIOS COLLEGE BUSINESS TECHNOLOGY HEALTHCARE INC.,102148,"TRIOS COLLEGE BUSINESS TECHNOLOGY HEALTHCARE, LONDON",LONDON,N5V3C6,PARALEGAL,Law and Public Safety,Paralegal,Y,0.91,0.60,0.40,0.61,ND,ND
200216,TRIOS COLLEGE BUSINESS TECHNOLOGY HEALTHCARE INC.,102148,"TRIOS COLLEGE BUSINESS TECHNOLOGY HEALTHCARE, LONDON",LONDON,N5V3C6,PERSONAL SUPPORT WORKER,Health Services,Personal Support Worker/Personal Attendant,Y,0.72,0.91,0.84,0.88,1.00,ND
200216,TRIOS COLLEGE BUSINESS TECHNOLOGY HEALTHCARE INC.,102148,"TRIOS COLLEGE BUSINESS TECHNOLOGY HEALTHCARE, LONDON",LONDON,N5V3C6,PHARMACY ASSISTANT,Health Services,Pharmaceutical Technology,Y,0.60,SS,SS,SS,ND,ND
200216,TRIOS COLLEGE BUSINESS TECHNOLOGY HEALTHCARE INC.,102148,"TRIOS COLLEGE BUSINESS TECHNOLOGY HEALTHCARE, LONDON",LONDON,N5V3C6,PHYSIOTHERAPY ASSISTANT,Health Services,Physiotherapy/Occupational Therapy,Y,SS,ND,ND,ND,ND,ND
200216,TRIOS COLLEGE BUSINESS TECHNOLOGY HEALTHCARE INC.,102148,"TRIOS COLLEGE BUSINESS TECHNOLOGY HEALTHCARE, LONDON",LONDON,N5V3C6,PHYSIOTHERAPY ASSISTANT/OCCUPATIONAL THERAPY ASSISTANT,Health Services,Physiotherapy/Occupational Therapy,Y,0.70,1.00,0.75,0.50,ND,ND
200216,TRIOS COLLEGE BUSINESS TECHNOLOGY HEALTHCARE INC.,102148,"TRIOS COLLEGE BUSINESS TECHNOLOGY HEALTHCARE, LONDON",LONDON,N5V3C6,POLICE FOUNDATIONS & SECURITY,Law and Public Safety,Law Enforcement/Police Foundations,Y,0.56,ND,ND,ND,ND,ND
200216,TRIOS COLLEGE BUSINESS TECHNOLOGY HEALTHCARE INC.,102148,"TRIOS COLLEGE BUSINESS TECHNOLOGY HEALTHCARE, LONDON",LONDON,N5V3C6,SUPPLY CHAIN & LOGISTICS (+INTERNSHIP),Business,Office Administration,Y,0.87,0.83,0.50,0.67,ND,ND
200216,TRIOS COLLEGE BUSINESS TECHNOLOGY HEALTHCARE INC.,102148,"TRIOS COLLEGE BUSINESS TECHNOLOGY HEALTHCARE, LONDON",LONDON,N5V3C6,SUPPLY CHAIN & LOGISTICS,Business,Office Administration,Y,SS,ND,ND,ND,ND,ND
200216,TRIOS COLLEGE BUSINESS TECHNOLOGY HEALTHCARE INC.,102148,"TRIOS COLLEGE BUSINESS TECHNOLOGY HEALTHCARE, LONDON",LONDON,N5V3C6,VIDEO GAME ART (+ INTERNSHIP),Applied Arts and Science,Animations,Y,0.80,ND,ND,ND,ND,ND
200216,TRIOS COLLEGE BUSINESS TECHNOLOGY HEALTHCARE INC.,102148,"TRIOS COLLEGE BUSINESS TECHNOLOGY HEALTHCARE, LONDON",LONDON,N5V3C6,WEB TECHNOLOGY SPECIALIST,Computer and Information Technology,Information Technology,Y,0.86,1.00,0.00,0.00,ND,ND
200216,TRIOS COLLEGE BUSINESS TECHNOLOGY HEALTHCARE INC.,102149,"TRIOS COLLEGE BUSINESS TECHNOLOGY HEALTHCARE, BRAMPTON",BRAMPTON,L6V1C1,+,,,Y,0.78,0.72,0.56,0.75,1.00,0.07
200216,TRIOS COLLEGE BUSINESS TECHNOLOGY HEALTHCARE INC.,102149,"TRIOS COLLEGE BUSINESS TECHNOLOGY HEALTHCARE, BRAMPTON",BRAMPTON,L6V1C1,ACCOUNTING & PAYROLL ADMINISTRATOR,Business,Accounting,Y,SS,SS,SS,SS,ND,ND
200216,TRIOS COLLEGE BUSINESS TECHNOLOGY HEALTHCARE INC.,102149,"TRIOS COLLEGE BUSINESS TECHNOLOGY HEALTHCARE, BRAMPTON",BRAMPTON,L6V1C1,ACCOUNTING & PAYROLL SPECIALIST,Business,Accounting,Y,0.83,0.83,0.67,0.54,1.00,ND
200216,TRIOS COLLEGE BUSINESS TECHNOLOGY HEALTHCARE INC.,102149,"TRIOS COLLEGE BUSINESS TECHNOLOGY HEALTHCARE, BRAMPTON",BRAMPTON,L6V1C1,ADMINISTRATIVE ASSISTANT,Business,Office Administration,Y,0.78,0.50,0.50,0.00,ND,ND
200216,TRIOS COLLEGE BUSINESS TECHNOLOGY HEALTHCARE INC.,102149,"TRIOS COLLEGE BUSINESS TECHNOLOGY HEALTHCARE, BRAMPTON",BRAMPTON,L6V1C1,BUSINESS ADMINISTRATION (APPLICATIONS & ACCOUNTING SPECIALIST),Business,Business Administration,Y,0.47,1.00,1.00,1.00,ND,ND
200216,TRIOS COLLEGE BUSINESS TECHNOLOGY HEALTHCARE INC.,102149,"TRIOS COLLEGE BUSINESS TECHNOLOGY HEALTHCARE, BRAMPTON",BRAMPTON,L6V1C1,BUSINESS AND DIGITAL MARKETING SPECIALIST,Business,Marketing/Advertising,Y,ND,SS,SS,SS,ND,ND
200216,TRIOS COLLEGE BUSINESS TECHNOLOGY HEALTHCARE INC.,102149,"TRIOS COLLEGE BUSINESS TECHNOLOGY HEALTHCARE, BRAMPTON",BRAMPTON,L6V1C1,COMMUNITY SERVICES WORKER (+INTERNSHIP),Community and Social Services,Community Services Worker,Y,0.87,0.33,0.33,0.56,ND,ND
200216,TRIOS COLLEGE BUSINESS TECHNOLOGY HEALTHCARE INC.,102149,"TRIOS COLLEGE BUSINESS TECHNOLOGY HEALTHCARE, BRAMPTON",BRAMPTON,L6V1C1,DIGITAL MARKETING SPECIALIST,Business,Marketing/Advertising,Y,1.00,0.00,0.00,1.00,ND,ND
200216,TRIOS COLLEGE BUSINESS TECHNOLOGY HEALTHCARE INC.,102149,"TRIOS COLLEGE BUSINESS TECHNOLOGY HEALTHCARE, BRAMPTON",BRAMPTON,L6V1C1,HONOURS BUSINESS ADMINISTRATION (+INTERNSHIP),Business,Business Administration,Y,ND,ND,ND,ND,ND,ND
200216,TRIOS COLLEGE BUSINESS TECHNOLOGY HEALTHCARE INC.,102149,"TRIOS COLLEGE BUSINESS TECHNOLOGY HEALTHCARE, BRAMPTON",BRAMPTON,L6V1C1,HONOURS BUSINESS ADMINISTRATION,Business,Business Administration,Y,SS,SS,SS,SS,ND,ND
200216,TRIOS COLLEGE BUSINESS TECHNOLOGY HEALTHCARE INC.,102149,"TRIOS COLLEGE BUSINESS TECHNOLOGY HEALTHCARE, BRAMPTON",BRAMPTON,L6V1C1,INFORMATION TECHNOLOGY ADMINISTRATOR (DATABASE AND WINDOWS SERVER SPECIALIST) + INTERNSHIP,Computer and Information Technology,Information Technology,Y,SS,ND,ND,ND,ND,ND
200216,TRIOS COLLEGE BUSINESS TECHNOLOGY HEALTHCARE INC.,102149,"TRIOS COLLEGE BUSINESS TECHNOLOGY HEALTHCARE, BRAMPTON",BRAMPTON,L6V1C1,"INFORMATION TECHNOLOGY ADMINISTRATOR (MESSAGING, MOBILE, LINUX & SECURITY SPECIALIST) + INTERNSHIP",Computer and Information Technology,Information Technology,Y,SS,ND,ND,ND,ND,ND
200216,TRIOS COLLEGE BUSINESS TECHNOLOGY HEALTHCARE INC.,102149,"TRIOS COLLEGE BUSINESS TECHNOLOGY HEALTHCARE, BRAMPTON",BRAMPTON,L6V1C1,"INFORMATION TECHNOLOGY ADMINISTRATOR (WINDOWS SERVER, MESSAGING & MOBILE SPECIALIST)",Computer and Information Technology,Other - Information Technology,Y,SS,ND,ND,ND,ND,ND
200216,TRIOS COLLEGE BUSINESS TECHNOLOGY HEALTHCARE INC.,102149,"TRIOS COLLEGE BUSINESS TECHNOLOGY HEALTHCARE, BRAMPTON",BRAMPTON,L6V1C1,INFORMATION TECHNOLOGY PROFESSIONAL + INTERNSHIP,Computer and Information Technology,Other - Information Technology,Y,0.70,ND,ND,ND,ND,ND
200216,TRIOS COLLEGE BUSINESS TECHNOLOGY HEALTHCARE INC.,102149,"TRIOS COLLEGE BUSINESS TECHNOLOGY HEALTHCARE, BRAMPTON",BRAMPTON,L6V1C1,INFORMATION TECHNOLOGY PROFESSIONAL,Computer and Information Technology,Other - Information Technology,Y,SS,ND,ND,ND,ND,ND
200216,TRIOS COLLEGE BUSINESS TECHNOLOGY HEALTHCARE INC.,102149,"TRIOS COLLEGE BUSINESS TECHNOLOGY HEALTHCARE, BRAMPTON",BRAMPTON,L6V1C1,LAW CLERK SPECIALIST,Law and Public Safety,Legal Office Administration,Y,SS,SS,SS,SS,ND,ND
200216,TRIOS COLLEGE BUSINESS TECHNOLOGY HEALTHCARE INC.,102149,"TRIOS COLLEGE BUSINESS TECHNOLOGY HEALTHCARE, BRAMPTON",BRAMPTON,L6V1C1,LEGAL ASSISTANT,Law and Public Safety,Legal Office Administration,Y,SS,ND,ND,ND,ND,ND
200216,TRIOS COLLEGE BUSINESS TECHNOLOGY HEALTHCARE INC.,102149,"TRIOS COLLEGE BUSINESS TECHNOLOGY HEALTHCARE, BRAMPTON",BRAMPTON,L6V1C1,MEDICAL OFFICE ASSISTANT (+INTERNSHIP),Health Services,Medical Office Administration/Management,Y,0.76,0.67,0.67,0.80,1.00,ND
200216,TRIOS COLLEGE BUSINESS TECHNOLOGY HEALTHCARE INC.,102149,"TRIOS COLLEGE BUSINESS TECHNOLOGY HEALTHCARE, BRAMPTON",BRAMPTON,L6V1C1,MEDICAL OFFICE ASSISTANT,Health Services,Medical Office Administration/Management,Y,SS,ND,ND,ND,ND,ND
200216,TRIOS COLLEGE BUSINESS TECHNOLOGY HEALTHCARE INC.,102149,"TRIOS COLLEGE BUSINESS TECHNOLOGY HEALTHCARE, BRAMPTON",BRAMPTON,L6V1C1,NETWORK ADMINISTRATOR,Computer and Information Technology,Information Technology,Y,0.80,SS,SS,SS,ND,ND
200216,TRIOS COLLEGE BUSINESS TECHNOLOGY HEALTHCARE INC.,102149,"TRIOS COLLEGE BUSINESS TECHNOLOGY HEALTHCARE, BRAMPTON",BRAMPTON,L6V1C1,OFFICE ADMINISTRATOR (APPLICATIONS SPECIALIST),Business,Office Administration,Y,SS,ND,ND,ND,ND,ND
200216,TRIOS COLLEGE BUSINESS TECHNOLOGY HEALTHCARE INC.,102149,"TRIOS COLLEGE BUSINESS TECHNOLOGY HEALTHCARE, BRAMPTON",BRAMPTON,L6V1C1,PARALEGAL,Law and Public Safety,Paralegal,Y,0.64,0.73,0.47,0.71,ND,ND
200216,TRIOS COLLEGE BUSINESS TECHNOLOGY HEALTHCARE INC.,102149,"TRIOS COLLEGE BUSINESS TECHNOLOGY HEALTHCARE, BRAMPTON",BRAMPTON,L6V1C1,PERSONAL SUPPORT WORKER,Health Services,Personal Support Worker/Personal Attendant,Y,0.83,0.76,0.61,0.83,1.00,ND
200216,TRIOS COLLEGE BUSINESS TECHNOLOGY HEALTHCARE INC.,102149,"TRIOS COLLEGE BUSINESS TECHNOLOGY HEALTHCARE, BRAMPTON",BRAMPTON,L6V1C1,PHARMACY ASSISTANT,Health Services,Pharmaceutical Technology,Y,0.69,ND,ND,ND,ND,ND
200216,TRIOS COLLEGE BUSINESS TECHNOLOGY HEALTHCARE INC.,102149,"TRIOS COLLEGE BUSINESS TECHNOLOGY HEALTHCARE, BRAMPTON",BRAMPTON,L6V1C1,PHYSIOTHERAPY ASSISTANT,Health Services,Physiotherapy/Occupational Therapy,Y,SS,SS,SS,SS,ND,ND
200216,TRIOS COLLEGE BUSINESS TECHNOLOGY HEALTHCARE INC.,102149,"TRIOS COLLEGE BUSINESS TECHNOLOGY HEALTHCARE, BRAMPTON",BRAMPTON,L6V1C1,PHYSIOTHERAPY ASSISTANT/OCCUPATIONAL THERAPY ASSISTANT,Health Services,Physiotherapy/Occupational Therapy,Y,0.73,0.75,0.50,0.75,ND,ND
200216,TRIOS COLLEGE BUSINESS TECHNOLOGY HEALTHCARE INC.,102149,"TRIOS COLLEGE BUSINESS TECHNOLOGY HEALTHCARE, BRAMPTON",BRAMPTON,L6V1C1,POLICE FOUNDATIONS & SECURITY,Law and Public Safety,Law Enforcement/Police Foundations,Y,0.56,ND,ND,ND,ND,ND
200216,TRIOS COLLEGE BUSINESS TECHNOLOGY HEALTHCARE INC.,102149,"TRIOS COLLEGE BUSINESS TECHNOLOGY HEALTHCARE, BRAMPTON",BRAMPTON,L6V1C1,SUPPLY CHAIN & LOGISTICS (+INTERNSHIP),Business,Office Administration,Y,0.88,1.00,0.50,0.50,ND,ND
200216,TRIOS COLLEGE BUSINESS TECHNOLOGY HEALTHCARE INC.,102149,"TRIOS COLLEGE BUSINESS TECHNOLOGY HEALTHCARE, BRAMPTON",BRAMPTON,L6V1C1,SUPPLY CHAIN & LOGISTICS,Business,Office Administration,Y,0.67,ND,ND,ND,ND,ND
200216,TRIOS COLLEGE BUSINESS TECHNOLOGY HEALTHCARE INC.,102149,"TRIOS COLLEGE BUSINESS TECHNOLOGY HEALTHCARE, BRAMPTON",BRAMPTON,L6V1C1,WEB TECHNOLOGY SPECIALIST,Computer and Information Technology,Information Technology,Y,SS,ND,ND,ND,ND,ND
200216,TRIOS COLLEGE BUSINESS TECHNOLOGY HEALTHCARE INC.,115111,"TRIOS COLLEGE BUSINESS TECHNOLOGY HEALTHCARE, SCARBOROUGH",SCARBOROUGH,M1P2L6,+,,,Y,0.68,0.80,0.72,0.76,1.00,0.09
200216,TRIOS COLLEGE BUSINESS TECHNOLOGY HEALTHCARE INC.,115111,"TRIOS COLLEGE BUSINESS TECHNOLOGY HEALTHCARE, SCARBOROUGH",SCARBOROUGH,M1P2L6,ACCOUNTING & PAYROLL ADMINISTRATOR,Business,Accounting,Y,SS,ND,ND,ND,ND,ND
200216,TRIOS COLLEGE BUSINESS TECHNOLOGY HEALTHCARE INC.,115111,"TRIOS COLLEGE BUSINESS TECHNOLOGY HEALTHCARE, SCARBOROUGH",SCARBOROUGH,M1P2L6,ACCOUNTING & PAYROLL SPECIALIST,Business,Accounting,Y,0.79,0.63,0.38,0.63,ND,ND
200216,TRIOS COLLEGE BUSINESS TECHNOLOGY HEALTHCARE INC.,115111,"TRIOS COLLEGE BUSINESS TECHNOLOGY HEALTHCARE, SCARBOROUGH",SCARBOROUGH,M1P2L6,ADMINISTRATIVE ASSISTANT,Business,Office Administration,Y,0.60,SS,SS,SS,ND,ND
200216,TRIOS COLLEGE BUSINESS TECHNOLOGY HEALTHCARE INC.,115111,"TRIOS COLLEGE BUSINESS TECHNOLOGY HEALTHCARE, SCARBOROUGH",SCARBOROUGH,M1P2L6,BUSINESS ADMINISTRATION (HUMAN RESOURCES & MARKETING SPECIALIST),Business,Business Administration,Y,SS,ND,ND,ND,ND,ND
200216,TRIOS COLLEGE BUSINESS TECHNOLOGY HEALTHCARE INC.,115111,"TRIOS COLLEGE BUSINESS TECHNOLOGY HEALTHCARE, SCARBOROUGH",SCARBOROUGH,M1P2L6,BUSINESS AND DIGITAL MARKETING SPECIALIST,Business,Marketing/Advertising,Y,0.29,SS,SS,SS,ND,ND
200216,TRIOS COLLEGE BUSINESS TECHNOLOGY HEALTHCARE INC.,115111,"TRIOS COLLEGE BUSINESS TECHNOLOGY HEALTHCARE, SCARBOROUGH",SCARBOROUGH,M1P2L6,COMMUNITY SERVICES WORKER (+INTERNSHIP),Community and Social Services,Community Services Worker,Y,0.74,0.50,0.50,0.50,ND,ND
200216,TRIOS COLLEGE BUSINESS TECHNOLOGY HEALTHCARE INC.,115111,"TRIOS COLLEGE BUSINESS TECHNOLOGY HEALTHCARE, SCARBOROUGH",SCARBOROUGH,M1P2L6,DIGITAL MARKETING SPECIALIST,Business,Marketing/Advertising,Y,SS,SS,SS,SS,ND,ND
200216,TRIOS COLLEGE BUSINESS TECHNOLOGY HEALTHCARE INC.,115111,"TRIOS COLLEGE BUSINESS TECHNOLOGY HEALTHCARE, SCARBOROUGH",SCARBOROUGH,M1P2L6,INFORMATION TECHNOLOGY ADMINISTRATOR (DATABASE AND WINDOWS SERVER SPECIALIST) + INTERNSHIP,Computer and Information Technology,Information Technology,Y,SS,ND,ND,ND,ND,ND
200216,TRIOS COLLEGE BUSINESS TECHNOLOGY HEALTHCARE INC.,115111,"TRIOS COLLEGE BUSINESS TECHNOLOGY HEALTHCARE, SCARBOROUGH",SCARBOROUGH,M1P2L6,"INFORMATION TECHNOLOGY ADMINISTRATOR (LINUX, SECURITY & DATABASE SPECIALIST) + INTERNSHIP",Computer and Information Technology,Information Technology,Y,SS,ND,ND,ND,ND,ND
200216,TRIOS COLLEGE BUSINESS TECHNOLOGY HEALTHCARE INC.,115111,"TRIOS COLLEGE BUSINESS TECHNOLOGY HEALTHCARE, SCARBOROUGH",SCARBOROUGH,M1P2L6,"INFORMATION TECHNOLOGY ADMINISTRATOR (MESSAGING, MOBILE, LINUX & SECURITY SPECIALIST) + INTERNSHIP",Computer and Information Technology,Information Technology,Y,SS,ND,ND,ND,ND,ND
200216,TRIOS COLLEGE BUSINESS TECHNOLOGY HEALTHCARE INC.,115111,"TRIOS COLLEGE BUSINESS TECHNOLOGY HEALTHCARE, SCARBOROUGH",SCARBOROUGH,M1P2L6,INFORMATION TECHNOLOGY PROFESSIONAL + INTERNSHIP,Computer and Information Technology,Other - Information Technology,Y,0.59,0.67,0.67,0.67,ND,ND
200216,TRIOS COLLEGE BUSINESS TECHNOLOGY HEALTHCARE INC.,115111,"TRIOS COLLEGE BUSINESS TECHNOLOGY HEALTHCARE, SCARBOROUGH",SCARBOROUGH,M1P2L6,INFORMATION TECHNOLOGY PROFESSIONAL,Computer and Information Technology,Other - Information Technology,Y,ND,ND,ND,ND,ND,ND
200216,TRIOS COLLEGE BUSINESS TECHNOLOGY HEALTHCARE INC.,115111,"TRIOS COLLEGE BUSINESS TECHNOLOGY HEALTHCARE, SCARBOROUGH",SCARBOROUGH,M1P2L6,LAW CLERK SPECIALIST,Law and Public Safety,Legal Office Administration,Y,ND,SS,SS,SS,ND,ND
200216,TRIOS COLLEGE BUSINESS TECHNOLOGY HEALTHCARE INC.,115111,"TRIOS COLLEGE BUSINESS TECHNOLOGY HEALTHCARE, SCARBOROUGH",SCARBOROUGH,M1P2L6,MEDICAL OFFICE ASSISTANT (+INTERNSHIP),Health Services,Medical Office Administration/Management,Y,0.71,0.86,0.86,0.86,ND,ND
200216,TRIOS COLLEGE BUSINESS TECHNOLOGY HEALTHCARE INC.,115111,"TRIOS COLLEGE BUSINESS TECHNOLOGY HEALTHCARE, SCARBOROUGH",SCARBOROUGH,M1P2L6,MEDICAL TRANSCRIPTIONIST,Health Services,Medical Office Administration/Management,Y,SS,ND,ND,ND,ND,ND
200216,TRIOS COLLEGE BUSINESS TECHNOLOGY HEALTHCARE INC.,115111,"TRIOS COLLEGE BUSINESS TECHNOLOGY HEALTHCARE, SCARBOROUGH",SCARBOROUGH,M1P2L6,NETWORK ADMINISTRATOR,Computer and Information Technology,Information Technology,Y,0.80,ND,ND,ND,ND,ND
200216,TRIOS COLLEGE BUSINESS TECHNOLOGY HEALTHCARE INC.,115111,"TRIOS COLLEGE BUSINESS TECHNOLOGY HEALTHCARE, SCARBOROUGH",SCARBOROUGH,M1P2L6,OFFICE ADMINISTRATOR (ACCOUNTING SPECIALIST),Business,Office Administration,Y,SS,ND,ND,ND,ND,ND
200216,TRIOS COLLEGE BUSINESS TECHNOLOGY HEALTHCARE INC.,115111,"TRIOS COLLEGE BUSINESS TECHNOLOGY HEALTHCARE, SCARBOROUGH",SCARBOROUGH,M1P2L6,PERSONAL SUPPORT WORKER,Health Services,Personal Support Worker/Personal Attendant,Y,0.67,0.84,0.80,0.83,1.00,ND
200216,TRIOS COLLEGE BUSINESS TECHNOLOGY HEALTHCARE INC.,115111,"TRIOS COLLEGE BUSINESS TECHNOLOGY HEALTHCARE, SCARBOROUGH",SCARBOROUGH,M1P2L6,POLICE FOUNDATIONS & SECURITY,Law and Public Safety,Law Enforcement/Police Foundations,Y,SS,ND,ND,ND,ND,ND
200216,TRIOS COLLEGE BUSINESS TECHNOLOGY HEALTHCARE INC.,115111,"TRIOS COLLEGE BUSINESS TECHNOLOGY HEALTHCARE, SCARBOROUGH",SCARBOROUGH,M1P2L6,SUPPLY CHAIN & LOGISTICS (+INTERNSHIP),Business,Office Administration,Y,0.74,0.67,0.33,0.67,ND,ND
200216,TRIOS COLLEGE BUSINESS TECHNOLOGY HEALTHCARE INC.,115111,"TRIOS COLLEGE BUSINESS TECHNOLOGY HEALTHCARE, SCARBOROUGH",SCARBOROUGH,M1P2L6,SUPPLY CHAIN & LOGISTICS,Business,Office Administration,Y,0.40,SS,SS,SS,ND,ND
200216,TRIOS COLLEGE BUSINESS TECHNOLOGY HEALTHCARE INC.,115111,"TRIOS COLLEGE BUSINESS TECHNOLOGY HEALTHCARE, SCARBOROUGH",SCARBOROUGH,M1P2L6,WEB TECHNOLOGY SPECIALIST,Computer and Information Technology,Information Technology,Y,SS,SS,SS,SS,ND,ND
200222,846819 ONTARIO INC.,+,+,,,+,,,Y,0.22,0.82,0.71,0.82,0.00,ND
200222,846819 ONTARIO INC.,101546,"BRUNO'S SCHOOL OF HAIR DESIGN, HAMILTON",HAMILTON,L8K1V9,+,,,Y,0.22,0.82,0.71,0.82,0.00,ND
200222,846819 ONTARIO INC.,101546,"BRUNO'S SCHOOL OF HAIR DESIGN, HAMILTON",HAMILTON,L8K1V9,HAIRSTYLING (PART TIME),Service Trade,Hairstylist,Y,0.00,SS,SS,SS,ND,ND
200222,846819 ONTARIO INC.,101546,"BRUNO'S SCHOOL OF HAIR DESIGN, HAMILTON",HAMILTON,L8K1V9,HAIRSTYLING,Service Trade,Hairstylist,Y,0.57,0.86,0.79,0.79,0.00,ND
200224,KIKKAWA SHIATSU SCHOOL INC.,+,+,,,+,,,Y,0.83,ND,ND,ND,ND,ND
200224,KIKKAWA SHIATSU SCHOOL INC.,101551,"KIKKAWA COLLEGE, TORONTO",TORONTO,M8X2X3,+,,,Y,0.83,ND,ND,ND,ND,0.00
200224,KIKKAWA SHIATSU SCHOOL INC.,101551,"KIKKAWA COLLEGE, TORONTO",TORONTO,M8X2X3,MASSAGE (90 WKS.),Health Services,Massage Therapist,Y,0.89,ND,ND,ND,ND,ND
200224,KIKKAWA SHIATSU SCHOOL INC.,101551,"KIKKAWA COLLEGE, TORONTO",TORONTO,M8X2X3,MASSAGE (99 WKS.),Health Services,Massage Therapist,Y,0.81,ND,ND,ND,ND,ND
200234,DIAMOND INSTITUTE OF BUSINESS AND COMPUTER TECHNOLOGY INC.,+,+,,,+,,,Y,0.53,0.59,0.33,0.60,1.00,ND
200234,DIAMOND INSTITUTE OF BUSINESS AND COMPUTER TECHNOLOGY INC.,109080,"CDI COLLEGE - BUSINESS TECHNOLOGY HEALTHCARE, BRAMPTON",BRAMPTON,L6W3X7,+,,,Y,0.54,0.57,0.29,0.54,1.00,0.06
200234,DIAMOND INSTITUTE OF BUSINESS AND COMPUTER TECHNOLOGY INC.,109080,"CDI COLLEGE - BUSINESS TECHNOLOGY HEALTHCARE, BRAMPTON",BRAMPTON,L6W3X7,ACCOUNTING AND PAYROLL ADMINISTRATOR (DISTANCE EDUCATION),Business,Accounting,Y,0.49,0.63,0.31,0.53,ND,ND
200234,DIAMOND INSTITUTE OF BUSINESS AND COMPUTER TECHNOLOGY INC.,109080,"CDI COLLEGE - BUSINESS TECHNOLOGY HEALTHCARE, BRAMPTON",BRAMPTON,L6W3X7,ACCOUNTING AND PAYROLL ADMINISTRATOR,Business,Accounting,Y,0.69,0.63,0.63,0.75,ND,ND
200234,DIAMOND INSTITUTE OF BUSINESS AND COMPUTER TECHNOLOGY INC.,109080,"CDI COLLEGE - BUSINESS TECHNOLOGY HEALTHCARE, BRAMPTON",BRAMPTON,L6W3X7,ACCOUNTING ASSISTANT/BOOKKEEPER,Business,Accounting,Y,SS,ND,ND,ND,ND,ND
200234,DIAMOND INSTITUTE OF BUSINESS AND COMPUTER TECHNOLOGY INC.,109080,"CDI COLLEGE - BUSINESS TECHNOLOGY HEALTHCARE, BRAMPTON",BRAMPTON,L6W3X7,ADDICTIONS AND COMMUNITY SERVICES WORKER,Community and Social Services,Community Services Worker,Y,0.60,0.60,0.60,0.71,1.00,ND
200234,DIAMOND INSTITUTE OF BUSINESS AND COMPUTER TECHNOLOGY INC.,109080,"CDI COLLEGE - BUSINESS TECHNOLOGY HEALTHCARE, BRAMPTON",BRAMPTON,L6W3X7,ADDICTIONS RECOVERY SUPPORT FOR YOUTH AND FAMILIES,Community and Social Services,Community Services Worker,Y,ND,0.60,0.20,0.50,ND,ND
200234,DIAMOND INSTITUTE OF BUSINESS AND COMPUTER TECHNOLOGY INC.,109080,"CDI COLLEGE - BUSINESS TECHNOLOGY HEALTHCARE, BRAMPTON",BRAMPTON,L6W3X7,BUSINESS MANAGEMENT,Business,Business Administration,Y,SS,ND,ND,ND,ND,ND
200234,DIAMOND INSTITUTE OF BUSINESS AND COMPUTER TECHNOLOGY INC.,109080,"CDI COLLEGE - BUSINESS TECHNOLOGY HEALTHCARE, BRAMPTON",BRAMPTON,L6W3X7,CHILD AND YOUTH SERVICES WORKER (DISTANCE EDUCATION),Community and Social Services,Community Services Worker,Y,0.39,0.75,0.13,0.33,ND,ND
200234,DIAMOND INSTITUTE OF BUSINESS AND COMPUTER TECHNOLOGY INC.,109080,"CDI COLLEGE - BUSINESS TECHNOLOGY HEALTHCARE, BRAMPTON",BRAMPTON,L6W3X7,CHILD AND YOUTH SERVICES WORKER,Community and Social Services,Community Services Worker,Y,0.14,SS,SS,SS,ND,ND
200234,DIAMOND INSTITUTE OF BUSINESS AND COMPUTER TECHNOLOGY INC.,109080,"CDI COLLEGE - BUSINESS TECHNOLOGY HEALTHCARE, BRAMPTON",BRAMPTON,L6W3X7,COMPUTER BUSINESS APPLICATIONS SPECIALIST,Business,Office Administration,Y,SS,SS,SS,SS,ND,ND
200234,DIAMOND INSTITUTE OF BUSINESS AND COMPUTER TECHNOLOGY INC.,109080,"CDI COLLEGE - BUSINESS TECHNOLOGY HEALTHCARE, BRAMPTON",BRAMPTON,L6W3X7,CYBERSECURITY SPECIALIST (DISTANCE EDUCATION),Computer and Information Technology,Computer Security and Project Management,Y,ND,0.46,0.08,0.23,ND,ND
200234,DIAMOND INSTITUTE OF BUSINESS AND COMPUTER TECHNOLOGY INC.,109080,"CDI COLLEGE - BUSINESS TECHNOLOGY HEALTHCARE, BRAMPTON",BRAMPTON,L6W3X7,CYBERSECURITY SPECIALIST,Computer and Information Technology,Computer Security and Project Management,Y,0.40,0.60,0.00,SS,ND,ND
200234,DIAMOND INSTITUTE OF BUSINESS AND COMPUTER TECHNOLOGY INC.,109080,"CDI COLLEGE - BUSINESS TECHNOLOGY HEALTHCARE, BRAMPTON",BRAMPTON,L6W3X7,GRAPHIC DESIGN TECHNOLOGY (DISTANCE EDUCATION),Applied Arts and Science,Graphic Design/Printing,Y,SS,0.67,0.56,0.89,ND,ND
200234,DIAMOND INSTITUTE OF BUSINESS AND COMPUTER TECHNOLOGY INC.,109080,"CDI COLLEGE - BUSINESS TECHNOLOGY HEALTHCARE, BRAMPTON",BRAMPTON,L6W3X7,GRAPHIC DESIGN TECHNOLOGY,Computer and Information Technology,Information Technology,Y,SS,SS,SS,SS,ND,ND
200234,DIAMOND INSTITUTE OF BUSINESS AND COMPUTER TECHNOLOGY INC.,109080,"CDI COLLEGE - BUSINESS TECHNOLOGY HEALTHCARE, BRAMPTON",BRAMPTON,L6W3X7,HOSPITALITY MANAGEMENT (DISTANCE EDUCATION),Business,Hospitality Administration/Management,Y,SS,SS,SS,0.40,1.00,ND
200234,DIAMOND INSTITUTE OF BUSINESS AND COMPUTER TECHNOLOGY INC.,109080,"CDI COLLEGE - BUSINESS TECHNOLOGY HEALTHCARE, BRAMPTON",BRAMPTON,L6W3X7,HUMAN RESOURCES AND PAYROLL COORDINATOR,Business,Human Resources,Y,SS,ND,ND,ND,ND,ND
200234,DIAMOND INSTITUTE OF BUSINESS AND COMPUTER TECHNOLOGY INC.,109080,"CDI COLLEGE - BUSINESS TECHNOLOGY HEALTHCARE, BRAMPTON",BRAMPTON,L6W3X7,IMMIGRATION ASSISTANT,Community and Social Services,Other - Community Services,Y,0.81,0.56,0.22,0.50,ND,ND
200234,DIAMOND INSTITUTE OF BUSINESS AND COMPUTER TECHNOLOGY INC.,109080,"CDI COLLEGE - BUSINESS TECHNOLOGY HEALTHCARE, BRAMPTON",BRAMPTON,L6W3X7,INFORMATION SYSTEMS SUPPORT SPECIALIST,Computer and Information Technology,Information Technology,Y,SS,SS,SS,SS,ND,ND
200234,DIAMOND INSTITUTE OF BUSINESS AND COMPUTER TECHNOLOGY INC.,109080,"CDI COLLEGE - BUSINESS TECHNOLOGY HEALTHCARE, BRAMPTON",BRAMPTON,L6W3X7,LEGAL ADMINISTRATIVE ASSISTANT(DISTANCE EDUCATION),Law and Public Safety,Legal Office Administration,Y,0.07,0.29,0.00,0.43,ND,ND
200234,DIAMOND INSTITUTE OF BUSINESS AND COMPUTER TECHNOLOGY INC.,109080,"CDI COLLEGE - BUSINESS TECHNOLOGY HEALTHCARE, BRAMPTON",BRAMPTON,L6W3X7,MEDICAL OFFICE ADMINISTRATOR,Health Services,Medical Office Administration/Management,Y,0.68,0.44,0.00,0.46,1.00,ND
200234,DIAMOND INSTITUTE OF BUSINESS AND COMPUTER TECHNOLOGY INC.,109080,"CDI COLLEGE - BUSINESS TECHNOLOGY HEALTHCARE, BRAMPTON",BRAMPTON,L6W3X7,NETWORK SYSTEMS ADMINISTRATOR (DISTANCE EDUCATION),Computer and Information Technology,Network Administration,Y,SS,SS,SS,SS,ND,ND
200234,DIAMOND INSTITUTE OF BUSINESS AND COMPUTER TECHNOLOGY INC.,109080,"CDI COLLEGE - BUSINESS TECHNOLOGY HEALTHCARE, BRAMPTON",BRAMPTON,L6W3X7,NETWORK SYSTEMS ADMINISTRATOR,Computer and Information Technology,Information Technology,Y,SS,SS,SS,SS,ND,ND
200234,DIAMOND INSTITUTE OF BUSINESS AND COMPUTER TECHNOLOGY INC.,109080,"CDI COLLEGE - BUSINESS TECHNOLOGY HEALTHCARE, BRAMPTON",BRAMPTON,L6W3X7,NETWORK SYSTEMS ENGINEER (DISTANCE EDUCATION),Computer and Information Technology,Network Administration,Y,ND,SS,SS,SS,ND,ND
200234,DIAMOND INSTITUTE OF BUSINESS AND COMPUTER TECHNOLOGY INC.,109080,"CDI COLLEGE - BUSINESS TECHNOLOGY HEALTHCARE, BRAMPTON",BRAMPTON,L6W3X7,NETWORK SYSTEMS ENGINEER,Computer and Information Technology,Information Technology,Y,SS,ND,ND,ND,ND,ND
200234,DIAMOND INSTITUTE OF BUSINESS AND COMPUTER TECHNOLOGY INC.,109080,"CDI COLLEGE - BUSINESS TECHNOLOGY HEALTHCARE, BRAMPTON",BRAMPTON,L6W3X7,PARALEGAL,Law and Public Safety,Paralegal,Y,0.67,0.20,0.20,0.57,ND,ND
200234,DIAMOND INSTITUTE OF BUSINESS AND COMPUTER TECHNOLOGY INC.,109080,"CDI COLLEGE - BUSINESS TECHNOLOGY HEALTHCARE, BRAMPTON",BRAMPTON,L6W3X7,PERSONAL SUPPORT WORKER,Health Services,Personal Support Worker/Personal Attendant,Y,0.48,0.50,0.33,0.83,1.00,ND
200234,DIAMOND INSTITUTE OF BUSINESS AND COMPUTER TECHNOLOGY INC.,109080,"CDI COLLEGE - BUSINESS TECHNOLOGY HEALTHCARE, BRAMPTON",BRAMPTON,L6W3X7,PHARMACY ASSISTANT (DISTANCE EDUCATION),Health Services,Pharmacy Assistant,Y,0.81,0.00,0.00,0.50,ND,ND
200234,DIAMOND INSTITUTE OF BUSINESS AND COMPUTER TECHNOLOGY INC.,109080,"CDI COLLEGE - BUSINESS TECHNOLOGY HEALTHCARE, BRAMPTON",BRAMPTON,L6W3X7,PHARMACY ASSISTANT,Health Services,Pharmaceutical Technology,Y,1.00,0.33,0.33,0.75,ND,ND
200234,DIAMOND INSTITUTE OF BUSINESS AND COMPUTER TECHNOLOGY INC.,109080,"CDI COLLEGE - BUSINESS TECHNOLOGY HEALTHCARE, BRAMPTON",BRAMPTON,L6W3X7,SOCIAL MEDIA AND WEB MARKETING (DISTANCE EDUCATION),Business,Marketing/Advertising,Y,ND,SS,SS,SS,ND,ND
200234,DIAMOND INSTITUTE OF BUSINESS AND COMPUTER TECHNOLOGY INC.,109080,"CDI COLLEGE - BUSINESS TECHNOLOGY HEALTHCARE, BRAMPTON",BRAMPTON,L6W3X7,SOCIAL MEDIA MARKETING (DISTANCE EDUCATION),Business,Marketing/Advertising,Y,0.17,ND,ND,ND,ND,ND
200234,DIAMOND INSTITUTE OF BUSINESS AND COMPUTER TECHNOLOGY INC.,109080,"CDI COLLEGE - BUSINESS TECHNOLOGY HEALTHCARE, BRAMPTON",BRAMPTON,L6W3X7,SUPPLY CHAIN MANAGEMENT (DISTANCE EDUCATION),Business,Supply Chain Management and Logistics,Y,0.50,0.78,0.44,0.78,ND,ND
200234,DIAMOND INSTITUTE OF BUSINESS AND COMPUTER TECHNOLOGY INC.,109080,"CDI COLLEGE - BUSINESS TECHNOLOGY HEALTHCARE, BRAMPTON",BRAMPTON,L6W3X7,SUPPLY CHAIN MANAGEMENT,Business,Office Administration,Y,0.50,0.63,0.38,0.38,ND,ND
200234,DIAMOND INSTITUTE OF BUSINESS AND COMPUTER TECHNOLOGY INC.,109080,"CDI COLLEGE - BUSINESS TECHNOLOGY HEALTHCARE, BRAMPTON",BRAMPTON,L6W3X7,WEB AND MOBILE APPLICATIONS DEVELOPMENT (DISTANCE EDUCATION),Computer and Information Technology,Web Applications and Development,Y,ND,SS,SS,SS,ND,ND
200234,DIAMOND INSTITUTE OF BUSINESS AND COMPUTER TECHNOLOGY INC.,113590,"CDI COLLEGE - BUSINESS TECHNOLOGY HEALTHCARE, MISSISSAUGA",MISSISSAUGA,L5B2N5,+,,,Y,0.19,0.55,0.29,0.59,1.00,0.07
200234,DIAMOND INSTITUTE OF BUSINESS AND COMPUTER TECHNOLOGY INC.,113590,"CDI COLLEGE - BUSINESS TECHNOLOGY HEALTHCARE, MISSISSAUGA",MISSISSAUGA,L5B2N5,ACCOUNTING AND PAYROLL ADMINISTRATOR,Business,Accounting,Y,0.12,SS,SS,0.40,ND,ND
200234,DIAMOND INSTITUTE OF BUSINESS AND COMPUTER TECHNOLOGY INC.,113590,"CDI COLLEGE - BUSINESS TECHNOLOGY HEALTHCARE, MISSISSAUGA",MISSISSAUGA,L5B2N5,ACCOUNTING ASSISTANT/BOOKKEEPER,Business,Accounting,Y,0.20,ND,ND,ND,ND,ND
200234,DIAMOND INSTITUTE OF BUSINESS AND COMPUTER TECHNOLOGY INC.,113590,"CDI COLLEGE - BUSINESS TECHNOLOGY HEALTHCARE, MISSISSAUGA",MISSISSAUGA,L5B2N5,ADDICTIONS AND COMMUNITY SERVICES WORKER,Community and Social Services,Community Services Worker,Y,0.03,SS,SS,SS,ND,ND
200234,DIAMOND INSTITUTE OF BUSINESS AND COMPUTER TECHNOLOGY INC.,113590,"CDI COLLEGE - BUSINESS TECHNOLOGY HEALTHCARE, MISSISSAUGA",MISSISSAUGA,L5B2N5,ADDICTIONS RECOVERY SUPPORT FOR YOUTH AND FAMILIES,Community and Social Services,Community Services Worker,Y,ND,0.56,0.11,0.50,ND,ND
200234,DIAMOND INSTITUTE OF BUSINESS AND COMPUTER TECHNOLOGY INC.,113590,"CDI COLLEGE - BUSINESS TECHNOLOGY HEALTHCARE, MISSISSAUGA",MISSISSAUGA,L5B2N5,BUSINESS ADMINISTRATION,Business,Business Administration,Y,0.40,0.40,0.20,0.50,ND,ND
200234,DIAMOND INSTITUTE OF BUSINESS AND COMPUTER TECHNOLOGY INC.,113590,"CDI COLLEGE - BUSINESS TECHNOLOGY HEALTHCARE, MISSISSAUGA",MISSISSAUGA,L5B2N5,BUSINESS AND DIGITAL MARKETING MANAGEMENT,Services,Other - Services,Y,0.11,ND,ND,ND,ND,ND
200234,DIAMOND INSTITUTE OF BUSINESS AND COMPUTER TECHNOLOGY INC.,113590,"CDI COLLEGE - BUSINESS TECHNOLOGY HEALTHCARE, MISSISSAUGA",MISSISSAUGA,L5B2N5,BUSINESS MANAGEMENT,Business,Business Administration,Y,0.67,SS,SS,0.83,1.00,ND
200234,DIAMOND INSTITUTE OF BUSINESS AND COMPUTER TECHNOLOGY INC.,113590,"CDI COLLEGE - BUSINESS TECHNOLOGY HEALTHCARE, MISSISSAUGA",MISSISSAUGA,L5B2N5,CHILD AND YOUTH SERVICES WORKER,Community and Social Services,Community Services Worker,Y,0.21,ND,ND,ND,ND,ND
200234,DIAMOND INSTITUTE OF BUSINESS AND COMPUTER TECHNOLOGY INC.,113590,"CDI COLLEGE - BUSINESS TECHNOLOGY HEALTHCARE, MISSISSAUGA",MISSISSAUGA,L5B2N5,COMPUTER BUSINESS APPLICATIONS SPECIALIST,Business,Office Administration,Y,0.60,0.50,0.50,1.00,ND,ND
200234,DIAMOND INSTITUTE OF BUSINESS AND COMPUTER TECHNOLOGY INC.,113590,"CDI COLLEGE - BUSINESS TECHNOLOGY HEALTHCARE, MISSISSAUGA",MISSISSAUGA,L5B2N5,COMPUTER-AIDED DESIGN AND DRAFTING SPECIALIST,Industrial Trade,Draftsperson,Y,0.00,SS,SS,SS,ND,ND
200234,DIAMOND INSTITUTE OF BUSINESS AND COMPUTER TECHNOLOGY INC.,113590,"CDI COLLEGE - BUSINESS TECHNOLOGY HEALTHCARE, MISSISSAUGA",MISSISSAUGA,L5B2N5,CYBERSECURITY SPECIALIST,Computer and Information Technology,Computer Security and Project Management,Y,0.13,0.64,0.27,0.73,ND,ND
200234,DIAMOND INSTITUTE OF BUSINESS AND COMPUTER TECHNOLOGY INC.,113590,"CDI COLLEGE - BUSINESS TECHNOLOGY HEALTHCARE, MISSISSAUGA",MISSISSAUGA,L5B2N5,EDUCATION ASSISTANT,Human Services,Educator,Y,ND,SS,SS,SS,ND,ND
200234,DIAMOND INSTITUTE OF BUSINESS AND COMPUTER TECHNOLOGY INC.,113590,"CDI COLLEGE - BUSINESS TECHNOLOGY HEALTHCARE, MISSISSAUGA",MISSISSAUGA,L5B2N5,GRAPHIC DESIGN TECHNOLOGY,Computer and Information Technology,Information Technology,Y,0.19,ND,ND,ND,ND,ND
200234,DIAMOND INSTITUTE OF BUSINESS AND COMPUTER TECHNOLOGY INC.,113590,"CDI COLLEGE - BUSINESS TECHNOLOGY HEALTHCARE, MISSISSAUGA",MISSISSAUGA,L5B2N5,HOSPITALITY MANAGEMENT,Business,Hospitality Administration/Management,Y,SS,ND,ND,ND,ND,ND
200234,DIAMOND INSTITUTE OF BUSINESS AND COMPUTER TECHNOLOGY INC.,113590,"CDI COLLEGE - BUSINESS TECHNOLOGY HEALTHCARE, MISSISSAUGA",MISSISSAUGA,L5B2N5,HUMAN RESOURCES AND PAYROLL COORDINATOR,Business,Human Resources,Y,SS,ND,ND,ND,ND,ND
200234,DIAMOND INSTITUTE OF BUSINESS AND COMPUTER TECHNOLOGY INC.,113590,"CDI COLLEGE - BUSINESS TECHNOLOGY HEALTHCARE, MISSISSAUGA",MISSISSAUGA,L5B2N5,IMMIGRATION ASSISTANT,Community and Social Services,Other - Community Services,Y,0.15,ND,ND,ND,ND,ND
200234,DIAMOND INSTITUTE OF BUSINESS AND COMPUTER TECHNOLOGY INC.,113590,"CDI COLLEGE - BUSINESS TECHNOLOGY HEALTHCARE, MISSISSAUGA",MISSISSAUGA,L5B2N5,INFORMATION SYSTEMS SUPPORT SPECIALIST WITH INTERNSHIP,Computer and Information Technology,Information Technology,Y,SS,ND,ND,ND,ND,ND
200234,DIAMOND INSTITUTE OF BUSINESS AND COMPUTER TECHNOLOGY INC.,113590,"CDI COLLEGE - BUSINESS TECHNOLOGY HEALTHCARE, MISSISSAUGA",MISSISSAUGA,L5B2N5,INFORMATION SYSTEMS SUPPORT SPECIALIST,Computer and Information Technology,Information Technology,Y,SS,SS,SS,SS,ND,ND
200234,DIAMOND INSTITUTE OF BUSINESS AND COMPUTER TECHNOLOGY INC.,113590,"CDI COLLEGE - BUSINESS TECHNOLOGY HEALTHCARE, MISSISSAUGA",MISSISSAUGA,L5B2N5,MEDICAL LABORATORY ASSISTANT/TECHNICIAN,Health Services,Medical Laboratory Technician,Y,0.33,0.63,0.42,0.65,ND,ND
200234,DIAMOND INSTITUTE OF BUSINESS AND COMPUTER TECHNOLOGY INC.,113590,"CDI COLLEGE - BUSINESS TECHNOLOGY HEALTHCARE, MISSISSAUGA",MISSISSAUGA,L5B2N5,MEDICAL OFFICE ADMINISTRATOR,Health Services,Medical Office Administration/Management,Y,0.17,0.27,0.18,0.64,ND,ND
200234,DIAMOND INSTITUTE OF BUSINESS AND COMPUTER TECHNOLOGY INC.,113590,"CDI COLLEGE - BUSINESS TECHNOLOGY HEALTHCARE, MISSISSAUGA",MISSISSAUGA,L5B2N5,NETWORK SYSTEMS ADMINISTRATOR WITH INTERNSHIP,Computer and Information Technology,Information Technology,Y,SS,ND,ND,ND,ND,ND
200234,DIAMOND INSTITUTE OF BUSINESS AND COMPUTER TECHNOLOGY INC.,113590,"CDI COLLEGE - BUSINESS TECHNOLOGY HEALTHCARE, MISSISSAUGA",MISSISSAUGA,L5B2N5,NETWORK SYSTEMS ADMINISTRATOR,Computer and Information Technology,Information Technology,Y,SS,SS,SS,SS,ND,ND
200234,DIAMOND INSTITUTE OF BUSINESS AND COMPUTER TECHNOLOGY INC.,113590,"CDI COLLEGE - BUSINESS TECHNOLOGY HEALTHCARE, MISSISSAUGA",MISSISSAUGA,L5B2N5,NETWORK SYSTEMS ENGINEER WITH INTERNSHIP,Computer and Information Technology,Information Technology,Y,SS,ND,ND,ND,ND,ND
200234,DIAMOND INSTITUTE OF BUSINESS AND COMPUTER TECHNOLOGY INC.,113590,"CDI COLLEGE - BUSINESS TECHNOLOGY HEALTHCARE, MISSISSAUGA",MISSISSAUGA,L5B2N5,NETWORK SYSTEMS ENGINEER,Computer and Information Technology,Information Technology,Y,SS,ND,ND,ND,ND,ND
200234,DIAMOND INSTITUTE OF BUSINESS AND COMPUTER TECHNOLOGY INC.,113590,"CDI COLLEGE - BUSINESS TECHNOLOGY HEALTHCARE, MISSISSAUGA",MISSISSAUGA,L5B2N5,PERSONAL SUPPORT WORKER,Health Services,Personal Support Worker/Personal Attendant,Y,0.40,0.50,0.00,0.25,ND,ND
200234,DIAMOND INSTITUTE OF BUSINESS AND COMPUTER TECHNOLOGY INC.,113590,"CDI COLLEGE - BUSINESS TECHNOLOGY HEALTHCARE, MISSISSAUGA",MISSISSAUGA,L5B2N5,PHARMACY ASSISTANT,Health Services,Pharmaceutical Technology,Y,0.19,ND,ND,ND,ND,ND
200234,DIAMOND INSTITUTE OF BUSINESS AND COMPUTER TECHNOLOGY INC.,113590,"CDI COLLEGE - BUSINESS TECHNOLOGY HEALTHCARE, MISSISSAUGA",MISSISSAUGA,L5B2N5,SOCIAL MEDIA AND WEB MARKETING,Business,Marketing/Advertising,Y,0.06,SS,SS,SS,ND,ND
200234,DIAMOND INSTITUTE OF BUSINESS AND COMPUTER TECHNOLOGY INC.,113590,"CDI COLLEGE - BUSINESS TECHNOLOGY HEALTHCARE, MISSISSAUGA",MISSISSAUGA,L5B2N5,SUPPLY CHAIN MANAGEMENT,Business,Office Administration,Y,0.06,0.75,0.45,0.48,1.00,ND
200234,DIAMOND INSTITUTE OF BUSINESS AND COMPUTER TECHNOLOGY INC.,113770,"CDI COLLEGE - BUSINESS TECHNOLOGY HEALTHCARE, SCARBOROUGH",SCARBOROUGH,M1L4S8,+,,,Y,0.68,0.61,0.44,0.69,1.00,0.10
200234,DIAMOND INSTITUTE OF BUSINESS AND COMPUTER TECHNOLOGY INC.,113770,"CDI COLLEGE - BUSINESS TECHNOLOGY HEALTHCARE, SCARBOROUGH",SCARBOROUGH,M1L4S8,ACCOUNTING AND PAYROLL ADMINISTRATOR,Business,Accounting,Y,0.63,0.50,0.40,0.90,1.00,ND
200234,DIAMOND INSTITUTE OF BUSINESS AND COMPUTER TECHNOLOGY INC.,113770,"CDI COLLEGE - BUSINESS TECHNOLOGY HEALTHCARE, SCARBOROUGH",SCARBOROUGH,M1L4S8,ACCOUNTING ASSISTANT/BOOKKEEPER,Business,Accounting,Y,SS,SS,SS,SS,ND,ND
200234,DIAMOND INSTITUTE OF BUSINESS AND COMPUTER TECHNOLOGY INC.,113770,"CDI COLLEGE - BUSINESS TECHNOLOGY HEALTHCARE, SCARBOROUGH",SCARBOROUGH,M1L4S8,ADDICTIONS RECOVERY SUPPORT FOR YOUTH AND FAMILIES,Community and Social Services,Community Services Worker,Y,0.46,ND,ND,ND,ND,ND
200234,DIAMOND INSTITUTE OF BUSINESS AND COMPUTER TECHNOLOGY INC.,113770,"CDI COLLEGE - BUSINESS TECHNOLOGY HEALTHCARE, SCARBOROUGH",SCARBOROUGH,M1L4S8,BUSINESS AND DIGITAL MARKETING MANAGEMENT,Services,Other - Services,Y,0.75,ND,ND,ND,ND,ND
200234,DIAMOND INSTITUTE OF BUSINESS AND COMPUTER TECHNOLOGY INC.,113770,"CDI COLLEGE - BUSINESS TECHNOLOGY HEALTHCARE, SCARBOROUGH",SCARBOROUGH,M1L4S8,COMPUTER BUSINESS APPLICATIONS SPECIALIST,Business,Office Administration,Y,SS,SS,SS,SS,ND,ND
200234,DIAMOND INSTITUTE OF BUSINESS AND COMPUTER TECHNOLOGY INC.,113770,"CDI COLLEGE - BUSINESS TECHNOLOGY HEALTHCARE, SCARBOROUGH",SCARBOROUGH,M1L4S8,CYBERSECURITY SPECIALIST,Computer and Information Technology,Computer Security and Project Management,Y,0.71,0.43,0.00,0.38,1.00,ND
200234,DIAMOND INSTITUTE OF BUSINESS AND COMPUTER TECHNOLOGY INC.,113770,"CDI COLLEGE - BUSINESS TECHNOLOGY HEALTHCARE, SCARBOROUGH",SCARBOROUGH,M1L4S8,DENTAL ASSISTING,Health Services,Office/Clerical/Administration - Dental/Medical,Y,0.77,ND,ND,ND,ND,ND
200234,DIAMOND INSTITUTE OF BUSINESS AND COMPUTER TECHNOLOGY INC.,113770,"CDI COLLEGE - BUSINESS TECHNOLOGY HEALTHCARE, SCARBOROUGH",SCARBOROUGH,M1L4S8,EDUCATION ASSISTANT,Human Services,Educator,Y,0.94,ND,ND,ND,ND,ND
200234,DIAMOND INSTITUTE OF BUSINESS AND COMPUTER TECHNOLOGY INC.,113770,"CDI COLLEGE - BUSINESS TECHNOLOGY HEALTHCARE, SCARBOROUGH",SCARBOROUGH,M1L4S8,HOSPITALITY MANAGEMENT,Business,Hospitality Administration/Management,Y,0.67,SS,SS,SS,ND,ND
200234,DIAMOND INSTITUTE OF BUSINESS AND COMPUTER TECHNOLOGY INC.,113770,"CDI COLLEGE - BUSINESS TECHNOLOGY HEALTHCARE, SCARBOROUGH",SCARBOROUGH,M1L4S8,IMMIGRATION ASSISTANT,Community and Social Services,Other - Community Services,Y,0.76,0.43,0.14,0.70,ND,ND
200234,DIAMOND INSTITUTE OF BUSINESS AND COMPUTER TECHNOLOGY INC.,113770,"CDI COLLEGE - BUSINESS TECHNOLOGY HEALTHCARE, SCARBOROUGH",SCARBOROUGH,M1L4S8,INFORMATION SYSTEMS SUPPORT SPECIALIST,Computer and Information Technology,Information Technology,Y,SS,ND,ND,SS,ND,ND
200234,DIAMOND INSTITUTE OF BUSINESS AND COMPUTER TECHNOLOGY INC.,113770,"CDI COLLEGE - BUSINESS TECHNOLOGY HEALTHCARE, SCARBOROUGH",SCARBOROUGH,M1L4S8,MEDICAL OFFICE ADMINISTRATOR,Health Services,Medical Office Administration/Management,Y,0.75,ND,ND,ND,ND,ND
200234,DIAMOND INSTITUTE OF BUSINESS AND COMPUTER TECHNOLOGY INC.,113770,"CDI COLLEGE - BUSINESS TECHNOLOGY HEALTHCARE, SCARBOROUGH",SCARBOROUGH,M1L4S8,NETWORK SYSTEMS ADMINISTRATOR,Computer and Information Technology,Information Technology,Y,ND,SS,SS,SS,ND,ND
200234,DIAMOND INSTITUTE OF BUSINESS AND COMPUTER TECHNOLOGY INC.,113770,"CDI COLLEGE - BUSINESS TECHNOLOGY HEALTHCARE, SCARBOROUGH",SCARBOROUGH,M1L4S8,NETWORK SYSTEMS ENGINEER,Computer and Information Technology,Information Technology,Y,0.50,ND,ND,ND,ND,ND
200234,DIAMOND INSTITUTE OF BUSINESS AND COMPUTER TECHNOLOGY INC.,113770,"CDI COLLEGE - BUSINESS TECHNOLOGY HEALTHCARE, SCARBOROUGH",SCARBOROUGH,M1L4S8,OFFICE ADMINISTRATOR - EXECUTIVE,Business,Office Administration,Y,SS,SS,SS,SS,ND,ND
200234,DIAMOND INSTITUTE OF BUSINESS AND COMPUTER TECHNOLOGY INC.,113770,"CDI COLLEGE - BUSINESS TECHNOLOGY HEALTHCARE, SCARBOROUGH",SCARBOROUGH,M1L4S8,PERSONAL SUPPORT WORKER,Health Services,Personal Support Worker/Personal Attendant,Y,0.59,0.85,0.69,0.74,ND,ND
200234,DIAMOND INSTITUTE OF BUSINESS AND COMPUTER TECHNOLOGY INC.,113770,"CDI COLLEGE - BUSINESS TECHNOLOGY HEALTHCARE, SCARBOROUGH",SCARBOROUGH,M1L4S8,PHARMACY ASSISTANT,Health Services,Pharmaceutical Technology,Y,0.83,ND,ND,ND,ND,ND
200234,DIAMOND INSTITUTE OF BUSINESS AND COMPUTER TECHNOLOGY INC.,113770,"CDI COLLEGE - BUSINESS TECHNOLOGY HEALTHCARE, SCARBOROUGH",SCARBOROUGH,M1L4S8,SOCIAL MEDIA AND WEB MARKETING,Business,Marketing/Advertising,Y,0.57,ND,ND,SS,ND,ND
200234,DIAMOND INSTITUTE OF BUSINESS AND COMPUTER TECHNOLOGY INC.,113770,"CDI COLLEGE - BUSINESS TECHNOLOGY HEALTHCARE, SCARBOROUGH",SCARBOROUGH,M1L4S8,SUPPLY CHAIN MANAGEMENT,Business,Office Administration,Y,0.65,ND,ND,ND,ND,ND
200234,DIAMOND INSTITUTE OF BUSINESS AND COMPUTER TECHNOLOGY INC.,124674,"CDI COLLEGE - BUSINESS TECHNOLOGY HEALTHCARE, NORTH YORK",NORTH YORK,M2N6K1,+,,,Y,0.79,0.66,0.40,0.67,1.00,0.10
200234,DIAMOND INSTITUTE OF BUSINESS AND COMPUTER TECHNOLOGY INC.,124674,"CDI COLLEGE - BUSINESS TECHNOLOGY HEALTHCARE, NORTH YORK",NORTH YORK,M2N6K1,ACCOUNTING AND PAYROLL ADMINISTRATOR,Business,Accounting,Y,0.57,0.60,0.60,0.67,1.00,ND
200234,DIAMOND INSTITUTE OF BUSINESS AND COMPUTER TECHNOLOGY INC.,124674,"CDI COLLEGE - BUSINESS TECHNOLOGY HEALTHCARE, NORTH YORK",NORTH YORK,M2N6K1,ACCOUNTING ASSISTANT/BOOKKEEPER,Business,Accounting,Y,SS,SS,SS,SS,ND,ND
200234,DIAMOND INSTITUTE OF BUSINESS AND COMPUTER TECHNOLOGY INC.,124674,"CDI COLLEGE - BUSINESS TECHNOLOGY HEALTHCARE, NORTH YORK",NORTH YORK,M2N6K1,ADDICTIONS AND COMMUNITY SERVICES WORKER,Community and Social Services,Community Services Worker,Y,0.82,0.67,0.67,0.75,ND,ND
200234,DIAMOND INSTITUTE OF BUSINESS AND COMPUTER TECHNOLOGY INC.,124674,"CDI COLLEGE - BUSINESS TECHNOLOGY HEALTHCARE, NORTH YORK",NORTH YORK,M2N6K1,ADDICTIONS RECOVERY SUPPORT FOR YOUTH AND FAMILIES,Community and Social Services,Community Services Worker,Y,0.92,0.68,0.41,0.58,1.00,ND
200234,DIAMOND INSTITUTE OF BUSINESS AND COMPUTER TECHNOLOGY INC.,124674,"CDI COLLEGE - BUSINESS TECHNOLOGY HEALTHCARE, NORTH YORK",NORTH YORK,M2N6K1,BUSINESS AND DIGITAL MARKETING MANAGEMENT,Services,Other - Services,Y,ND,ND,ND,ND,ND,ND
200234,DIAMOND INSTITUTE OF BUSINESS AND COMPUTER TECHNOLOGY INC.,124674,"CDI COLLEGE - BUSINESS TECHNOLOGY HEALTHCARE, NORTH YORK",NORTH YORK,M2N6K1,BUSINESS MANAGEMENT,Business,Business Administration,Y,0.80,0.60,0.10,0.70,ND,ND
200234,DIAMOND INSTITUTE OF BUSINESS AND COMPUTER TECHNOLOGY INC.,124674,"CDI COLLEGE - BUSINESS TECHNOLOGY HEALTHCARE, NORTH YORK",NORTH YORK,M2N6K1,CHILD AND YOUTH SERVICES WORKER,Community and Social Services,Community Services Worker,Y,ND,SS,SS,SS,ND,ND
200234,DIAMOND INSTITUTE OF BUSINESS AND COMPUTER TECHNOLOGY INC.,124674,"CDI COLLEGE - BUSINESS TECHNOLOGY HEALTHCARE, NORTH YORK",NORTH YORK,M2N6K1,COMPUTER BUSINESS APPLICATIONS SPECIALIST,Business,Office Administration,Y,SS,SS,SS,SS,ND,ND
200234,DIAMOND INSTITUTE OF BUSINESS AND COMPUTER TECHNOLOGY INC.,124674,"CDI COLLEGE - BUSINESS TECHNOLOGY HEALTHCARE, NORTH YORK",NORTH YORK,M2N6K1,CYBERSECURITY SPECIALIST,Computer and Information Technology,Information Technology,Y,0.88,ND,ND,ND,ND,ND
200234,DIAMOND INSTITUTE OF BUSINESS AND COMPUTER TECHNOLOGY INC.,124674,"CDI COLLEGE - BUSINESS TECHNOLOGY HEALTHCARE, NORTH YORK",NORTH YORK,M2N6K1,IMMIGRATION ASSISTANT,Community and Social Services,Other - Community Services,Y,0.86,0.58,0.08,0.57,ND,ND
200234,DIAMOND INSTITUTE OF BUSINESS AND COMPUTER TECHNOLOGY INC.,124674,"CDI COLLEGE - BUSINESS TECHNOLOGY HEALTHCARE, NORTH YORK",NORTH YORK,M2N6K1,INFORMATION SYSTEMS SUPPORT SPECIALIST,Computer and Information Technology,Information Technology,Y,SS,ND,ND,ND,ND,ND
200234,DIAMOND INSTITUTE OF BUSINESS AND COMPUTER TECHNOLOGY INC.,124674,"CDI COLLEGE - BUSINESS TECHNOLOGY HEALTHCARE, NORTH YORK",NORTH YORK,M2N6K1,MEDICAL OFFICE ADMINISTRATOR,Health Services,Medical Office Administration/Management,Y,0.87,0.80,0.80,1.00,ND,ND
200234,DIAMOND INSTITUTE OF BUSINESS AND COMPUTER TECHNOLOGY INC.,124674,"CDI COLLEGE - BUSINESS TECHNOLOGY HEALTHCARE, NORTH YORK",NORTH YORK,M2N6K1,NETWORK SYSTEMS ADMINISTRATOR,Computer and Information Technology,Information Technology,Y,ND,ND,ND,ND,ND,ND
200234,DIAMOND INSTITUTE OF BUSINESS AND COMPUTER TECHNOLOGY INC.,124674,"CDI COLLEGE - BUSINESS TECHNOLOGY HEALTHCARE, NORTH YORK",NORTH YORK,M2N6K1,NETWORK SYSTEMS ENGINEER,Computer and Information Technology,Information Technology,Y,0.96,0.00,0.00,0.00,ND,ND
200234,DIAMOND INSTITUTE OF BUSINESS AND COMPUTER TECHNOLOGY INC.,124674,"CDI COLLEGE - BUSINESS TECHNOLOGY HEALTHCARE, NORTH YORK",NORTH YORK,M2N6K1,PARALEGAL,Law and Public Safety,Paralegal,Y,0.82,ND,ND,ND,ND,ND
200234,DIAMOND INSTITUTE OF BUSINESS AND COMPUTER TECHNOLOGY INC.,124674,"CDI COLLEGE - BUSINESS TECHNOLOGY HEALTHCARE, NORTH YORK",NORTH YORK,M2N6K1,PERSONAL SUPPORT WORKER (25 WEEKS)*,Health Services,Personal Support Worker/Personal Attendant,Y,0.55,See combined program results below,See combined program results below,See combined program results below,See combined program results below,ND
200234,DIAMOND INSTITUTE OF BUSINESS AND COMPUTER TECHNOLOGY INC.,124674,"CDI COLLEGE - BUSINESS TECHNOLOGY HEALTHCARE, NORTH YORK",NORTH YORK,M2N6K1,PERSONAL SUPPORT WORKER (32 WEEKS)*,Health Services,Personal Support Worker/Personal Attendant,Y,SS,See combined program results below,See combined program results below,See combined program results below,See combined program results below,ND
200234,DIAMOND INSTITUTE OF BUSINESS AND COMPUTER TECHNOLOGY INC.,124674,"CDI COLLEGE - BUSINESS TECHNOLOGY HEALTHCARE, NORTH YORK",NORTH YORK,M2N6K1,PERSONAL SUPPORT WORKER (COMBINED 25 WEEKS AND 32 WEEKS)**,Health Services,Personal Support Worker/Personal Attendant,Y,See program results above,1.00,1.00,0.00,ND,See program results above
200234,DIAMOND INSTITUTE OF BUSINESS AND COMPUTER TECHNOLOGY INC.,124674,"CDI COLLEGE - BUSINESS TECHNOLOGY HEALTHCARE, NORTH YORK",NORTH YORK,M2N6K1,PHARMACY ASSISTANT,Health Services,Pharmaceutical Technology,Y,0.84,ND,ND,ND,ND,ND
200234,DIAMOND INSTITUTE OF BUSINESS AND COMPUTER TECHNOLOGY INC.,124674,"CDI COLLEGE - BUSINESS TECHNOLOGY HEALTHCARE, NORTH YORK",NORTH YORK,M2N6K1,SUPPLY CHAIN MANAGEMENT,Business,Office Administration,Y,0.66,0.57,0.43,1.00,1.00,ND
200240,HEALTH CARE VOCATIONAL CENTRES INC.,+,+,,,+,,,Y,0.80,0.76,0.56,0.81,1.00,ND
200240,HEALTH CARE VOCATIONAL CENTRES INC.,101585,"CAREER COLLEGE GROUP, LAWRENCE AVE. E.",SCARBOROUGH,M1R3A6,+,,,Y,0.82,0.81,0.64,0.90,1.00,0.03
200240,HEALTH CARE VOCATIONAL CENTRES INC.,101585,"CAREER COLLEGE GROUP, LAWRENCE AVE. E.",SCARBOROUGH,M1R3A6,CHILD AND YOUTH CARE WITH ADDICTIONS SUPPORT WORKER,Community and Social Services,Community Services Worker,Y,ND,ND,ND,ND,ND,ND
200240,HEALTH CARE VOCATIONAL CENTRES INC.,101585,"CAREER COLLEGE GROUP, LAWRENCE AVE. E.",SCARBOROUGH,M1R3A6,DENTAL ADMINISTRATOR ONLINE,Health Services,Office/Clerical/Administration - Dental/Medical,Y,0.81,0.68,0.47,0.78,1.00,ND
200240,HEALTH CARE VOCATIONAL CENTRES INC.,101585,"CAREER COLLEGE GROUP, LAWRENCE AVE. E.",SCARBOROUGH,M1R3A6,DENTAL ASSISTING - LEVEL I & II,Health Services,Office/Clerical/Administration - Dental/Medical,Y,0.88,0.90,0.85,0.91,1.00,ND
200240,HEALTH CARE VOCATIONAL CENTRES INC.,101585,"CAREER COLLEGE GROUP, LAWRENCE AVE. E.",SCARBOROUGH,M1R3A6,EARLY CHILDCARE ASSISTANT,Human Services,Early Childhood Assistant,Y,0.81,0.83,0.67,0.86,ND,ND
200240,HEALTH CARE VOCATIONAL CENTRES INC.,101585,"CAREER COLLEGE GROUP, LAWRENCE AVE. E.",SCARBOROUGH,M1R3A6,MASSAGE THERAPY (PT),Health Services,Massage Therapist,Y,0.53,1.00,0.67,0.33,ND,ND
200240,HEALTH CARE VOCATIONAL CENTRES INC.,101585,"CAREER COLLEGE GROUP, LAWRENCE AVE. E.",SCARBOROUGH,M1R3A6,MEDICAL LABORATORY TECHNICIAN/ASSISTANT,Health Services,Medical Laboratory Technician,Y,0.81,0.63,0.16,0.86,ND,ND
200240,HEALTH CARE VOCATIONAL CENTRES INC.,101585,"CAREER COLLEGE GROUP, LAWRENCE AVE. E.",SCARBOROUGH,M1R3A6,MEDICAL OFFICE ADMINISTRATOR,Health Services,Medical Office Administration/Management,Y,0.82,0.70,0.57,0.88,1.00,ND
200240,HEALTH CARE VOCATIONAL CENTRES INC.,101585,"CAREER COLLEGE GROUP, LAWRENCE AVE. E.",SCARBOROUGH,M1R3A6,PERSONAL SUPPORT WORKER - HYBRID,Health Services,Personal Support Worker/Personal Attendant,Y,0.90,0.91,0.78,0.98,1.00,ND
200240,HEALTH CARE VOCATIONAL CENTRES INC.,101585,"CAREER COLLEGE GROUP, LAWRENCE AVE. E.",SCARBOROUGH,M1R3A6,PERSONAL SUPPORT WORKER (F/T DAYS),Health Services,Personal Support Worker/Personal Attendant,Y,0.90,0.33,0.33,0.67,ND,ND
200240,HEALTH CARE VOCATIONAL CENTRES INC.,101585,"CAREER COLLEGE GROUP, LAWRENCE AVE. E.",SCARBOROUGH,M1R3A6,PERSONAL SUPPORT WORKER (FT EVENINGS),Health Services,Personal Support Worker/Personal Attendant,Y,0.61,0.67,0.67,1.00,ND,ND
200240,HEALTH CARE VOCATIONAL CENTRES INC.,101585,"CAREER COLLEGE GROUP, LAWRENCE AVE. E.",SCARBOROUGH,M1R3A6,PHARMACY ASSISTANT,Health Services,Pharmaceutical Technology,Y,0.83,0.58,0.42,0.76,ND,ND
200240,HEALTH CARE VOCATIONAL CENTRES INC.,101601,"CAREER COLLEGE GROUP, LAWRENCE AVE. W.",TORONTO,M6A3B4,+,,,Y,0.80,0.78,0.56,0.79,1.00,0.07
200240,HEALTH CARE VOCATIONAL CENTRES INC.,101601,"CAREER COLLEGE GROUP, LAWRENCE AVE. W.",TORONTO,M6A3B4,COMMUNITY SERVICE WORKER,Community and Social Services,Community Services Worker,Y,0.78,0.56,0.38,0.47,ND,ND
200240,HEALTH CARE VOCATIONAL CENTRES INC.,101601,"CAREER COLLEGE GROUP, LAWRENCE AVE. W.",TORONTO,M6A3B4,DENTAL ADMINISTRATOR,Health Services,Office/Clerical/Administration - Dental/Medical,Y,1.00,0.50,0.00,0.00,ND,ND
200240,HEALTH CARE VOCATIONAL CENTRES INC.,101601,"CAREER COLLEGE GROUP, LAWRENCE AVE. W.",TORONTO,M6A3B4,DENTAL ASSISTING - LEVEL I & II,Health Services,Office/Clerical/Administration - Dental/Medical,Y,0.85,0.92,0.88,0.86,1.00,ND
200240,HEALTH CARE VOCATIONAL CENTRES INC.,101601,"CAREER COLLEGE GROUP, LAWRENCE AVE. W.",TORONTO,M6A3B4,EARLY CHILDCARE ASSISTANT,Human Services,Early Childhood Assistant,Y,0.57,0.86,0.71,0.75,ND,ND
200240,HEALTH CARE VOCATIONAL CENTRES INC.,101601,"CAREER COLLEGE GROUP, LAWRENCE AVE. W.",TORONTO,M6A3B4,MASSAGE THERAPY (FT),Health Services,Massage Therapist,Y,0.55,0.50,0.50,0.60,ND,ND
200240,HEALTH CARE VOCATIONAL CENTRES INC.,101601,"CAREER COLLEGE GROUP, LAWRENCE AVE. W.",TORONTO,M6A3B4,MEDICAL LABORATORY TECHNICIAN/ASSISTANT,Health Services,Medical Laboratory Technician,Y,0.72,0.71,0.31,0.74,1.00,ND
200240,HEALTH CARE VOCATIONAL CENTRES INC.,101601,"CAREER COLLEGE GROUP, LAWRENCE AVE. W.",TORONTO,M6A3B4,MEDICAL OFFICE ADMINISTRATOR ONLINE,Health Services,Medical Office Administration/Management,Y,ND,0.79,0.50,0.78,1.00,ND
200240,HEALTH CARE VOCATIONAL CENTRES INC.,101601,"CAREER COLLEGE GROUP, LAWRENCE AVE. W.",TORONTO,M6A3B4,MEDICAL OFFICE ADMINISTRATOR,Health Services,Medical Office Administration/Management,Y,0.89,0.81,0.58,0.83,1.00,ND
200240,HEALTH CARE VOCATIONAL CENTRES INC.,101601,"CAREER COLLEGE GROUP, LAWRENCE AVE. W.",TORONTO,M6A3B4,PERSONAL SUPPORT WORKER - HYBRID,Health Services,Personal Support Worker/Personal Attendant,Y,0.93,0.80,0.65,0.85,1.00,ND
200240,HEALTH CARE VOCATIONAL CENTRES INC.,101601,"CAREER COLLEGE GROUP, LAWRENCE AVE. W.",TORONTO,M6A3B4,PERSONAL SUPPORT WORKER (F/T DAYS),Health Services,Personal Support Worker/Personal Attendant,Y,0.59,0.50,0.50,1.00,ND,ND
200240,HEALTH CARE VOCATIONAL CENTRES INC.,101601,"CAREER COLLEGE GROUP, LAWRENCE AVE. W.",TORONTO,M6A3B4,PERSONAL SUPPORT WORKER (F/T EVENINGS),Health Services,Personal Support Worker/Personal Attendant,Y,0.61,0.91,0.82,0.92,1.00,ND
200240,HEALTH CARE VOCATIONAL CENTRES INC.,101601,"CAREER COLLEGE GROUP, LAWRENCE AVE. W.",TORONTO,M6A3B4,PHARMACY ASSISTANT,Health Services,Pharmaceutical Technology,Y,0.84,0.71,0.38,0.74,ND,ND
200240,HEALTH CARE VOCATIONAL CENTRES INC.,101602,"CAREER COLLEGE GROUP, LONDON/HIGHBURY",LONDON,N5Y5B8,+,,,Y,0.80,0.72,0.40,0.59,ND,0.15
200240,HEALTH CARE VOCATIONAL CENTRES INC.,101602,"CAREER COLLEGE GROUP, LONDON/HIGHBURY",LONDON,N5Y5B8,CABINETMAKING,Service Trade,Other- Service Trade,Y,0.92,0.63,0.25,0.75,ND,ND
200240,HEALTH CARE VOCATIONAL CENTRES INC.,101602,"CAREER COLLEGE GROUP, LONDON/HIGHBURY",LONDON,N5Y5B8,CONSTRUCTION & MAINTENANCE ELECTRICIAN PRE-APPRENTICESHIP,Service Trade,Other- Service Trade,Y,0.83,0.89,0.44,0.44,ND,ND
200240,HEALTH CARE VOCATIONAL CENTRES INC.,101602,"CAREER COLLEGE GROUP, LONDON/HIGHBURY",LONDON,N5Y5B8,"HEATING, VENTILATION, AIR CONDITIONING (HVAC) TECHNICIAN",Service Trade,Other- Service Trade,Y,0.80,0.85,0.54,0.42,ND,ND
200240,HEALTH CARE VOCATIONAL CENTRES INC.,101602,"CAREER COLLEGE GROUP, LONDON/HIGHBURY",LONDON,N5Y5B8,HOME RENOVATION TECHNICIAN,Service Trade,Other- Service Trade,Y,0.88,0.64,0.36,0.64,ND,ND
200240,HEALTH CARE VOCATIONAL CENTRES INC.,101602,"CAREER COLLEGE GROUP, LONDON/HIGHBURY",LONDON,N5Y5B8,STRUCTURAL & PRESSURE VESSEL WELDER,Industrial Trade,Welder,Y,0.66,0.63,0.38,0.69,ND,ND
200240,HEALTH CARE VOCATIONAL CENTRES INC.,106859,"CAREER COLLEGE GROUP, BRAMPTON",BRAMPTON,L6T2W7,+,,,Y,0.77,0.68,0.53,0.79,1.00,0.07
200240,HEALTH CARE VOCATIONAL CENTRES INC.,106859,"CAREER COLLEGE GROUP, BRAMPTON",BRAMPTON,L6T2W7,CONSTRUCTION & MAINTENANCE ELECTRICIAN PRE-APPRENTICESHIP,Service Trade,Other- Service Trade,Y,0.59,0.53,0.24,0.55,ND,ND
200240,HEALTH CARE VOCATIONAL CENTRES INC.,106859,"CAREER COLLEGE GROUP, BRAMPTON",BRAMPTON,L6T2W7,DENTAL ASSISTING - LEVEL I & II,Health Services,Office/Clerical/Administration - Dental/Medical,Y,0.87,0.78,0.61,0.75,1.00,ND
200240,HEALTH CARE VOCATIONAL CENTRES INC.,106859,"CAREER COLLEGE GROUP, BRAMPTON",BRAMPTON,L6T2W7,EARLY CHILDCARE ASSISTANT,Human Services,Early Childhood Assistant,Y,0.67,0.60,0.60,0.91,ND,ND
200240,HEALTH CARE VOCATIONAL CENTRES INC.,106859,"CAREER COLLEGE GROUP, BRAMPTON",BRAMPTON,L6T2W7,"HEATING, VENTILATION, AIR CONDITIONING (HVAC) TECHNICIAN",Service Trade,Other- Service Trade,Y,0.65,0.69,0.62,0.71,ND,ND
200240,HEALTH CARE VOCATIONAL CENTRES INC.,106859,"CAREER COLLEGE GROUP, BRAMPTON",BRAMPTON,L6T2W7,HOME INSPECTION,Service Trade,Other- Service Trade,Y,0.83,0.00,0.00,ND,ND,ND
200240,HEALTH CARE VOCATIONAL CENTRES INC.,106859,"CAREER COLLEGE GROUP, BRAMPTON",BRAMPTON,L6T2W7,MASSAGE THERAPY (FT),Health Services,Massage Therapist,Y,0.70,0.80,0.80,1.00,ND,ND
200240,HEALTH CARE VOCATIONAL CENTRES INC.,106859,"CAREER COLLEGE GROUP, BRAMPTON",BRAMPTON,L6T2W7,MASSAGE THERAPY (PT),Health Services,Massage Therapist,Y,0.56,1.00,1.00,1.00,ND,ND
200240,HEALTH CARE VOCATIONAL CENTRES INC.,106859,"CAREER COLLEGE GROUP, BRAMPTON",BRAMPTON,L6T2W7,MEDICAL LABORATORY TECHNICIAN/ASSISTANT,Health Services,Medical Laboratory Technician,Y,0.81,0.62,0.35,0.72,1.00,ND
200240,HEALTH CARE VOCATIONAL CENTRES INC.,106859,"CAREER COLLEGE GROUP, BRAMPTON",BRAMPTON,L6T2W7,MEDICAL OFFICE ADMINISTRATOR,Health Services,Medical Office Administration/Management,Y,0.89,0.61,0.44,0.76,1.00,ND
200240,HEALTH CARE VOCATIONAL CENTRES INC.,106859,"CAREER COLLEGE GROUP, BRAMPTON",BRAMPTON,L6T2W7,PERSONAL SUPPORT WORKER - HYBRID,Health Services,Personal Support Worker/Personal Attendant,Y,0.96,0.74,0.63,0.88,1.00,ND
200240,HEALTH CARE VOCATIONAL CENTRES INC.,106859,"CAREER COLLEGE GROUP, BRAMPTON",BRAMPTON,L6T2W7,PERSONAL SUPPORT WORKER (F/T DAYS),Health Services,Personal Support Worker/Personal Attendant,Y,0.53,1.00,0.33,0.67,ND,ND
200240,HEALTH CARE VOCATIONAL CENTRES INC.,106859,"CAREER COLLEGE GROUP, BRAMPTON",BRAMPTON,L6T2W7,PERSONAL SUPPORT WORKER (F/T EVENINGS),Health Services,Personal Support Worker/Personal Attendant,Y,0.79,0.75,0.75,1.00,ND,ND
200240,HEALTH CARE VOCATIONAL CENTRES INC.,106859,"CAREER COLLEGE GROUP, BRAMPTON",BRAMPTON,L6T2W7,PHARMACY ASSISTANT,Health Services,Pharmaceutical Technology,Y,0.84,0.38,0.25,0.75,ND,ND
200240,HEALTH CARE VOCATIONAL CENTRES INC.,106859,"CAREER COLLEGE GROUP, BRAMPTON",BRAMPTON,L6T2W7,STRUCTURAL & PRESSURE VESSEL WELDER,Industrial Trade,Welder,Y,0.43,0.80,0.60,0.60,ND,ND
200241,THE WILLIS BUSINESS COLLEGE LIMITED,+,+,,,+,,,Y,0.76,0.75,0.56,0.72,0.85,ND
200241,THE WILLIS BUSINESS COLLEGE LIMITED,101587,"WILLIS COLLEGE OF BUSINESS, TECHNOLOGY, HEALTHCARE, OTTAWA",OTTAWA,K1K3B8,+,,,Y,0.76,0.75,0.56,0.72,0.85,0.07
200241,THE WILLIS BUSINESS COLLEGE LIMITED,101587,"WILLIS COLLEGE OF BUSINESS, TECHNOLOGY, HEALTHCARE, OTTAWA",OTTAWA,K1K3B8,ACCOUNTING AND PAYROLL TECHNICIAN (DISTANCE EDUCATION),Business,Business Administration,Y,1.00,0.85,0.69,0.50,ND,ND
200241,THE WILLIS BUSINESS COLLEGE LIMITED,101587,"WILLIS COLLEGE OF BUSINESS, TECHNOLOGY, HEALTHCARE, OTTAWA",OTTAWA,K1K3B8,ADDICTIONS AND COMMUNITY SERVICES WORKER (DISTANCE EDUCATION),Community and Social Services,Community Services Worker,Y,0.75,0.67,0.42,0.68,1.00,ND
200241,THE WILLIS BUSINESS COLLEGE LIMITED,101587,"WILLIS COLLEGE OF BUSINESS, TECHNOLOGY, HEALTHCARE, OTTAWA",OTTAWA,K1K3B8,ADDICTIONS AND COMMUNITY SERVICES WORKER,Community and Social Services,Community Services Worker,Y,0.84,ND,ND,ND,ND,ND
200241,THE WILLIS BUSINESS COLLEGE LIMITED,101587,"WILLIS COLLEGE OF BUSINESS, TECHNOLOGY, HEALTHCARE, OTTAWA",OTTAWA,K1K3B8,ADMINISTRATIVE ASSISTANT - DISTANCE EDUCATION,Business,Office Administration,Y,0.80,0.64,0.21,0.86,ND,ND
200241,THE WILLIS BUSINESS COLLEGE LIMITED,101587,"WILLIS COLLEGE OF BUSINESS, TECHNOLOGY, HEALTHCARE, OTTAWA",OTTAWA,K1K3B8,ADMINISTRATIVE ASSISTANT,Business,Business Administration,Y,SS,ND,ND,ND,ND,ND
200241,THE WILLIS BUSINESS COLLEGE LIMITED,101587,"WILLIS COLLEGE OF BUSINESS, TECHNOLOGY, HEALTHCARE, OTTAWA",OTTAWA,K1K3B8,APPLIED CYBER SECURITY ANALYST,Applied Arts and Science,Other - Applied Arts and Sciences,Y,0.66,ND,ND,ND,ND,ND
200241,THE WILLIS BUSINESS COLLEGE LIMITED,101587,"WILLIS COLLEGE OF BUSINESS, TECHNOLOGY, HEALTHCARE, OTTAWA",OTTAWA,K1K3B8,BUSINESS ADMINISTRATION -BUSINESS MANAGEMENT & HUMAN RESOURCES SPECIALIST,Business,Business Administration,Y,0.71,ND,ND,ND,ND,ND
200241,THE WILLIS BUSINESS COLLEGE LIMITED,101587,"WILLIS COLLEGE OF BUSINESS, TECHNOLOGY, HEALTHCARE, OTTAWA",OTTAWA,K1K3B8,CYBER SECURITY ANALYST,Applied Arts and Science,Other - Applied Arts and Sciences,Y,ND,ND,ND,ND,ND,ND
200241,THE WILLIS BUSINESS COLLEGE LIMITED,101587,"WILLIS COLLEGE OF BUSINESS, TECHNOLOGY, HEALTHCARE, OTTAWA",OTTAWA,K1K3B8,CYBERSECURITY ANALYST (DISTANCE EDUCATION),Computer and Information Technology,Computer Security and Project Management,Y,ND,0.60,0.24,0.44,ND,ND
200241,THE WILLIS BUSINESS COLLEGE LIMITED,101587,"WILLIS COLLEGE OF BUSINESS, TECHNOLOGY, HEALTHCARE, OTTAWA",OTTAWA,K1K3B8,CYBERSECURITY ANALYST,Computer and Information Technology,Computer Security and Project Management,Y,0.73,ND,ND,ND,ND,ND
200241,THE WILLIS BUSINESS COLLEGE LIMITED,101587,"WILLIS COLLEGE OF BUSINESS, TECHNOLOGY, HEALTHCARE, OTTAWA",OTTAWA,K1K3B8,CYBERSECURITY OPERATOR (DISTANCE EDUCATION),Computer and Information Technology,Information Technology,Y,1.00,0.86,0.43,0.50,ND,ND
200241,THE WILLIS BUSINESS COLLEGE LIMITED,101587,"WILLIS COLLEGE OF BUSINESS, TECHNOLOGY, HEALTHCARE, OTTAWA",OTTAWA,K1K3B8,CYBERSECURITY OPERATOR,Computer and Information Technology,Information Technology,Y,0.80,ND,ND,ND,ND,ND
200241,THE WILLIS BUSINESS COLLEGE LIMITED,101587,"WILLIS COLLEGE OF BUSINESS, TECHNOLOGY, HEALTHCARE, OTTAWA",OTTAWA,K1K3B8,DENTAL ASSISTANT - LEVEL I & II (DISTANCE EDUCATION),Health Services,Office/Clerical/Administration - Dental/Medical,Y,ND,0.82,0.82,0.81,0.83,ND
200241,THE WILLIS BUSINESS COLLEGE LIMITED,101587,"WILLIS COLLEGE OF BUSINESS, TECHNOLOGY, HEALTHCARE, OTTAWA",OTTAWA,K1K3B8,DENTAL ASSISTANT - LEVEL I & II,Health Services,Office/Clerical/Administration - Dental/Medical,Y,0.94,ND,ND,ND,ND,ND
200241,THE WILLIS BUSINESS COLLEGE LIMITED,101587,"WILLIS COLLEGE OF BUSINESS, TECHNOLOGY, HEALTHCARE, OTTAWA",OTTAWA,K1K3B8,EXECUTIVE BUSINESS ADMINISTRATION - DISTANCE EDUCATION,Business,Business Administration,Y,SS,0.63,0.63,0.90,ND,ND
200241,THE WILLIS BUSINESS COLLEGE LIMITED,101587,"WILLIS COLLEGE OF BUSINESS, TECHNOLOGY, HEALTHCARE, OTTAWA",OTTAWA,K1K3B8,EXECUTIVE BUSINESS ADMINISTRATION DIPLOMA,Business,Business Administration,Y,0.85,ND,ND,ND,ND,ND
200241,THE WILLIS BUSINESS COLLEGE LIMITED,101587,"WILLIS COLLEGE OF BUSINESS, TECHNOLOGY, HEALTHCARE, OTTAWA",OTTAWA,K1K3B8,HELP DESK AND NETWORK SUPPORT TECHNICIAN (DISTANCE EDUCATION),Computer and Information Technology,Network Administration,Y,0.50,SS,SS,SS,ND,ND
200241,THE WILLIS BUSINESS COLLEGE LIMITED,101587,"WILLIS COLLEGE OF BUSINESS, TECHNOLOGY, HEALTHCARE, OTTAWA",OTTAWA,K1K3B8,HELP DESK AND NETWORK SUPPORT TECHNICIAN,Services,Customer Service/Retail Sales,Y,SS,ND,ND,ND,ND,ND
200241,THE WILLIS BUSINESS COLLEGE LIMITED,101587,"WILLIS COLLEGE OF BUSINESS, TECHNOLOGY, HEALTHCARE, OTTAWA",OTTAWA,K1K3B8,HUMAN RESOURCES WITH PAYROLL (DISTANCE EDUCATION),Business,Accounting,Y,0.78,0.75,0.25,0.40,ND,ND
200241,THE WILLIS BUSINESS COLLEGE LIMITED,101587,"WILLIS COLLEGE OF BUSINESS, TECHNOLOGY, HEALTHCARE, OTTAWA",OTTAWA,K1K3B8,HUMAN RESOURCES WITH PAYROLL,Business,Accounting,Y,SS,ND,ND,ND,ND,ND
200241,THE WILLIS BUSINESS COLLEGE LIMITED,101587,"WILLIS COLLEGE OF BUSINESS, TECHNOLOGY, HEALTHCARE, OTTAWA",OTTAWA,K1K3B8,MEDICAL OFFICE ADMINISTRATOR WITH WARD CLERK SPECIALIST - DISTANCE EDUCATION,Health Services,Medical Office Administration/Management,Y,0.90,0.72,0.53,0.73,1.00,ND
200241,THE WILLIS BUSINESS COLLEGE LIMITED,101587,"WILLIS COLLEGE OF BUSINESS, TECHNOLOGY, HEALTHCARE, OTTAWA",OTTAWA,K1K3B8,MEDICAL OFFICE ADMINISTRATOR WITH WARD CLERK SPECIALIST,Health Services,Medical Office Administration/Management,Y,0.84,ND,ND,ND,ND,ND
200241,THE WILLIS BUSINESS COLLEGE LIMITED,101587,"WILLIS COLLEGE OF BUSINESS, TECHNOLOGY, HEALTHCARE, OTTAWA",OTTAWA,K1K3B8,PERSONAL SUPPORT WORKER,Health Services,Personal Support Worker/Personal Attendant,Y,0.76,0.93,0.86,0.92,1.00,ND
200241,THE WILLIS BUSINESS COLLEGE LIMITED,101587,"WILLIS COLLEGE OF BUSINESS, TECHNOLOGY, HEALTHCARE, OTTAWA",OTTAWA,K1K3B8,PHARMACY ASSISTANT (DISTANCE EDUCATION),Health Services,Pharmaceutical Technology,Y,0.73,0.56,0.38,0.71,0.00,ND
200241,THE WILLIS BUSINESS COLLEGE LIMITED,101587,"WILLIS COLLEGE OF BUSINESS, TECHNOLOGY, HEALTHCARE, OTTAWA",OTTAWA,K1K3B8,PHARMACY ASSISTANT,Health Services,Pharmaceutical Technology,Y,SS,ND,ND,ND,ND,ND
200241,THE WILLIS BUSINESS COLLEGE LIMITED,101587,"WILLIS COLLEGE OF BUSINESS, TECHNOLOGY, HEALTHCARE, OTTAWA",OTTAWA,K1K3B8,SOFTWARE DEVELOPER - MOBILE APPLICATIONS,Computer and Information Technology,Information Technology,Y,SS,ND,ND,ND,ND,ND
200241,THE WILLIS BUSINESS COLLEGE LIMITED,101587,"WILLIS COLLEGE OF BUSINESS, TECHNOLOGY, HEALTHCARE, OTTAWA",OTTAWA,K1K3B8,SUPPLY CHAIN MANAGEMENT - DISTANCE EDUCATION,Business,Supply Chain Management and Logistics,Y,0.57,1.00,1.00,0.67,ND,ND
200241,THE WILLIS BUSINESS COLLEGE LIMITED,134894,"WILLIS COLLEGE OF BUSINESS, TECHNOLOGY, HEALTHCARE, ARNPRIOR",ARNPRIOR,K7S3G9,+,,,Y,1.00,ND,ND,ND,ND,ND
200241,THE WILLIS BUSINESS COLLEGE LIMITED,134894,"WILLIS COLLEGE OF BUSINESS, TECHNOLOGY, HEALTHCARE, ARNPRIOR",ARNPRIOR,K7S3G9,NETWORK SECURITY PROFESSIONAL (48 WEEKS)*,Computer and Information Technology,Information Technology,Y,SS,See combined program results below,See combined program results below,See combined program results below,See combined program results below,ND
200241,THE WILLIS BUSINESS COLLEGE LIMITED,134894,"WILLIS COLLEGE OF BUSINESS, TECHNOLOGY, HEALTHCARE, ARNPRIOR",ARNPRIOR,K7S3G9,NETWORK SECURITY PROFESSIONAL (52 WEEKS)*,Computer and Information Technology,Information Technology,Y,SS,See combined program results below,See combined program results below,See combined program results below,See combined program results below,ND
200241,THE WILLIS BUSINESS COLLEGE LIMITED,134894,"WILLIS COLLEGE OF BUSINESS, TECHNOLOGY, HEALTHCARE, ARNPRIOR",ARNPRIOR,K7S3G9,NETWORK SECURITY PROFESSIONAL (COMBINED 48 WEEKS AND 52 WEEKS)**,Computer and Information Technology,Information Technology,Y,See program results above,ND,ND,ND,ND,See program results above
200243,THE HARRIS INST. FOR THE ARTS INC.,+,+,,,+,,,Y,0.35,0.70,0.60,0.91,1.00,ND
200243,THE HARRIS INST. FOR THE ARTS INC.,101590,"HARRIS INSTITUTE, TORONTO",TORONTO,M5A2R2,+,,,Y,0.35,0.70,0.60,0.91,1.00,0.20
200243,THE HARRIS INST. FOR THE ARTS INC.,101590,"HARRIS INSTITUTE, TORONTO",TORONTO,M5A2R2,ARTS MANAGEMENT PROGRAM,Applied Arts and Science,Music Production and Recording Arts Technology,Y,0.33,1.00,1.00,1.00,ND,ND
200243,THE HARRIS INST. FOR THE ARTS INC.,101590,"HARRIS INSTITUTE, TORONTO",TORONTO,M5A2R2,AUDIO PRODUCTION PROGRAM,Applied Arts and Science,Music Production and Recording Arts Technology,Y,0.36,0.67,0.56,0.90,1.00,ND
200244,THE AUTOMOTIVE TRAINING CENTRE (ONTARIO ) LTD.,+,+,,,+,,,Y,0.78,0.72,0.45,0.68,0.80,ND
200244,THE AUTOMOTIVE TRAINING CENTRE (ONTARIO ) LTD.,101339,"CANADIAN AUTOMOTIVE AND TRUCKING INSTITUTE, CAMBRIDGE",CAMBRIDGE,N1T2A9,+,,,Y,0.56,0.70,0.33,0.63,ND,0.07
200244,THE AUTOMOTIVE TRAINING CENTRE (ONTARIO ) LTD.,101339,"CANADIAN AUTOMOTIVE AND TRUCKING INSTITUTE, CAMBRIDGE",CAMBRIDGE,N1T2A9,AUTOMOTIVE SERVICE OPERATIONS SPECIALIST,Motive Power Trade,Automotive Service Technician,Y,SS,SS,SS,SS,ND,ND
200244,THE AUTOMOTIVE TRAINING CENTRE (ONTARIO ) LTD.,101339,"CANADIAN AUTOMOTIVE AND TRUCKING INSTITUTE, CAMBRIDGE",CAMBRIDGE,N1T2A9,AUTOMOTIVE TECHNOLOGY DIPLOMA,Motive Power Trade,Automotive Service Technician,Y,0.59,0.77,0.41,0.68,ND,ND
200244,THE AUTOMOTIVE TRAINING CENTRE (ONTARIO ) LTD.,101339,"CANADIAN AUTOMOTIVE AND TRUCKING INSTITUTE, CAMBRIDGE",CAMBRIDGE,N1T2A9,TRANSPORTATION OPERATIONS AND DISPATCHING,Tractor-Trailer / Driver Licensing,Other - Driver Licencing Training,Y,0.43,SS,SS,SS,ND,ND
200244,THE AUTOMOTIVE TRAINING CENTRE (ONTARIO ) LTD.,101591,"AUTOMOTIVE TRAINING CENTRE (THE), TORONTO",TORONTO,M8Z2R4,+,,,Y,0.90,0.73,0.52,0.71,0.80,0.10
200244,THE AUTOMOTIVE TRAINING CENTRE (ONTARIO ) LTD.,101591,"AUTOMOTIVE TRAINING CENTRE (THE), TORONTO",TORONTO,M8Z2R4,AUTOMOTIVE SERVICE OPERATIONS SPECIALIST,Motive Power Trade,Automotive Service Technician,Y,0.83,0.00,0.00,0.00,ND,ND
200244,THE AUTOMOTIVE TRAINING CENTRE (ONTARIO ) LTD.,101591,"AUTOMOTIVE TRAINING CENTRE (THE), TORONTO",TORONTO,M8Z2R4,AUTOMOTIVE TECHNOLOGY DIPLOMA,Motive Power Trade,Automotive Service Technician,Y,0.92,0.74,0.54,0.74,0.80,ND
200244,THE AUTOMOTIVE TRAINING CENTRE (ONTARIO ) LTD.,101591,"AUTOMOTIVE TRAINING CENTRE (THE), TORONTO",TORONTO,M8Z2R4,TRANSPORTATION OPERATIONS AND DISPATCHING,Tractor-Trailer / Driver Licensing,Other - Driver Licencing Training,Y,SS,ND,ND,ND,ND,ND
200245,1756702 ONTARIO INC.,+,+,,,+,,,Y,0.85,0.48,0.20,0.77,1.00,ND
200245,1756702 ONTARIO INC.,101593,"ACADEMY OF LEARNING CAREER AND BUSINESS COLLEGE, 101593",SCARBOROUGH,M1S5K7,+,,,Y,0.85,0.48,0.20,0.77,1.00,0.05
200245,1756702 ONTARIO INC.,101593,"ACADEMY OF LEARNING CAREER AND BUSINESS COLLEGE, 101593",SCARBOROUGH,M1S5K7,ADMINISTRATIVE ASSISTANT,Business,Office Administration,Y,SS,ND,ND,ND,ND,ND
200245,1756702 ONTARIO INC.,101593,"ACADEMY OF LEARNING CAREER AND BUSINESS COLLEGE, 101593",SCARBOROUGH,M1S5K7,BUSINESS ACCOUNTING,Business,Accounting,Y,SS,ND,ND,ND,ND,ND
200245,1756702 ONTARIO INC.,101593,"ACADEMY OF LEARNING CAREER AND BUSINESS COLLEGE, 101593",SCARBOROUGH,M1S5K7,BUSINESS ADMINISTRATION DIPLOMA,Business,Office Administration,Y,0.86,0.60,0.40,1.00,ND,ND
200245,1756702 ONTARIO INC.,101593,"ACADEMY OF LEARNING CAREER AND BUSINESS COLLEGE, 101593",SCARBOROUGH,M1S5K7,BUSINESS OFFICE ACCOUNTING CLERK,Business,Office Administration,Y,SS,ND,ND,ND,ND,ND
200245,1756702 ONTARIO INC.,101593,"ACADEMY OF LEARNING CAREER AND BUSINESS COLLEGE, 101593",SCARBOROUGH,M1S5K7,BUSINESS OFFICE ADMINISTRATION,Business,Business Administration,Y,SS,ND,ND,ND,ND,ND
200245,1756702 ONTARIO INC.,101593,"ACADEMY OF LEARNING CAREER AND BUSINESS COLLEGE, 101593",SCARBOROUGH,M1S5K7,BUSINESS OFFICE SKILLS,Business,Office Administration,Y,ND,ND,ND,ND,ND,ND
200245,1756702 ONTARIO INC.,101593,"ACADEMY OF LEARNING CAREER AND BUSINESS COLLEGE, 101593",SCARBOROUGH,M1S5K7,COMMUNITY SERVICE WORKER (2017),Community and Social Services,Community Services Worker,Y,SS,SS,SS,SS,ND,ND
200245,1756702 ONTARIO INC.,101593,"ACADEMY OF LEARNING CAREER AND BUSINESS COLLEGE, 101593",SCARBOROUGH,M1S5K7,COMPUTERIZED ACCOUNTING,Business,Accounting,Y,0.71,0.80,0.60,1.00,ND,ND
200245,1756702 ONTARIO INC.,101593,"ACADEMY OF LEARNING CAREER AND BUSINESS COLLEGE, 101593",SCARBOROUGH,M1S5K7,CONFERENCE AND EVENT PLANNER,Business,Hospitality Administration/Management,Y,0.93,0.39,0.08,0.76,ND,ND
200245,1756702 ONTARIO INC.,101593,"ACADEMY OF LEARNING CAREER AND BUSINESS COLLEGE, 101593",SCARBOROUGH,M1S5K7,DENTAL ADMINISTRATIVE ASSISTANT,Health Services,Office/Clerical/Administration - Dental/Medical,Y,SS,ND,ND,ND,ND,ND
200245,1756702 ONTARIO INC.,101593,"ACADEMY OF LEARNING CAREER AND BUSINESS COLLEGE, 101593",SCARBOROUGH,M1S5K7,GRAPHIC DESIGNER,Business,Marketing/Advertising,Y,SS,ND,ND,ND,ND,ND
200245,1756702 ONTARIO INC.,101593,"ACADEMY OF LEARNING CAREER AND BUSINESS COLLEGE, 101593",SCARBOROUGH,M1S5K7,HOME INSPECTION DIPLOMA,Service Trade,Other- Service Trade,Y,0.86,0.20,0.20,0.60,ND,ND
200245,1756702 ONTARIO INC.,101593,"ACADEMY OF LEARNING CAREER AND BUSINESS COLLEGE, 101593",SCARBOROUGH,M1S5K7,IMMIGRATION ADMINISTRATIVE ASSISTANT,Business,Business Administration,Y,SS,ND,ND,ND,ND,ND
200245,1756702 ONTARIO INC.,101593,"ACADEMY OF LEARNING CAREER AND BUSINESS COLLEGE, 101593",SCARBOROUGH,M1S5K7,MARKETING COORDINATOR,Services,Customer Service/Retail Sales,Y,ND,SS,SS,SS,1.00,ND
200245,1756702 ONTARIO INC.,101593,"ACADEMY OF LEARNING CAREER AND BUSINESS COLLEGE, 101593",SCARBOROUGH,M1S5K7,MEDICAL OFFICE ADMINISTRATION,Health Services,Medical Office Administration/Management,Y,SS,SS,SS,SS,ND,ND
200245,1756702 ONTARIO INC.,101593,"ACADEMY OF LEARNING CAREER AND BUSINESS COLLEGE, 101593",SCARBOROUGH,M1S5K7,MEDICAL OFFICE ASSISTANT WITH HEALTH UNIT COORDINATOR SPECIALTY,Health Services,Medical Office Administration/Management,Y,0.80,SS,SS,SS,ND,ND
200245,1756702 ONTARIO INC.,101593,"ACADEMY OF LEARNING CAREER AND BUSINESS COLLEGE, 101593",SCARBOROUGH,M1S5K7,MEDICAL OFFICE ASSISTANT,Health Services,Medical Office Administration/Management,Y,SS,ND,ND,ND,ND,ND
200245,1756702 ONTARIO INC.,101593,"ACADEMY OF LEARNING CAREER AND BUSINESS COLLEGE, 101593",SCARBOROUGH,M1S5K7,OFFICE ADMINISTRATION,Business,Office Administration,Y,SS,ND,ND,SS,ND,ND
200245,1756702 ONTARIO INC.,101593,"ACADEMY OF LEARNING CAREER AND BUSINESS COLLEGE, 101593",SCARBOROUGH,M1S5K7,PROJECT ADMINISTRATION,Business,Business Administration,Y,SS,ND,ND,ND,ND,ND
200245,1756702 ONTARIO INC.,101593,"ACADEMY OF LEARNING CAREER AND BUSINESS COLLEGE, 101593",SCARBOROUGH,M1S5K7,SALES PROFESSIONAL,Services,Customer Service/Retail Sales,Y,SS,ND,ND,ND,ND,ND
200245,1756702 ONTARIO INC.,101593,"ACADEMY OF LEARNING CAREER AND BUSINESS COLLEGE, 101593",SCARBOROUGH,M1S5K7,WEB DESIGNER,Computer and Information Technology,Information Technology,Y,SS,ND,ND,ND,ND,ND
200246,1241064 ONTARIO LTD.,+,+,,,+,,,Y,0.78,0.52,0.30,0.82,ND,ND
200246,1241064 ONTARIO LTD.,101594,"ACADEMY OF LEARNING CAREER AND BUSINESS COLLEGE, TORONTO/3585 LAWRENCE AVE. E.",TORONTO,M1G1P4,+,,,Y,0.78,0.52,0.30,0.82,ND,0.12
200246,1241064 ONTARIO LTD.,101594,"ACADEMY OF LEARNING CAREER AND BUSINESS COLLEGE, TORONTO/3585 LAWRENCE AVE. E.",TORONTO,M1G1P4,ADMINISTRATIVE ASSISTANT,Business,Office Administration,Y,SS,SS,SS,SS,ND,ND
200246,1241064 ONTARIO LTD.,101594,"ACADEMY OF LEARNING CAREER AND BUSINESS COLLEGE, TORONTO/3585 LAWRENCE AVE. E.",TORONTO,M1G1P4,BUSINESS ADMINISTRATION DIPLOMA,Business,Office Administration,Y,0.88,0.00,0.00,0.67,ND,ND
200246,1241064 ONTARIO LTD.,101594,"ACADEMY OF LEARNING CAREER AND BUSINESS COLLEGE, TORONTO/3585 LAWRENCE AVE. E.",TORONTO,M1G1P4,BUSINESS OFFICE ACCOUNTING CLERK,Business,Office Administration,Y,SS,ND,ND,ND,ND,ND
200246,1241064 ONTARIO LTD.,101594,"ACADEMY OF LEARNING CAREER AND BUSINESS COLLEGE, TORONTO/3585 LAWRENCE AVE. E.",TORONTO,M1G1P4,COMPUTER SERVICE TECHNICIAN,Computer and Information Technology,Information Technology,Y,SS,ND,ND,ND,ND,ND
200246,1241064 ONTARIO LTD.,101594,"ACADEMY OF LEARNING CAREER AND BUSINESS COLLEGE, TORONTO/3585 LAWRENCE AVE. E.",TORONTO,M1G1P4,COMPUTERIZED ACCOUNTING,Business,Accounting,Y,SS,ND,ND,ND,ND,ND
200246,1241064 ONTARIO LTD.,101594,"ACADEMY OF LEARNING CAREER AND BUSINESS COLLEGE, TORONTO/3585 LAWRENCE AVE. E.",TORONTO,M1G1P4,CONFERENCE AND EVENT PLANNER,Business,Hospitality Administration/Management,Y,1.00,0.75,0.25,1.00,ND,ND
200246,1241064 ONTARIO LTD.,101594,"ACADEMY OF LEARNING CAREER AND BUSINESS COLLEGE, TORONTO/3585 LAWRENCE AVE. E.",TORONTO,M1G1P4,DENTAL ADMINISTRATIVE ASSISTANT,Health Services,Office/Clerical/Administration - Dental/Medical,Y,SS,SS,SS,SS,ND,ND
200246,1241064 ONTARIO LTD.,101594,"ACADEMY OF LEARNING CAREER AND BUSINESS COLLEGE, TORONTO/3585 LAWRENCE AVE. E.",TORONTO,M1G1P4,GRAPHIC DESIGNER,Business,Marketing/Advertising,Y,0.50,SS,SS,SS,ND,ND
200246,1241064 ONTARIO LTD.,101594,"ACADEMY OF LEARNING CAREER AND BUSINESS COLLEGE, TORONTO/3585 LAWRENCE AVE. E.",TORONTO,M1G1P4,HOME INSPECTION DIPLOMA,Service Trade,Other- Service Trade,Y,0.86,1.00,1.00,1.00,ND,ND
200246,1241064 ONTARIO LTD.,101594,"ACADEMY OF LEARNING CAREER AND BUSINESS COLLEGE, TORONTO/3585 LAWRENCE AVE. E.",TORONTO,M1G1P4,INTERNATIONAL HOSPITALITY,Business,Hospitality Administration/Management,Y,SS,SS,SS,SS,ND,ND
200246,1241064 ONTARIO LTD.,101594,"ACADEMY OF LEARNING CAREER AND BUSINESS COLLEGE, TORONTO/3585 LAWRENCE AVE. E.",TORONTO,M1G1P4,MARKETING COORDINATOR,Services,Customer Service/Retail Sales,Y,SS,ND,ND,ND,ND,ND
200246,1241064 ONTARIO LTD.,101594,"ACADEMY OF LEARNING CAREER AND BUSINESS COLLEGE, TORONTO/3585 LAWRENCE AVE. E.",TORONTO,M1G1P4,MEDICAL OFFICE ASSISTANT VIRTUAL LEARNING,Health Services,Medical Office Administration/Management,Y,ND,ND,ND,ND,ND,ND
200246,1241064 ONTARIO LTD.,101594,"ACADEMY OF LEARNING CAREER AND BUSINESS COLLEGE, TORONTO/3585 LAWRENCE AVE. E.",TORONTO,M1G1P4,MEDICAL RECEPTIONIST,Health Services,Medical Office Administration/Management,Y,SS,ND,ND,SS,ND,ND
200246,1241064 ONTARIO LTD.,101594,"ACADEMY OF LEARNING CAREER AND BUSINESS COLLEGE, TORONTO/3585 LAWRENCE AVE. E.",TORONTO,M1G1P4,NETWORK ADMINISTRATOR,Computer and Information Technology,Information Technology,Y,SS,0.60,0.60,SS,ND,ND
200246,1241064 ONTARIO LTD.,101594,"ACADEMY OF LEARNING CAREER AND BUSINESS COLLEGE, TORONTO/3585 LAWRENCE AVE. E.",TORONTO,M1G1P4,PC SUPPORT SPECIALIST,Computer and Information Technology,Information Technology,Y,0.80,ND,ND,ND,ND,ND
200246,1241064 ONTARIO LTD.,101594,"ACADEMY OF LEARNING CAREER AND BUSINESS COLLEGE, TORONTO/3585 LAWRENCE AVE. E.",TORONTO,M1G1P4,PROJECT ADMINISTRATION,Business,Business Administration,Y,SS,SS,SS,SS,ND,ND
200246,1241064 ONTARIO LTD.,101594,"ACADEMY OF LEARNING CAREER AND BUSINESS COLLEGE, TORONTO/3585 LAWRENCE AVE. E.",TORONTO,M1G1P4,SALES PROFESSIONAL,Services,Customer Service/Retail Sales,Y,ND,ND,ND,ND,ND,ND
200246,1241064 ONTARIO LTD.,101594,"ACADEMY OF LEARNING CAREER AND BUSINESS COLLEGE, TORONTO/3585 LAWRENCE AVE. E.",TORONTO,M1G1P4,SOFTWARE AND WEB DEVELOPER,Computer and Information Technology,Information Technology,Y,SS,ND,ND,ND,ND,ND
200246,1241064 ONTARIO LTD.,101594,"ACADEMY OF LEARNING CAREER AND BUSINESS COLLEGE, TORONTO/3585 LAWRENCE AVE. E.",TORONTO,M1G1P4,WEB DESIGNER,Computer and Information Technology,Information Technology,Y,SS,ND,ND,SS,ND,ND
200249,WESTERVELT COLLEGE INC.,+,+,,,+,,,Y,0.79,0.82,0.73,0.77,0.77,ND
200249,WESTERVELT COLLEGE INC.,101219,"ANDERSON COLLEGE OF HEALTH, BUSINESS AND TECHNOLOGY, KITCHENER",KITCHENER,N2G4L1,+,,,Y,0.76,0.86,0.81,0.80,0.67,0.06
200249,WESTERVELT COLLEGE INC.,101219,"ANDERSON COLLEGE OF HEALTH, BUSINESS AND TECHNOLOGY, KITCHENER",KITCHENER,N2G4L1,BUSINESS ACCOUNTING AND PAYROLL,Business,Accounting,Y,SS,SS,SS,SS,ND,ND
200249,WESTERVELT COLLEGE INC.,101219,"ANDERSON COLLEGE OF HEALTH, BUSINESS AND TECHNOLOGY, KITCHENER",KITCHENER,N2G4L1,DEVELOPMENTAL SERVICE WORKER,Community and Social Services,Community Services Worker,Y,0.80,1.00,1.00,1.00,ND,ND
200249,WESTERVELT COLLEGE INC.,101219,"ANDERSON COLLEGE OF HEALTH, BUSINESS AND TECHNOLOGY, KITCHENER",KITCHENER,N2G4L1,INTRA ORAL DENTAL ASSISTANT,Health Services,Office/Clerical/Administration - Dental/Medical,Y,0.84,0.85,0.85,0.85,ND,ND
200249,WESTERVELT COLLEGE INC.,101219,"ANDERSON COLLEGE OF HEALTH, BUSINESS AND TECHNOLOGY, KITCHENER",KITCHENER,N2G4L1,MASSAGE THERAPY,Health Services,Massage Therapist,Y,0.72,0.90,0.90,0.73,ND,ND
200249,WESTERVELT COLLEGE INC.,101219,"ANDERSON COLLEGE OF HEALTH, BUSINESS AND TECHNOLOGY, KITCHENER",KITCHENER,N2G4L1,MEDICAL LABORATORY TECHNICIAN/ASSISTANT,Health Services,Medical Laboratory Technician,Y,0.75,0.84,0.79,0.76,1.00,ND
200249,WESTERVELT COLLEGE INC.,101219,"ANDERSON COLLEGE OF HEALTH, BUSINESS AND TECHNOLOGY, KITCHENER",KITCHENER,N2G4L1,MEDICAL OFFICE ADMINISTRATOR,Health Services,Medical Office Administration/Management,Y,0.81,0.71,0.43,0.43,1.00,ND
200249,WESTERVELT COLLEGE INC.,101219,"ANDERSON COLLEGE OF HEALTH, BUSINESS AND TECHNOLOGY, KITCHENER",KITCHENER,N2G4L1,PERSONAL SUPPORT WORKER 2018,Health Services,Personal Support Worker/Personal Attendant,Y,0.72,0.94,0.89,0.95,ND,ND
200249,WESTERVELT COLLEGE INC.,101219,"ANDERSON COLLEGE OF HEALTH, BUSINESS AND TECHNOLOGY, KITCHENER",KITCHENER,N2G4L1,PHARMACY ASSISTANT,Health Services,Pharmaceutical Technology,Y,0.82,1.00,1.00,1.00,0.00,ND
200249,WESTERVELT COLLEGE INC.,101599,"ANDERSON COLLEGE OF HEALTH, BUSINESS AND TECHNOLOGY, BRANTFORD",BRANTFORD,N3R5K2,+,,,Y,0.78,0.89,0.81,0.64,1.00,0.09
200249,WESTERVELT COLLEGE INC.,101599,"ANDERSON COLLEGE OF HEALTH, BUSINESS AND TECHNOLOGY, BRANTFORD",BRANTFORD,N3R5K2,BUSINESS ACCOUNTING AND PAYROLL,Business,Accounting,Y,0.88,1.00,1.00,0.50,ND,ND
200249,WESTERVELT COLLEGE INC.,101599,"ANDERSON COLLEGE OF HEALTH, BUSINESS AND TECHNOLOGY, BRANTFORD",BRANTFORD,N3R5K2,CHILD AND YOUTH CARE WITH ADDICTIONS SUPPORT WORKER,Community and Social Services,Community Services Worker,Y,0.40,1.00,0.83,0.67,ND,ND
200249,WESTERVELT COLLEGE INC.,101599,"ANDERSON COLLEGE OF HEALTH, BUSINESS AND TECHNOLOGY, BRANTFORD",BRANTFORD,N3R5K2,DEVELOPMENTAL SERVICE WORKER,Community and Social Services,Community Services Worker,Y,0.60,ND,ND,ND,ND,ND
200249,WESTERVELT COLLEGE INC.,101599,"ANDERSON COLLEGE OF HEALTH, BUSINESS AND TECHNOLOGY, BRANTFORD",BRANTFORD,N3R5K2,EXECUTIVE ADMINISTRATION,Business,Office Administration,Y,SS,SS,SS,SS,ND,ND
200249,WESTERVELT COLLEGE INC.,101599,"ANDERSON COLLEGE OF HEALTH, BUSINESS AND TECHNOLOGY, BRANTFORD",BRANTFORD,N3R5K2,INTRA ORAL DENTAL ASSISTANT,Health Services,Office/Clerical/Administration - Dental/Medical,Y,0.90,1.00,1.00,1.00,1.00,ND
200249,WESTERVELT COLLEGE INC.,101599,"ANDERSON COLLEGE OF HEALTH, BUSINESS AND TECHNOLOGY, BRANTFORD",BRANTFORD,N3R5K2,MASSAGE THERAPY,Health Services,Massage Therapist,Y,0.43,1.00,0.50,0.40,ND,ND
200249,WESTERVELT COLLEGE INC.,101599,"ANDERSON COLLEGE OF HEALTH, BUSINESS AND TECHNOLOGY, BRANTFORD",BRANTFORD,N3R5K2,MEDICAL OFFICE ADMINISTRATOR,Health Services,Medical Office Administration/Management,Y,0.94,0.40,0.40,0.33,ND,ND
200249,WESTERVELT COLLEGE INC.,101599,"ANDERSON COLLEGE OF HEALTH, BUSINESS AND TECHNOLOGY, BRANTFORD",BRANTFORD,N3R5K2,OFFICE/SMALL BUSINESS ADMINISTRATION,Business,Office Administration,Y,0.78,ND,ND,ND,ND,ND
200249,WESTERVELT COLLEGE INC.,101599,"ANDERSON COLLEGE OF HEALTH, BUSINESS AND TECHNOLOGY, BRANTFORD",BRANTFORD,N3R5K2,PERSONAL SUPPORT WORKER (F/T DAYS),Health Services,Personal Support Worker/Personal Attendant,Y,0.79,0.95,0.95,0.71,1.00,ND
200249,WESTERVELT COLLEGE INC.,101600,"ANDERSON COLLEGE OF HEALTH, BUSINESS AND TECHNOLOGY, LONDON/RICHMOND",LONDON,N6B2H8,+,,,Y,0.80,0.77,0.68,0.81,0.80,0.09
200249,WESTERVELT COLLEGE INC.,101600,"ANDERSON COLLEGE OF HEALTH, BUSINESS AND TECHNOLOGY, LONDON/RICHMOND",LONDON,N6B2H8,BUSINESS ACCOUNTING AND PAYROLL,Business,Accounting,Y,0.83,0.75,0.50,0.83,ND,ND
200249,WESTERVELT COLLEGE INC.,101600,"ANDERSON COLLEGE OF HEALTH, BUSINESS AND TECHNOLOGY, LONDON/RICHMOND",LONDON,N6B2H8,EXECUTIVE ADMINISTRATION,Business,Office Administration,Y,SS,ND,ND,ND,ND,ND
200249,WESTERVELT COLLEGE INC.,101600,"ANDERSON COLLEGE OF HEALTH, BUSINESS AND TECHNOLOGY, LONDON/RICHMOND",LONDON,N6B2H8,HEALTH INFORMATION MANAGEMENT,Health Services,Other - Health Services,Y,0.91,1.00,1.00,1.00,ND,ND
200249,WESTERVELT COLLEGE INC.,101600,"ANDERSON COLLEGE OF HEALTH, BUSINESS AND TECHNOLOGY, LONDON/RICHMOND",LONDON,N6B2H8,INFORMATION TECHNOLOGY TECHNICIAN,Service Trade,Electronic Service Technician,Y,0.88,0.67,0.33,0.00,ND,ND
200249,WESTERVELT COLLEGE INC.,101600,"ANDERSON COLLEGE OF HEALTH, BUSINESS AND TECHNOLOGY, LONDON/RICHMOND",LONDON,N6B2H8,INTRA ORAL DENTAL ASSISTANT,Health Services,Office/Clerical/Administration - Dental/Medical,Y,0.82,0.60,0.60,0.94,0.00,ND
200249,WESTERVELT COLLEGE INC.,101600,"ANDERSON COLLEGE OF HEALTH, BUSINESS AND TECHNOLOGY, LONDON/RICHMOND",LONDON,N6B2H8,"LAW, SECURITY, AND POLICE FOUNDATIONS",Law and Public Safety,Law Enforcement/Police Foundations,Y,SS,ND,ND,ND,ND,ND
200249,WESTERVELT COLLEGE INC.,101600,"ANDERSON COLLEGE OF HEALTH, BUSINESS AND TECHNOLOGY, LONDON/RICHMOND",LONDON,N6B2H8,MASSAGE THERAPY,Health Services,Massage Therapist,Y,0.57,1.00,1.00,0.50,ND,ND
200249,WESTERVELT COLLEGE INC.,101600,"ANDERSON COLLEGE OF HEALTH, BUSINESS AND TECHNOLOGY, LONDON/RICHMOND",LONDON,N6B2H8,MEDICAL LABORATORY TECHNICIAN/ASSISTANT,Health Services,Medical Laboratory Technician,Y,0.86,0.83,0.75,0.75,ND,ND
200249,WESTERVELT COLLEGE INC.,101600,"ANDERSON COLLEGE OF HEALTH, BUSINESS AND TECHNOLOGY, LONDON/RICHMOND",LONDON,N6B2H8,MEDICAL OFFICE ADMINISTRATOR,Health Services,Medical Office Administration/Management,Y,0.81,0.42,0.33,0.75,1.00,ND
200249,WESTERVELT COLLEGE INC.,101600,"ANDERSON COLLEGE OF HEALTH, BUSINESS AND TECHNOLOGY, LONDON/RICHMOND",LONDON,N6B2H8,OFFICE/SMALL BUSINESS ADMINISTRATION,Business,Office Administration,Y,SS,ND,ND,ND,ND,ND
200249,WESTERVELT COLLEGE INC.,101600,"ANDERSON COLLEGE OF HEALTH, BUSINESS AND TECHNOLOGY, LONDON/RICHMOND",LONDON,N6B2H8,ORTHOPAEDIC TECHNICIAN,Health Services,Other - Health Services,Y,0.83,0.80,0.80,0.80,ND,ND
200249,WESTERVELT COLLEGE INC.,101600,"ANDERSON COLLEGE OF HEALTH, BUSINESS AND TECHNOLOGY, LONDON/RICHMOND",LONDON,N6B2H8,PARALEGAL STUDIES,Law and Public Safety,Paralegal,Y,0.67,1.00,0.67,1.00,ND,ND
200249,WESTERVELT COLLEGE INC.,101600,"ANDERSON COLLEGE OF HEALTH, BUSINESS AND TECHNOLOGY, LONDON/RICHMOND",LONDON,N6B2H8,PERSONAL SUPPORT WORKER (F/T DAYS),Health Services,Personal Support Worker/Personal Attendant,Y,0.83,0.67,0.67,1.00,1.00,ND
200249,WESTERVELT COLLEGE INC.,101600,"ANDERSON COLLEGE OF HEALTH, BUSINESS AND TECHNOLOGY, LONDON/RICHMOND",LONDON,N6B2H8,PERSONAL SUPPORT WORKER 2018,Health Services,Personal Support Worker/Personal Attendant,Y,0.82,0.86,0.77,0.86,1.00,ND
200249,WESTERVELT COLLEGE INC.,101600,"ANDERSON COLLEGE OF HEALTH, BUSINESS AND TECHNOLOGY, LONDON/RICHMOND",LONDON,N6B2H8,PHARMACY ASSISTANT,Health Services,Pharmaceutical Technology,Y,SS,SS,SS,SS,ND,ND
200249,WESTERVELT COLLEGE INC.,189897,"ANDERSON COLLEGE OF HEALTH, BUSINESS AND TECHNOLOGY, WINDSOR",WINDSOR,N8X4W2,+,,,Y,0.81,0.83,0.69,0.77,0.67,0.16
200249,WESTERVELT COLLEGE INC.,189897,"ANDERSON COLLEGE OF HEALTH, BUSINESS AND TECHNOLOGY, WINDSOR",WINDSOR,N8X4W2,BUSINESS ACCOUNTING AND PAYROLL,Business,Accounting,Y,1.00,0.40,0.20,0.33,ND,ND
200249,WESTERVELT COLLEGE INC.,189897,"ANDERSON COLLEGE OF HEALTH, BUSINESS AND TECHNOLOGY, WINDSOR",WINDSOR,N8X4W2,CHILD AND YOUTH CARE WITH ADDICTIONS SUPPORT WORKER,Community and Social Services,Community Services Worker,Y,0.25,SS,SS,SS,ND,ND
200249,WESTERVELT COLLEGE INC.,189897,"ANDERSON COLLEGE OF HEALTH, BUSINESS AND TECHNOLOGY, WINDSOR",WINDSOR,N8X4W2,EXECUTIVE ADMINISTRATION,Business,Office Administration,Y,ND,SS,SS,SS,ND,ND
200249,WESTERVELT COLLEGE INC.,189897,"ANDERSON COLLEGE OF HEALTH, BUSINESS AND TECHNOLOGY, WINDSOR",WINDSOR,N8X4W2,"FILM AND VIDEO PRODUCTION, STORYTELLING FOR THE DIGITAL AGE",Applied Arts and Science,Animations,Y,0.83,1.00,0.00,1.00,ND,ND
200249,WESTERVELT COLLEGE INC.,189897,"ANDERSON COLLEGE OF HEALTH, BUSINESS AND TECHNOLOGY, WINDSOR",WINDSOR,N8X4W2,INFORMATION TECHNOLOGY TECHNICIAN,Service Trade,Electronic Service Technician,Y,SS,SS,SS,SS,ND,ND
200249,WESTERVELT COLLEGE INC.,189897,"ANDERSON COLLEGE OF HEALTH, BUSINESS AND TECHNOLOGY, WINDSOR",WINDSOR,N8X4W2,INTRA ORAL DENTAL ASSISTANT,Health Services,Dental Chairside Assistant,Y,0.60,1.00,0.83,0.88,0.50,ND
200249,WESTERVELT COLLEGE INC.,189897,"ANDERSON COLLEGE OF HEALTH, BUSINESS AND TECHNOLOGY, WINDSOR",WINDSOR,N8X4W2,"LAW, SECURITY, AND POLICE FOUNDATIONS",Law and Public Safety,Law Enforcement/Police Foundations,Y,SS,ND,ND,ND,ND,ND
200249,WESTERVELT COLLEGE INC.,189897,"ANDERSON COLLEGE OF HEALTH, BUSINESS AND TECHNOLOGY, WINDSOR",WINDSOR,N8X4W2,MEDICAL OFFICE ADMINISTRATION,Health Services,Office/Clerical/Administration - Dental/Medical,Y,0.83,0.40,0.40,0.75,ND,ND
200249,WESTERVELT COLLEGE INC.,189897,"ANDERSON COLLEGE OF HEALTH, BUSINESS AND TECHNOLOGY, WINDSOR",WINDSOR,N8X4W2,MEDICAL OFFICE ADMINISTRATOR,Health Services,Medical Office Administration/Management,Y,0.67,ND,ND,ND,ND,ND
200249,WESTERVELT COLLEGE INC.,189897,"ANDERSON COLLEGE OF HEALTH, BUSINESS AND TECHNOLOGY, WINDSOR",WINDSOR,N8X4W2,OFFICE/SMALL BUSINESS ADMINISTRATION,Business,Office Administration,Y,SS,SS,SS,SS,ND,ND
200249,WESTERVELT COLLEGE INC.,189897,"ANDERSON COLLEGE OF HEALTH, BUSINESS AND TECHNOLOGY, WINDSOR",WINDSOR,N8X4W2,PARALEGAL STUDIES,Law and Public Safety,Paralegal,Y,0.75,0.80,0.40,0.00,ND,ND
200249,WESTERVELT COLLEGE INC.,189897,"ANDERSON COLLEGE OF HEALTH, BUSINESS AND TECHNOLOGY, WINDSOR",WINDSOR,N8X4W2,PERSONAL SUPPORT WORKER 2018,Health Services,Personal Support Worker/Personal Attendant,Y,0.85,0.93,0.81,0.90,1.00,ND
200252,PROTEGE SCHOOL INC.,+,+,,,+,,,Y,0.94,0.65,0.40,1.00,ND,ND
200252,PROTEGE SCHOOL INC.,101607,"PROTEGE SCHOOL, TORONTO",TORONTO,M1V5K3,+,,,Y,0.94,0.65,0.40,1.00,ND,0.00
200252,PROTEGE SCHOOL INC.,101607,"PROTEGE SCHOOL, TORONTO",TORONTO,M1V5K3,HAIRSTYLING,Service Trade,Hairstylist,Y,0.86,ND,ND,ND,ND,ND
200252,PROTEGE SCHOOL INC.,101607,"PROTEGE SCHOOL, TORONTO",TORONTO,M1V5K3,MASSAGE THERAPY,Health Services,Massage Therapist,Y,0.85,0.65,0.40,1.00,ND,ND
200252,PROTEGE SCHOOL INC.,101607,"PROTEGE SCHOOL, TORONTO",TORONTO,M1V5K3,MEDICAL ESTHETICS,Human Services,Esthetics/Medical Esthetics,Y,1.00,ND,ND,ND,ND,ND
200449,ANTHONY AVOLA & ASSOCIATES INC.,+,+,,,+,,,Y,0.78,0.67,0.58,0.50,ND,ND
200449,ANTHONY AVOLA & ASSOCIATES INC.,101578,"AVOLA COLLEGE OF HAIRSTYLING AND ESTHETICS, TORONTO",TORONTO,M5A1Z9,+,,,Y,0.78,0.67,0.58,0.50,ND,0.08
200449,ANTHONY AVOLA & ASSOCIATES INC.,101578,"AVOLA COLLEGE OF HAIRSTYLING AND ESTHETICS, TORONTO",TORONTO,M5A1Z9,ELECTROLYSIS,Human Services,Esthetics/Medical Esthetics,Y,SS,SS,SS,SS,ND,ND
200449,ANTHONY AVOLA & ASSOCIATES INC.,101578,"AVOLA COLLEGE OF HAIRSTYLING AND ESTHETICS, TORONTO",TORONTO,M5A1Z9,ESTHETICS,Human Services,Esthetics/Medical Esthetics,Y,SS,SS,SS,SS,ND,ND
200449,ANTHONY AVOLA & ASSOCIATES INC.,101578,"AVOLA COLLEGE OF HAIRSTYLING AND ESTHETICS, TORONTO",TORONTO,M5A1Z9,HAIRSTYLING (P/T),Service Trade,Hairstylist,Y,ND,SS,SS,SS,ND,ND
200449,ANTHONY AVOLA & ASSOCIATES INC.,101578,"AVOLA COLLEGE OF HAIRSTYLING AND ESTHETICS, TORONTO",TORONTO,M5A1Z9,HAIRSTYLING,Service Trade,Hairstylist,Y,0.83,0.86,0.71,0.33,ND,ND
200485,ALLANTI CORPORATION,+,+,,,+,,,Y,0.87,0.75,0.75,1.00,ND,ND
200485,ALLANTI CORPORATION,101353,"ALLANTI SCHOOL OF HAIRSTYLING AND AESTHETICS, BRANTFORD",BRANTFORD,N3T3G3,+,,,Y,0.87,0.75,0.75,1.00,ND,ND
200485,ALLANTI CORPORATION,101353,"ALLANTI SCHOOL OF HAIRSTYLING AND AESTHETICS, BRANTFORD",BRANTFORD,N3T3G3,HAIRSTYLING PROGRAM - FULL TIME,Service Trade,Hairstylist,Y,0.87,0.75,0.75,1.00,ND,ND
200499,OSILLA INSTITUTE FOR HEALTH PERSONNEL LTD.,+,+,,,+,,,Y,0.48,0.86,0.75,0.98,1.00,ND
200499,OSILLA INSTITUTE FOR HEALTH PERSONNEL LTD.,102067,"OSILLA INSTITUTE FOR HEALTH PERSONNEL LTD., TORONTO/BATHURST",TORONTO,M2R1X9,+,,,Y,0.48,0.86,0.75,0.98,1.00,ND
200499,OSILLA INSTITUTE FOR HEALTH PERSONNEL LTD.,102067,"OSILLA INSTITUTE FOR HEALTH PERSONNEL LTD., TORONTO/BATHURST",TORONTO,M2R1X9,NACC PSW 2015,Health Services,Personal Support Worker/Personal Attendant,Y,0.48,0.88,0.79,0.98,1.00,ND
200499,OSILLA INSTITUTE FOR HEALTH PERSONNEL LTD.,102067,"OSILLA INSTITUTE FOR HEALTH PERSONNEL LTD., TORONTO/BATHURST",TORONTO,M2R1X9,PERSONAL SUPPORT WORKER BRIDGING,Health Services,Personal Support Worker/Personal Attendant,Y,0.48,0.77,0.62,1.00,ND,ND
200504,1545317 ONTARIO INC.,+,+,,,+,,,Y,0.19,ND,ND,ND,ND,ND
200504,1545317 ONTARIO INC.,102081,"ONTARIO SCHOOL OF COMMERCE AND TECHNOLOGY, BRAMPTON",BRAMPTON,L6X1B6,+,,,Y,0.19,ND,ND,ND,ND,ND
200504,1545317 ONTARIO INC.,102081,"ONTARIO SCHOOL OF COMMERCE AND TECHNOLOGY, BRAMPTON",BRAMPTON,L6X1B6,BUSINESS ADMINISTRATION,Business,Business Administration,Y,SS,ND,ND,ND,ND,ND
200504,1545317 ONTARIO INC.,102081,"ONTARIO SCHOOL OF COMMERCE AND TECHNOLOGY, BRAMPTON",BRAMPTON,L6X1B6,COOK BASIC (PT),Service Trade,Chef,Y,SS,ND,ND,ND,ND,ND
200504,1545317 ONTARIO INC.,102081,"ONTARIO SCHOOL OF COMMERCE AND TECHNOLOGY, BRAMPTON",BRAMPTON,L6X1B6,CULINARY & HOSPITALITY OPERATIONS MANAGEMENT,Service Trade,Chef,Y,0.00,ND,ND,ND,ND,ND
200504,1545317 ONTARIO INC.,102081,"ONTARIO SCHOOL OF COMMERCE AND TECHNOLOGY, BRAMPTON",BRAMPTON,L6X1B6,POST GRADUATE DIPLOMA IN PROJECT MANAGEMENT,Business,Project Administration/Management,Y,SS,ND,ND,ND,ND,ND
200507,CHELLSEY INSTITUTE OF BEAUTY AND HEALTH INC.,+,+,,,+,,,Y,0.73,0.88,0.81,0.77,1.00,ND
200507,CHELLSEY INSTITUTE OF BEAUTY AND HEALTH INC.,102090,"CHELLSEY INSTITUTE OF BEAUTY & HEALTH INC., MISSISSAUGA",MISSISSAUGA,L5B4E4,+,,,Y,0.66,0.90,0.90,0.91,1.00,ND
200507,CHELLSEY INSTITUTE OF BEAUTY AND HEALTH INC.,102090,"CHELLSEY INSTITUTE OF BEAUTY & HEALTH INC., MISSISSAUGA",MISSISSAUGA,L5B4E4,ADVANCED AESTHETICS,Human Services,Esthetics/Medical Esthetics,Y,SS,SS,SS,SS,ND,ND
200507,CHELLSEY INSTITUTE OF BEAUTY AND HEALTH INC.,102090,"CHELLSEY INSTITUTE OF BEAUTY & HEALTH INC., MISSISSAUGA",MISSISSAUGA,L5B4E4,HAIRSTYLING,Service Trade,Hairstylist,Y,1.00,0.75,0.75,1.00,ND,ND
200507,CHELLSEY INSTITUTE OF BEAUTY AND HEALTH INC.,102090,"CHELLSEY INSTITUTE OF BEAUTY & HEALTH INC., MISSISSAUGA",MISSISSAUGA,L5B4E4,LASER TECHNICIAN,Human Services,Esthetics/Medical Esthetics,Y,SS,ND,ND,ND,ND,ND
200507,CHELLSEY INSTITUTE OF BEAUTY AND HEALTH INC.,102090,"CHELLSEY INSTITUTE OF BEAUTY & HEALTH INC., MISSISSAUGA",MISSISSAUGA,L5B4E4,MEDICAL AESTHETICIAN,Human Services,Esthetics/Medical Esthetics,Y,0.54,1.00,1.00,1.00,ND,ND
200507,CHELLSEY INSTITUTE OF BEAUTY AND HEALTH INC.,102090,"CHELLSEY INSTITUTE OF BEAUTY & HEALTH INC., MISSISSAUGA",MISSISSAUGA,L5B4E4,MEDICAL SPA THERAPIST,Human Services,Other - Human Services,Y,0.50,SS,SS,SS,1.00,ND
200507,CHELLSEY INSTITUTE OF BEAUTY AND HEALTH INC.,102090,"CHELLSEY INSTITUTE OF BEAUTY & HEALTH INC., MISSISSAUGA",MISSISSAUGA,L5B4E4,SKIN CARE THERAPIST,Human Services,Esthetics/Medical Esthetics,Y,SS,ND,ND,ND,ND,ND
200507,CHELLSEY INSTITUTE OF BEAUTY AND HEALTH INC.,182577,"CHELLSEY INSTITUTE OF BEAUTY AND HEALTH INC., BURLINGTON",BURLINGTON,L7L1V2,+,,,Y,0.88,0.83,0.67,0.50,ND,ND
200507,CHELLSEY INSTITUTE OF BEAUTY AND HEALTH INC.,182577,"CHELLSEY INSTITUTE OF BEAUTY AND HEALTH INC., BURLINGTON",BURLINGTON,L7L1V2,ADVANCED AESTHETICS,Human Services,Esthetics/Medical Esthetics,Y,SS,ND,ND,ND,ND,ND
200507,CHELLSEY INSTITUTE OF BEAUTY AND HEALTH INC.,182577,"CHELLSEY INSTITUTE OF BEAUTY AND HEALTH INC., BURLINGTON",BURLINGTON,L7L1V2,MEDICAL AESTHETICIAN,Human Services,Esthetics/Medical Esthetics,Y,0.86,0.83,0.67,0.50,ND,ND
200507,CHELLSEY INSTITUTE OF BEAUTY AND HEALTH INC.,182577,"CHELLSEY INSTITUTE OF BEAUTY AND HEALTH INC., BURLINGTON",BURLINGTON,L7L1V2,MEDICAL SPA THERAPIST,Human Services,Other - Human Services,Y,0.83,ND,ND,ND,ND,ND
200507,CHELLSEY INSTITUTE OF BEAUTY AND HEALTH INC.,182577,"CHELLSEY INSTITUTE OF BEAUTY AND HEALTH INC., BURLINGTON",BURLINGTON,L7L1V2,SKIN CARE THERAPIST,Human Services,Esthetics/Medical Esthetics,Y,SS,ND,ND,ND,ND,ND
200523,WCTR LTD.,+,+,,,+,,,Y,1.00,0.57,0.43,0.63,ND,ND
200523,WCTR LTD.,102119,"NORTHERN WELDING ACADEMY, LIVELY",HANMER,P3P1T1,+,,,Y,1.00,0.57,0.43,0.63,ND,ND
200523,WCTR LTD.,102119,"NORTHERN WELDING ACADEMY, LIVELY",HANMER,P3P1T1,"WELDER-FITTER (4 SMAW, 2 FCAW & 2 GMAW)",Industrial Trade,Welder,Y,1.00,0.57,0.43,0.63,ND,ND
200524,NORTHSTAR TRUCK DRIVING SCHOOL LTD.,+,+,,,+,,,Y,0.95,0.81,0.60,0.75,1.00,ND
200524,NORTHSTAR TRUCK DRIVING SCHOOL LTD.,102121,"NORTHSTAR TRUCK DRIVING SCHOOL LTD., WINDSOR",WINDSOR,N9A6J3,+,,,Y,0.95,0.81,0.60,0.75,1.00,ND
200524,NORTHSTAR TRUCK DRIVING SCHOOL LTD.,102121,"NORTHSTAR TRUCK DRIVING SCHOOL LTD., WINDSOR",WINDSOR,N9A6J3,AZ & FLATBED TRAINING PROGRAM (10 WEEKS)*,Tractor-Trailer / Driver Licensing,AZ Class Truck Driver Combined,Y,SS,See combined program results below,See combined program results below,See combined program results below,See combined program results below,ND
200524,NORTHSTAR TRUCK DRIVING SCHOOL LTD.,102121,"NORTHSTAR TRUCK DRIVING SCHOOL LTD., WINDSOR",WINDSOR,N9A6J3,AZ & FLATBED TRAINING PROGRAM (9 WEEKS)*,Tractor-Trailer / Driver Licensing,AZ Class Truck Driver Combined,Y,0.94,See combined program results below,See combined program results below,See combined program results below,See combined program results below,ND
200524,NORTHSTAR TRUCK DRIVING SCHOOL LTD.,102121,"NORTHSTAR TRUCK DRIVING SCHOOL LTD., WINDSOR",WINDSOR,N9A6J3,AZ & FLATBED TRAINING PROGRAM (COMBINED 9 WEEKS AND 10 WEEKS)**,Tractor-Trailer / Driver Licensing,AZ Class Truck Driver Combined,Y,See program results above,0.40,0.20,0.33,ND,See program results above
200524,NORTHSTAR TRUCK DRIVING SCHOOL LTD.,102121,"NORTHSTAR TRUCK DRIVING SCHOOL LTD., WINDSOR",WINDSOR,N9A6J3,AZ PROGRAM (8 WEEKS)*,Tractor-Trailer / Driver Licensing,AZ Class Truck Driver,Y,0.95,See combined program results below,See combined program results below,See combined program results below,See combined program results below,ND
200524,NORTHSTAR TRUCK DRIVING SCHOOL LTD.,102121,"NORTHSTAR TRUCK DRIVING SCHOOL LTD., WINDSOR",WINDSOR,N9A6J3,AZ PROGRAM (9 WEEKS)*,Tractor-Trailer / Driver Licensing,AZ Class Truck Driver,Y,0.80,See combined program results below,See combined program results below,See combined program results below,See combined program results below,ND
200524,NORTHSTAR TRUCK DRIVING SCHOOL LTD.,102121,"NORTHSTAR TRUCK DRIVING SCHOOL LTD., WINDSOR",WINDSOR,N9A6J3,AZ PROGRAM (COMBINED 8 WEEKS AND 9 WEEKS)**,Tractor-Trailer / Driver Licensing,AZ Class Truck Driver,Y,See program results above,0.90,0.68,0.84,1.00,See program results above
200524,NORTHSTAR TRUCK DRIVING SCHOOL LTD.,102121,"NORTHSTAR TRUCK DRIVING SCHOOL LTD., WINDSOR",WINDSOR,N9A6J3,TRACTOR-TRAILER MELT,Tractor-Trailer / Driver Licensing,A Class Truck Driver,Y,1.00,1.00,0.77,0.92,1.00,ND
200532,CANADIAN ALL CARE INC.,+,+,,,+,,,Y,0.79,0.62,0.40,0.90,1.00,ND
200532,CANADIAN ALL CARE INC.,102141,"CANADIAN ALL CARE COLLEGE, ALTON TOWERS-SCARBOROUGH",SCARBOROUGH,M1V3Z3,+,,,Y,0.90,0.59,0.36,0.92,1.00,0.01
200532,CANADIAN ALL CARE INC.,102141,"CANADIAN ALL CARE COLLEGE, ALTON TOWERS-SCARBOROUGH",SCARBOROUGH,M1V3Z3,"ACCOUNTING, PAYROLL, AND BUSINESS ADMINISTRATOR",Business,Accounting,Y,0.90,0.58,0.30,0.81,1.00,ND
200532,CANADIAN ALL CARE INC.,102141,"CANADIAN ALL CARE COLLEGE, ALTON TOWERS-SCARBOROUGH",SCARBOROUGH,M1V3Z3,BANKING AND FINANCIAL SERVICES,Business,Banking and Financial Services,Y,0.97,0.38,0.00,0.90,ND,ND
200532,CANADIAN ALL CARE INC.,102141,"CANADIAN ALL CARE COLLEGE, ALTON TOWERS-SCARBOROUGH",SCARBOROUGH,M1V3Z3,COMMUNITY SERVICE WORKER,Community and Social Services,Community Services Worker,Y,0.99,0.49,0.17,0.93,ND,ND
200532,CANADIAN ALL CARE INC.,102141,"CANADIAN ALL CARE COLLEGE, ALTON TOWERS-SCARBOROUGH",SCARBOROUGH,M1V3Z3,CYBER SECURITY AND COMPUTER NETWORK ENGINEERING,Computer and Information Technology,Computer Engineering and Programming,Y,ND,0.76,0.38,0.81,1.00,ND
200532,CANADIAN ALL CARE INC.,102141,"CANADIAN ALL CARE COLLEGE, ALTON TOWERS-SCARBOROUGH",SCARBOROUGH,M1V3Z3,EARLY CHILDCARE ASSISTANT - FULL TIME,Human Services,Early Childhood Assistant,Y,0.80,0.71,0.71,1.00,ND,ND
200532,CANADIAN ALL CARE INC.,102141,"CANADIAN ALL CARE COLLEGE, ALTON TOWERS-SCARBOROUGH",SCARBOROUGH,M1V3Z3,EVENT PLANNER,Services,Other - Services,Y,ND,0.50,0.19,0.93,1.00,ND
200532,CANADIAN ALL CARE INC.,102141,"CANADIAN ALL CARE COLLEGE, ALTON TOWERS-SCARBOROUGH",SCARBOROUGH,M1V3Z3,FOOD SERVICE WORKER,Service Trade,Cook/Assistant Cook,Y,0.97,0.61,0.58,0.93,1.00,ND
200532,CANADIAN ALL CARE INC.,102141,"CANADIAN ALL CARE COLLEGE, ALTON TOWERS-SCARBOROUGH",SCARBOROUGH,M1V3Z3,MEDICAL ESTHETICS,Human Services,Esthetics/Medical Esthetics,Y,ND,0.71,0.57,0.89,ND,ND
200532,CANADIAN ALL CARE INC.,102141,"CANADIAN ALL CARE COLLEGE, ALTON TOWERS-SCARBOROUGH",SCARBOROUGH,M1V3Z3,NACC PSW 2015,Health Services,Personal Support Worker/Personal Attendant,Y,0.81,0.73,0.66,0.96,1.00,ND
200532,CANADIAN ALL CARE INC.,102609,"CANADIAN ALL CARE COLLEGE, DUFFERIN-TORONTO",TORONTO,M3H5S4,+,,,Y,0.62,0.73,0.51,0.85,1.00,0.02
200532,CANADIAN ALL CARE INC.,102609,"CANADIAN ALL CARE COLLEGE, DUFFERIN-TORONTO",TORONTO,M3H5S4,"ACCOUNTING, PAYROLL, AND BUSINESS ADMINISTRATOR",Business,Accounting,Y,SS,0.71,0.29,0.86,ND,ND
200532,CANADIAN ALL CARE INC.,102609,"CANADIAN ALL CARE COLLEGE, DUFFERIN-TORONTO",TORONTO,M3H5S4,COMMUNITY SERVICE WORKER,Community and Social Services,Community Services Worker,Y,ND,0.58,0.26,0.95,ND,ND
200532,CANADIAN ALL CARE INC.,102609,"CANADIAN ALL CARE COLLEGE, DUFFERIN-TORONTO",TORONTO,M3H5S4,EARLY CHILDCARE ASSISTANT - FULL TIME,Human Services,Early Childhood Assistant,Y,0.00,SS,SS,SS,ND,ND
200532,CANADIAN ALL CARE INC.,102609,"CANADIAN ALL CARE COLLEGE, DUFFERIN-TORONTO",TORONTO,M3H5S4,EVENT PLANNER,Services,Other - Services,Y,ND,0.60,0.00,0.83,ND,ND
200532,CANADIAN ALL CARE INC.,102609,"CANADIAN ALL CARE COLLEGE, DUFFERIN-TORONTO",TORONTO,M3H5S4,PERSONAL SUPPORT WORKER FULL-TIME,Health Services,Personal Support Worker/Personal Attendant,Y,0.61,0.77,0.61,0.82,1.00,ND
200532,CANADIAN ALL CARE INC.,102609,"CANADIAN ALL CARE COLLEGE, DUFFERIN-TORONTO",TORONTO,M3H5S4,SOFTWARE QUALITY ASSURANCE & TESTING ANALYST,Computer and Information Technology,Other - Information Technology,Y,1.00,ND,ND,ND,ND,ND
200543,ACADEMY OF APPLIED PHARMACEUTICAL SCIENCES (AAPS) INC.,+,+,,,+,,,Y,0.85,0.72,0.44,0.76,ND,ND
200543,ACADEMY OF APPLIED PHARMACEUTICAL SCIENCES (AAPS) INC.,102158,"ACADEMY OF APPLIED PHARMACEUTICAL SCIENCES, TORONTO",TORONTO,M3H2T4,+,,,Y,0.82,0.71,0.43,0.77,ND,0.02
200543,ACADEMY OF APPLIED PHARMACEUTICAL SCIENCES (AAPS) INC.,102158,"ACADEMY OF APPLIED PHARMACEUTICAL SCIENCES, TORONTO",TORONTO,M3H2T4,"CERTIFICATE CANNABIS – OPERATIONS, QUALITY & EDIBLES PROGRAM PART-TIME ONLINE",Health Services,Other - Health Services,Y,SS,ND,ND,ND,ND,ND
200543,ACADEMY OF APPLIED PHARMACEUTICAL SCIENCES (AAPS) INC.,102158,"ACADEMY OF APPLIED PHARMACEUTICAL SCIENCES, TORONTO",TORONTO,M3H2T4,CERTIFICATE FOOD SERVICE WORKER ONLINE,Services,Other - Services,Y,0.63,1.00,0.67,1.00,ND,ND
200543,ACADEMY OF APPLIED PHARMACEUTICAL SCIENCES (AAPS) INC.,102158,"ACADEMY OF APPLIED PHARMACEUTICAL SCIENCES, TORONTO",TORONTO,M3H2T4,CERTIFICATE FOOD SERVICE WORKER,Services,Other - Services,Y,ND,ND,ND,SS,ND,ND
200543,ACADEMY OF APPLIED PHARMACEUTICAL SCIENCES (AAPS) INC.,102158,"ACADEMY OF APPLIED PHARMACEUTICAL SCIENCES, TORONTO",TORONTO,M3H2T4,"CERTIFICATE: CANNABIS – OPERATIONS, QUALITY & EDIBLES PROGRAM ONLINE",Health Services,Other - Health Services,Y,SS,ND,ND,ND,ND,ND
200543,ACADEMY OF APPLIED PHARMACEUTICAL SCIENCES (AAPS) INC.,102158,"ACADEMY OF APPLIED PHARMACEUTICAL SCIENCES, TORONTO",TORONTO,M3H2T4,CLINICAL RESEARCH AND DRUG SAFETY CERTIFICATE,Health Services,Pharmaceutical Technology,Y,SS,SS,SS,SS,ND,ND
200543,ACADEMY OF APPLIED PHARMACEUTICAL SCIENCES (AAPS) INC.,102158,"ACADEMY OF APPLIED PHARMACEUTICAL SCIENCES, TORONTO",TORONTO,M3H2T4,"DIPLOMA CANNABIS – MANAGEMENT, QUALITY & EDIBLES PROGRAM (6 MONTHS) ONLINE",Health Services,Other - Health Services,Y,0.84,ND,ND,ND,ND,ND
200543,ACADEMY OF APPLIED PHARMACEUTICAL SCIENCES (AAPS) INC.,102158,"ACADEMY OF APPLIED PHARMACEUTICAL SCIENCES, TORONTO",TORONTO,M3H2T4,"DIPLOMA CANNABIS – MANAGEMENT, QUALITY & EDIBLES PROGRAM PART-TIME ONLINE",Health Services,Other - Health Services,Y,0.42,ND,ND,ND,ND,ND
200543,ACADEMY OF APPLIED PHARMACEUTICAL SCIENCES (AAPS) INC.,102158,"ACADEMY OF APPLIED PHARMACEUTICAL SCIENCES, TORONTO",TORONTO,M3H2T4,"DIPLOMA FOOD AND EDIBLE TECHNOLOGY, SAFETY AND QUALITY",Health Services,Other - Health Services,Y,SS,ND,ND,ND,ND,ND
200543,ACADEMY OF APPLIED PHARMACEUTICAL SCIENCES (AAPS) INC.,102158,"ACADEMY OF APPLIED PHARMACEUTICAL SCIENCES, TORONTO",TORONTO,M3H2T4,"DIPLOMA IN FOOD TECHNOLOGY, SAFETY AND QUALITY ONLINE",Services,Other - Services,Y,1.00,0.25,0.25,0.75,ND,ND
200543,ACADEMY OF APPLIED PHARMACEUTICAL SCIENCES (AAPS) INC.,102158,"ACADEMY OF APPLIED PHARMACEUTICAL SCIENCES, TORONTO",TORONTO,M3H2T4,"DIPLOMA IN FOOD TECHNOLOGY, SAFETY AND QUALITY",Services,Other - Services,Y,SS,ND,ND,ND,ND,ND
200543,ACADEMY OF APPLIED PHARMACEUTICAL SCIENCES (AAPS) INC.,102158,"ACADEMY OF APPLIED PHARMACEUTICAL SCIENCES, TORONTO",TORONTO,M3H2T4,"DIPLOMA: CANNABIS - MANAGEMENT, QUALITY & EDIBLES",Health Services,Other - Health Services,Y,0.73,ND,ND,ND,ND,ND
200543,ACADEMY OF APPLIED PHARMACEUTICAL SCIENCES (AAPS) INC.,102158,"ACADEMY OF APPLIED PHARMACEUTICAL SCIENCES, TORONTO",TORONTO,M3H2T4,DRUG SAFETY AND PHARMACOVIGILANCE CERTIFICATE,Health Services,Pharmaceutical Technology,Y,ND,ND,ND,ND,ND,ND
200543,ACADEMY OF APPLIED PHARMACEUTICAL SCIENCES (AAPS) INC.,102158,"ACADEMY OF APPLIED PHARMACEUTICAL SCIENCES, TORONTO",TORONTO,M3H2T4,PHARMACEUTICAL QUALITY ASSURANCE AND GMP CERTIFICATE,Health Services,Pharmaceutical Technology,Y,SS,SS,SS,SS,ND,ND
200543,ACADEMY OF APPLIED PHARMACEUTICAL SCIENCES (AAPS) INC.,102158,"ACADEMY OF APPLIED PHARMACEUTICAL SCIENCES, TORONTO",TORONTO,M3H2T4,PHARMACEUTICAL REGULATORY AFFAIRS CERTIFICATE,Health Services,Pharmaceutical Technology,Y,SS,SS,SS,SS,ND,ND
200543,ACADEMY OF APPLIED PHARMACEUTICAL SCIENCES (AAPS) INC.,102158,"ACADEMY OF APPLIED PHARMACEUTICAL SCIENCES, TORONTO",TORONTO,M3H2T4,"POST GRADUATE DIPLOMA IN CLINICAL RESEARCH, DRUG SAFETY AND PHARMACOVIGILANCE ONLINE",Health Services,Pharmaceutical Technology,Y,0.67,ND,ND,ND,ND,ND
200543,ACADEMY OF APPLIED PHARMACEUTICAL SCIENCES (AAPS) INC.,102158,"ACADEMY OF APPLIED PHARMACEUTICAL SCIENCES, TORONTO",TORONTO,M3H2T4,"POST GRADUATE DIPLOMA IN CLINICAL RESEARCH, DRUG SAFETY AND PHARMACOVIGILANCE",Health Services,Pharmaceutical Technology,Y,0.75,0.40,0.20,0.00,ND,ND
200543,ACADEMY OF APPLIED PHARMACEUTICAL SCIENCES (AAPS) INC.,102158,"ACADEMY OF APPLIED PHARMACEUTICAL SCIENCES, TORONTO",TORONTO,M3H2T4,POST GRADUATE DIPLOMA PROFESSIONAL REGULATORY AFFAIRS ONLINE,Health Services,Pharmaceutical Technology,Y,1.00,0.67,0.00,0.33,ND,ND
200543,ACADEMY OF APPLIED PHARMACEUTICAL SCIENCES (AAPS) INC.,102158,"ACADEMY OF APPLIED PHARMACEUTICAL SCIENCES, TORONTO",TORONTO,M3H2T4,POST GRADUATE DIPLOMA PROFESSIONAL REGULATORY AFFAIRS,Health Services,Pharmaceutical Technology,Y,SS,0.80,0.20,0.80,ND,ND
200543,ACADEMY OF APPLIED PHARMACEUTICAL SCIENCES (AAPS) INC.,102158,"ACADEMY OF APPLIED PHARMACEUTICAL SCIENCES, TORONTO",TORONTO,M3H2T4,"POST GRADUATE DIPLOMA QUALITY ASSURANCE & REGULATORY AFFAIRS - FOOD, PHARMA, & COSMETICS - ONLINE",Computer and Information Technology,Software Quality Assurance and Testing,Y,0.95,ND,ND,ND,ND,ND
200543,ACADEMY OF APPLIED PHARMACEUTICAL SCIENCES (AAPS) INC.,102158,"ACADEMY OF APPLIED PHARMACEUTICAL SCIENCES, TORONTO",TORONTO,M3H2T4,POST-GRADUATE DIPLOMA - PHARMACEUTICAL QUALITY ASSURANCE AND QUALITY CONTROL,Health Services,Pharmaceutical Technology,Y,0.91,1.00,0.86,1.00,ND,ND
200543,ACADEMY OF APPLIED PHARMACEUTICAL SCIENCES (AAPS) INC.,102158,"ACADEMY OF APPLIED PHARMACEUTICAL SCIENCES, TORONTO",TORONTO,M3H2T4,POST-GRADUATE DIPLOMA - PHARMACEUTICAL QUALITY CONTROL,Health Services,Pharmaceutical Technology,Y,1.00,1.00,0.80,0.80,ND,ND
200543,ACADEMY OF APPLIED PHARMACEUTICAL SCIENCES (AAPS) INC.,102158,"ACADEMY OF APPLIED PHARMACEUTICAL SCIENCES, TORONTO",TORONTO,M3H2T4,POST-GRADUATE DIPLOMA FOOD AND EDIBLE TECHNOLOGY SAFETY AND QUALITY,Health Services,Other - Health Services,Y,ND,SS,SS,SS,ND,ND
200543,ACADEMY OF APPLIED PHARMACEUTICAL SCIENCES (AAPS) INC.,102158,"ACADEMY OF APPLIED PHARMACEUTICAL SCIENCES, TORONTO",TORONTO,M3H2T4,"POST-GRADUATE DIPLOMA IN CLINICAL RESEARCH, PHARMACOVIGILANCE AND REGULATORY AFFAIRS (ONLINE)",Health Services,Other - Health Services,Y,0.89,ND,ND,ND,ND,ND
200543,ACADEMY OF APPLIED PHARMACEUTICAL SCIENCES (AAPS) INC.,102158,"ACADEMY OF APPLIED PHARMACEUTICAL SCIENCES, TORONTO",TORONTO,M3H2T4,"POST-GRADUATE DIPLOMA IN CLINICAL RESEARCH, PHARMACOVIGILANCE AND REGULATORY AFFAIRS",Health Services,Pharmaceutical Technology,Y,0.95,ND,ND,ND,ND,ND
200543,ACADEMY OF APPLIED PHARMACEUTICAL SCIENCES (AAPS) INC.,102158,"ACADEMY OF APPLIED PHARMACEUTICAL SCIENCES, TORONTO",TORONTO,M3H2T4,"POST-GRADUATE DIPLOMA IN NUTRITION, HEALTH AND SPORT - ONLINE",Health Services,Other - Health Services,Y,ND,SS,SS,SS,ND,ND
200543,ACADEMY OF APPLIED PHARMACEUTICAL SCIENCES (AAPS) INC.,102158,"ACADEMY OF APPLIED PHARMACEUTICAL SCIENCES, TORONTO",TORONTO,M3H2T4,"POST-GRADUATE DIPLOMA IN NUTRITION, HEALTH AND SPORT",Health Services,Other - Health Services,Y,ND,ND,ND,ND,ND,ND
200543,ACADEMY OF APPLIED PHARMACEUTICAL SCIENCES (AAPS) INC.,102158,"ACADEMY OF APPLIED PHARMACEUTICAL SCIENCES, TORONTO",TORONTO,M3H2T4,"POST-GRADUATE DIPLOMA QUALITY ASSURANCE AND REGULATORY AFFAIRS - FOOD, PHARMA, AND COSMETICS",Computer and Information Technology,Software Quality Assurance and Testing,Y,0.94,ND,ND,ND,ND,ND
200543,ACADEMY OF APPLIED PHARMACEUTICAL SCIENCES (AAPS) INC.,189635,"ACADEMY OF APPLIED PHARMACEUTICAL SCIENCES, MISSISSAUGA",MISSISSAUGA,L4T0A6,+,,,Y,0.98,1.00,1.00,0.00,ND,0.05
200543,ACADEMY OF APPLIED PHARMACEUTICAL SCIENCES (AAPS) INC.,189635,"ACADEMY OF APPLIED PHARMACEUTICAL SCIENCES, MISSISSAUGA",MISSISSAUGA,L4T0A6,"DIPLOMA FOOD AND EDIBLE TECHNOLOGY, SAFETY AND QUALITY",Health Services,Other - Health Services,Y,SS,ND,ND,ND,ND,ND
200543,ACADEMY OF APPLIED PHARMACEUTICAL SCIENCES (AAPS) INC.,189635,"ACADEMY OF APPLIED PHARMACEUTICAL SCIENCES, MISSISSAUGA",MISSISSAUGA,L4T0A6,"DIPLOMA IN FOOD TECHNOLOGY, SAFETY AND QUALITY",Services,Other - Services,Y,1.00,ND,ND,ND,ND,ND
200543,ACADEMY OF APPLIED PHARMACEUTICAL SCIENCES (AAPS) INC.,189635,"ACADEMY OF APPLIED PHARMACEUTICAL SCIENCES, MISSISSAUGA",MISSISSAUGA,L4T0A6,"POST GRADUATE DIPLOMA IN CLINICAL RESEARCH, DRUG SAFETY AND PHARMACOVIGILANCE",Health Services,Pharmaceutical Technology,Y,1.00,1.00,1.00,0.00,ND,ND
200543,ACADEMY OF APPLIED PHARMACEUTICAL SCIENCES (AAPS) INC.,189635,"ACADEMY OF APPLIED PHARMACEUTICAL SCIENCES, MISSISSAUGA",MISSISSAUGA,L4T0A6,POST GRADUATE DIPLOMA PROFESSIONAL REGULATORY AFFAIRS,Health Services,Pharmaceutical Technology,Y,SS,ND,ND,ND,ND,ND
200543,ACADEMY OF APPLIED PHARMACEUTICAL SCIENCES (AAPS) INC.,189635,"ACADEMY OF APPLIED PHARMACEUTICAL SCIENCES, MISSISSAUGA",MISSISSAUGA,L4T0A6,POST-GRADUATE DIPLOMA FOOD AND EDIBLE TECHNOLOGY SAFETY AND QUALITY,Health Services,Other - Health Services,Y,ND,ND,ND,ND,ND,ND
200543,ACADEMY OF APPLIED PHARMACEUTICAL SCIENCES (AAPS) INC.,189635,"ACADEMY OF APPLIED PHARMACEUTICAL SCIENCES, MISSISSAUGA",MISSISSAUGA,L4T0A6,"POST-GRADUATE DIPLOMA IN CLINICAL RESEARCH, PHARMACOVIGILANCE AND REGULATORY AFFAIRS",Health Services,Other - Health Services,Y,1.00,ND,ND,ND,ND,ND
200543,ACADEMY OF APPLIED PHARMACEUTICAL SCIENCES (AAPS) INC.,189635,"ACADEMY OF APPLIED PHARMACEUTICAL SCIENCES, MISSISSAUGA",MISSISSAUGA,L4T0A6,"POST-GRADUATE DIPLOMA QUALITY ASSURANCE AND REGULATORY AFFAIRS - FOOD, PHARMA, AND COSMETICS",Computer and Information Technology,Software Quality Assurance and Testing,Y,1.00,ND,ND,ND,ND,ND
200551,HERZING INSTITUTES OF CANADA LTD.,+,+,,,+,,,Y,0.86,0.69,0.44,0.62,1.00,ND
200551,HERZING INSTITUTES OF CANADA LTD.,102166,"HERZING COLLEGE, OTTAWA EAST",OTTAWA,K1K3B8,+,,,Y,0.84,0.73,0.46,0.61,1.00,0.08
200551,HERZING INSTITUTES OF CANADA LTD.,102166,"HERZING COLLEGE, OTTAWA EAST",OTTAWA,K1K3B8,2-D ANIMATION,Applied Arts and Science,Animations,Y,0.77,0.67,0.17,0.67,ND,ND
200551,HERZING INSTITUTES OF CANADA LTD.,102166,"HERZING COLLEGE, OTTAWA EAST",OTTAWA,K1K3B8,ACCOUNTING AND PAYROLL ADMINISTRATION,Business,Accounting,Y,ND,ND,ND,ND,ND,ND
200551,HERZING INSTITUTES OF CANADA LTD.,102166,"HERZING COLLEGE, OTTAWA EAST",OTTAWA,K1K3B8,BUSINESS ADMINISTRATION - ACCOUNTING AND PAYROLL,Business,Accounting,Y,ND,SS,SS,SS,ND,ND
200551,HERZING INSTITUTES OF CANADA LTD.,102166,"HERZING COLLEGE, OTTAWA EAST",OTTAWA,K1K3B8,BUSINESS MANAGEMENT,Business,Business Administration,Y,0.88,0.86,0.57,0.71,ND,ND
200551,HERZING INSTITUTES OF CANADA LTD.,102166,"HERZING COLLEGE, OTTAWA EAST",OTTAWA,K1K3B8,COMMUNITY SERVICES WORKER,Community and Social Services,Community Services Worker,Y,0.85,0.81,0.56,0.56,1.00,ND
200551,HERZING INSTITUTES OF CANADA LTD.,102166,"HERZING COLLEGE, OTTAWA EAST",OTTAWA,K1K3B8,COMPUTER NETWORKING TECHNOLOGY,Computer and Information Technology,Information Technology,Y,0.77,0.60,0.00,0.38,ND,ND
200551,HERZING INSTITUTES OF CANADA LTD.,102166,"HERZING COLLEGE, OTTAWA EAST",OTTAWA,K1K3B8,CYBERSECURITY SPECIALIST,Computer and Information Technology,Other - Information Technology,Y,0.86,0.59,0.24,0.50,ND,ND
200551,HERZING INSTITUTES OF CANADA LTD.,102166,"HERZING COLLEGE, OTTAWA EAST",OTTAWA,K1K3B8,IMMIGRATION CASE MANAGER,Law and Public Safety,Other - Law & Public Safety,Y,0.88,0.60,0.30,0.57,1.00,ND
200551,HERZING INSTITUTES OF CANADA LTD.,102166,"HERZING COLLEGE, OTTAWA EAST",OTTAWA,K1K3B8,MEDICAL OFFICE ADMINISTRATION,Health Services,Medical Office Administration/Management,Y,1.00,ND,ND,ND,ND,ND
200551,HERZING INSTITUTES OF CANADA LTD.,102166,"HERZING COLLEGE, OTTAWA EAST",OTTAWA,K1K3B8,MEDICAL OFFICE ADMINISTRATOR 072020,Health Services,Medical Office Administration/Management,Y,0.80,1.00,0.88,0.56,ND,ND
200551,HERZING INSTITUTES OF CANADA LTD.,102166,"HERZING COLLEGE, OTTAWA EAST",OTTAWA,K1K3B8,MEDICAL OFFICE ADMINISTRATOR,Health Services,Medical Office Administration/Management,Y,ND,SS,SS,SS,ND,ND
200551,HERZING INSTITUTES OF CANADA LTD.,102166,"HERZING COLLEGE, OTTAWA EAST",OTTAWA,K1K3B8,NACC PERSONAL SUPPORT WORKER 2022,Health Services,Personal Support Worker/Personal Attendant,Y,0.62,ND,ND,ND,ND,ND
200551,HERZING INSTITUTES OF CANADA LTD.,102166,"HERZING COLLEGE, OTTAWA EAST",OTTAWA,K1K3B8,NACC PSW 2015,Health Services,Personal Support Worker/Personal Attendant,Y,0.68,1.00,1.00,1.00,ND,ND
200551,HERZING INSTITUTES OF CANADA LTD.,102166,"HERZING COLLEGE, OTTAWA EAST",OTTAWA,K1K3B8,OCCUPATIONAL HEALTH AND SAFETY,Services,Other - Services,Y,0.94,1.00,0.75,0.82,1.00,ND
200551,HERZING INSTITUTES OF CANADA LTD.,102166,"HERZING COLLEGE, OTTAWA EAST",OTTAWA,K1K3B8,PARALEGAL,Law and Public Safety,Paralegal,Y,0.90,0.50,0.50,0.75,ND,ND
200551,HERZING INSTITUTES OF CANADA LTD.,139635,"HERZING COLLEGE, 11 KODIAK-TORONTO",TORONTO,M3J3E5,+,,,Y,0.85,0.67,0.43,0.62,1.00,ND
200551,HERZING INSTITUTES OF CANADA LTD.,139635,"HERZING COLLEGE, 11 KODIAK-TORONTO",TORONTO,M3J3E5,ACCOUNTING AND PAYROLL ADMINISTRATION - ONLINE,Business,Accounting and Payroll Administration,Y,ND,SS,SS,SS,ND,ND
200551,HERZING INSTITUTES OF CANADA LTD.,139635,"HERZING COLLEGE, 11 KODIAK-TORONTO",TORONTO,M3J3E5,ACCOUNTING AND PAYROLL ADMINISTRATION **,Business,Accounting and Payroll Administration,Y,1.00,ND,ND,ND,ND,ND
200551,HERZING INSTITUTES OF CANADA LTD.,139635,"HERZING COLLEGE, 11 KODIAK-TORONTO",TORONTO,M3J3E5,ACCOUNTING AND PAYROLL ADMINISTRATION,Business,Accounting and Payroll Administration,Y,ND,SS,SS,SS,ND,ND
200551,HERZING INSTITUTES OF CANADA LTD.,139635,"HERZING COLLEGE, 11 KODIAK-TORONTO",TORONTO,M3J3E5,APPLIANCE SERVICE TECHNICIAN PRE-APPRENTICESHIP PROGRAM,Service Trade,Other- Service Trade,Y,1.00,0.67,0.33,1.00,ND,ND
200551,HERZING INSTITUTES OF CANADA LTD.,139635,"HERZING COLLEGE, 11 KODIAK-TORONTO",TORONTO,M3J3E5,BUILDING DESIGN TECHNICIAN,Applied Arts and Science,Other - Applied Arts and Sciences,Y,0.71,1.00,1.00,1.00,ND,ND
200551,HERZING INSTITUTES OF CANADA LTD.,139635,"HERZING COLLEGE, 11 KODIAK-TORONTO",TORONTO,M3J3E5,BUSINESS ADMINISTRATION,Business,Business Administration,Y,ND,ND,ND,ND,ND,ND
200551,HERZING INSTITUTES OF CANADA LTD.,139635,"HERZING COLLEGE, 11 KODIAK-TORONTO",TORONTO,M3J3E5,BUSINESS ADMINISTRATION**,Business,Business Administration,Y,SS,SS,SS,SS,ND,ND
200551,HERZING INSTITUTES OF CANADA LTD.,139635,"HERZING COLLEGE, 11 KODIAK-TORONTO",TORONTO,M3J3E5,COMPUTER GRAPHIC DESIGN,Applied Arts and Science,Other - Applied Arts and Sciences,Y,0.75,1.00,1.00,1.00,ND,ND
200551,HERZING INSTITUTES OF CANADA LTD.,139635,"HERZING COLLEGE, 11 KODIAK-TORONTO",TORONTO,M3J3E5,COMPUTER NETWORK TECHNOLOGY,Computer and Information Technology,Network Administration,Y,SS,SS,SS,SS,ND,ND
200551,HERZING INSTITUTES OF CANADA LTD.,139635,"HERZING COLLEGE, 11 KODIAK-TORONTO",TORONTO,M3J3E5,CONSTRUCTION & MAINTENANCE ELECTRICIAN PRE-APPRENTICESHIP PROGRAM,Service Trade,Other- Service Trade,Y,SS,ND,ND,ND,ND,ND
200551,HERZING INSTITUTES OF CANADA LTD.,139635,"HERZING COLLEGE, 11 KODIAK-TORONTO",TORONTO,M3J3E5,CONSTRUCTION AND MAINTENANCE ELECTRICIAN PRE-APPRENTICESHIP (ESTIMATION TRACK),Service Trade,Other- Service Trade,Y,0.91,0.76,0.55,0.55,ND,ND
200551,HERZING INSTITUTES OF CANADA LTD.,139635,"HERZING COLLEGE, 11 KODIAK-TORONTO",TORONTO,M3J3E5,CONSTRUCTION MANAGEMENT,Business,Business Administration,Y,SS,SS,SS,SS,ND,ND
200551,HERZING INSTITUTES OF CANADA LTD.,139635,"HERZING COLLEGE, 11 KODIAK-TORONTO",TORONTO,M3J3E5,CYBERSECURITY SPECIALIST,Computer and Information Technology,Other - Information Technology,Y,SS,0.33,0.17,0.33,ND,ND
200551,HERZING INSTITUTES OF CANADA LTD.,139635,"HERZING COLLEGE, 11 KODIAK-TORONTO",TORONTO,M3J3E5,ELECTRICIAN AND NETWORK CABLING TECHNOLOGY (ESTIMATION TRACK),Service Trade,Other- Service Trade,Y,0.83,0.56,0.22,0.62,1.00,ND
200551,HERZING INSTITUTES OF CANADA LTD.,139635,"HERZING COLLEGE, 11 KODIAK-TORONTO",TORONTO,M3J3E5,GAS TECHNICIAN 2 PROGRAM,Service Trade,Other- Service Trade,Y,1.00,1.00,1.00,0.40,ND,ND
200551,HERZING INSTITUTES OF CANADA LTD.,139635,"HERZING COLLEGE, 11 KODIAK-TORONTO",TORONTO,M3J3E5,GAS TECHNICIAN 3 PROGRAM,Service Trade,Other- Service Trade,Y,1.00,0.00,0.00,0.80,ND,ND
200551,HERZING INSTITUTES OF CANADA LTD.,139635,"HERZING COLLEGE, 11 KODIAK-TORONTO",TORONTO,M3J3E5,GAS TECHNICIAN PROGRAM,Service Trade,Other- Service Trade,Y,0.67,0.86,0.79,0.93,1.00,ND
200551,HERZING INSTITUTES OF CANADA LTD.,139635,"HERZING COLLEGE, 11 KODIAK-TORONTO",TORONTO,M3J3E5,GESTIONNAIRE EN IMMIGRATION,Law and Public Safety,Other - Law & Public Safety,Y,0.82,0.86,0.43,0.57,ND,ND
200551,HERZING INSTITUTES OF CANADA LTD.,139635,"HERZING COLLEGE, 11 KODIAK-TORONTO",TORONTO,M3J3E5,HEATING AND VENTILATION AND ADVANCED GAS TECHNICIAN,Service Trade,Other- Service Trade,Y,0.89,0.69,0.56,0.87,1.00,ND
200551,HERZING INSTITUTES OF CANADA LTD.,139635,"HERZING COLLEGE, 11 KODIAK-TORONTO",TORONTO,M3J3E5,IMMIGRATION CASE MANAGER ONLINE WITH INTERNSHIP,Law and Public Safety,Other - Law & Public Safety,Y,0.88,0.71,0.29,0.55,1.00,ND
200551,HERZING INSTITUTES OF CANADA LTD.,139635,"HERZING COLLEGE, 11 KODIAK-TORONTO",TORONTO,M3J3E5,IMMIGRATION CASE MANAGER,Law and Public Safety,Other - Law & Public Safety,Y,0.91,ND,ND,ND,ND,ND
200551,HERZING INSTITUTES OF CANADA LTD.,139635,"HERZING COLLEGE, 11 KODIAK-TORONTO",TORONTO,M3J3E5,MEDICAL OFFICE ADMINISTRATOR 072020,Health Services,Medical Office Administration/Management,Y,ND,SS,SS,SS,ND,ND
200551,HERZING INSTITUTES OF CANADA LTD.,139635,"HERZING COLLEGE, 11 KODIAK-TORONTO",TORONTO,M3J3E5,NACC PSW 2015,Health Services,Personal Support Worker/Personal Attendant,Y,SS,0.86,0.86,0.86,ND,ND
200551,HERZING INSTITUTES OF CANADA LTD.,139635,"HERZING COLLEGE, 11 KODIAK-TORONTO",TORONTO,M3J3E5,NETWORK CABLING SPECIALIST PRE-APPRENTICESHIP PROGRAM,Service Trade,Other- Service Trade,Y,ND,SS,SS,SS,ND,ND
200551,HERZING INSTITUTES OF CANADA LTD.,139635,"HERZING COLLEGE, 11 KODIAK-TORONTO",TORONTO,M3J3E5,OCCUPATIONAL HEALTH AND SAFETY,Services,Other - Services,Y,0.83,0.71,0.43,0.43,1.00,ND
200551,HERZING INSTITUTES OF CANADA LTD.,139635,"HERZING COLLEGE, 11 KODIAK-TORONTO",TORONTO,M3J3E5,PARALEGAL,Law and Public Safety,Paralegal,Y,0.77,0.60,0.00,0.75,ND,ND
200551,HERZING INSTITUTES OF CANADA LTD.,139635,"HERZING COLLEGE, 11 KODIAK-TORONTO",TORONTO,M3J3E5,PLUMBER PRE-APPRENTICESHIP (ESTIMATION TRACK),Service Trade,Other- Service Trade,Y,0.90,0.40,0.24,0.46,ND,ND
200551,HERZING INSTITUTES OF CANADA LTD.,139635,"HERZING COLLEGE, 11 KODIAK-TORONTO",TORONTO,M3J3E5,PLUMBER PRE-APPRENTICESHIP PROGRAM,Service Trade,Other- Service Trade,Y,ND,ND,ND,ND,ND,ND
200551,HERZING INSTITUTES OF CANADA LTD.,139635,"HERZING COLLEGE, 11 KODIAK-TORONTO",TORONTO,M3J3E5,REFRIGERATION AND AIR CONDITIONING MECHANICS PRE-APPRENTICESHIP PROGRAM,Service Trade,Other- Service Trade,Y,ND,SS,SS,SS,1.00,ND
200551,HERZING INSTITUTES OF CANADA LTD.,139637,"HERZING COLLEGE, CAMBRIDGE",CAMBRIDGE,N3C4P7,+,,,Y,0.92,0.71,0.50,0.62,1.00,0.06
200551,HERZING INSTITUTES OF CANADA LTD.,139637,"HERZING COLLEGE, CAMBRIDGE",CAMBRIDGE,N3C4P7,CONSTRUCTION AND MAINTENANCE ELECTRICIAN PRE-APPRENTICESHIP (ESTIMATION TRACK),Service Trade,Other- Service Trade,Y,1.00,0.50,0.25,0.44,1.00,ND
200551,HERZING INSTITUTES OF CANADA LTD.,139637,"HERZING COLLEGE, CAMBRIDGE",CAMBRIDGE,N3C4P7,ELECTRICIAN AND NETWORK CABLING TECHNOLOGY (ESTIMATION TRACK),Service Trade,Other- Service Trade,Y,0.80,0.60,0.20,0.25,ND,ND
200551,HERZING INSTITUTES OF CANADA LTD.,139637,"HERZING COLLEGE, CAMBRIDGE",CAMBRIDGE,N3C4P7,GAS TECHNICIAN 2 PROGRAM,Service Trade,Other- Service Trade,Y,SS,ND,ND,ND,ND,ND
200551,HERZING INSTITUTES OF CANADA LTD.,139637,"HERZING COLLEGE, CAMBRIDGE",CAMBRIDGE,N3C4P7,GAS TECHNICIAN 3 PROGRAM,Service Trade,Other- Service Trade,Y,ND,ND,ND,ND,ND,ND
200551,HERZING INSTITUTES OF CANADA LTD.,139637,"HERZING COLLEGE, CAMBRIDGE",CAMBRIDGE,N3C4P7,GAS TECHNICIAN PROGRAM,Service Trade,Other- Service Trade,Y,0.67,SS,SS,SS,ND,ND
200551,HERZING INSTITUTES OF CANADA LTD.,139637,"HERZING COLLEGE, CAMBRIDGE",CAMBRIDGE,N3C4P7,HEATING AND VENTILATION AND ADVANCED GAS TECHNICIAN,Service Trade,Other- Service Trade,Y,0.90,0.88,0.88,0.88,1.00,ND
200551,HERZING INSTITUTES OF CANADA LTD.,139637,"HERZING COLLEGE, CAMBRIDGE",CAMBRIDGE,N3C4P7,NETWORK CABLING TECHNICIAN PRE- APPRENTICESHIP (ESTIMATION TRACK),Service Trade,Other- Service Trade,Y,SS,ND,ND,ND,ND,ND
200551,HERZING INSTITUTES OF CANADA LTD.,139637,"HERZING COLLEGE, CAMBRIDGE",CAMBRIDGE,N3C4P7,PLUMBER PRE-APPRENTICESHIP (ESTIMATION TRACK),Service Trade,Other- Service Trade,Y,0.90,0.80,0.60,0.80,1.00,ND
200551,HERZING INSTITUTES OF CANADA LTD.,139637,"HERZING COLLEGE, CAMBRIDGE",CAMBRIDGE,N3C4P7,REFRIGERATION AND AIR CONDITIONING MECHANICS PRE-APPRENTICESHIP PROGRAM,Service Trade,Other- Service Trade,Y,SS,SS,SS,SS,ND,ND
200558,ILAC INTERNATIONAL COLLEGE LTD.,+,+,,,+,,,Y,0.85,0.85,0.64,0.58,1.00,ND
200558,ILAC INTERNATIONAL COLLEGE LTD.,102176,"ILAC INTERNATIONAL COLLEGE, TORONTO",TORONTO,M4W3C7,+,,,Y,0.85,0.85,0.64,0.58,1.00,ND
200558,ILAC INTERNATIONAL COLLEGE LTD.,102176,"ILAC INTERNATIONAL COLLEGE, TORONTO",TORONTO,M4W3C7,BUSINESS ADMINISTRATION DIPLOMA WITH CO-OP,Business,Business Administration,Y,0.78,0.80,0.53,0.48,1.00,ND
200558,ILAC INTERNATIONAL COLLEGE LTD.,102176,"ILAC INTERNATIONAL COLLEGE, TORONTO",TORONTO,M4W3C7,BUSINESS ADMINISTRATION DIPLOMA,Business,Business Administration,Y,0.70,0.75,0.50,0.67,ND,ND
200558,ILAC INTERNATIONAL COLLEGE LTD.,102176,"ILAC INTERNATIONAL COLLEGE, TORONTO",TORONTO,M4W3C7,COMMUNICATION AND SERVICE ESSENTIALS CERTIFICATE,Applied Arts and Science,Other - Applied Arts and Sciences,Y,0.88,ND,ND,1.00,ND,ND
200558,ILAC INTERNATIONAL COLLEGE LTD.,102176,"ILAC INTERNATIONAL COLLEGE, TORONTO",TORONTO,M4W3C7,COMMUNICATION AND SERVICE ESSENTIALS DIPLOMA WITH CO-OP,Applied Arts and Science,Other - Applied Arts and Sciences,Y,0.82,0.88,0.71,0.74,1.00,ND
200558,ILAC INTERNATIONAL COLLEGE LTD.,102176,"ILAC INTERNATIONAL COLLEGE, TORONTO",TORONTO,M4W3C7,HEALTH CARE ADMINISTRATION DIPLOMA WITH CO-OP,Health Services,Medical Office Administration/Management,Y,0.83,ND,ND,ND,ND,ND
200558,ILAC INTERNATIONAL COLLEGE LTD.,102176,"ILAC INTERNATIONAL COLLEGE, TORONTO",TORONTO,M4W3C7,HEALTH CARE ADMINISTRATION DIPLOMA,Health Services,Medical Office Administration/Management,Y,0.67,ND,ND,ND,ND,ND
200558,ILAC INTERNATIONAL COLLEGE LTD.,102176,"ILAC INTERNATIONAL COLLEGE, TORONTO",TORONTO,M4W3C7,SALES AND MARKETING CERTIFICATE WITH CO-OP,Services,Customer Service/Retail Sales,Y,0.92,0.67,0.53,0.67,ND,ND
200558,ILAC INTERNATIONAL COLLEGE LTD.,102176,"ILAC INTERNATIONAL COLLEGE, TORONTO",TORONTO,M4W3C7,SALES AND MARKETING DIPLOMA WITH CO-OP,Services,Customer Service/Retail Sales,Y,0.75,0.88,0.67,0.45,1.00,ND
200558,ILAC INTERNATIONAL COLLEGE LTD.,102176,"ILAC INTERNATIONAL COLLEGE, TORONTO",TORONTO,M4W3C7,SALES AND MARKETING DIPLOMA,Services,Customer Service/Retail Sales,Y,0.86,0.75,0.50,0.75,ND,ND
200558,ILAC INTERNATIONAL COLLEGE LTD.,102176,"ILAC INTERNATIONAL COLLEGE, TORONTO",TORONTO,M4W3C7,SERVICE ESSENTIALS FOR BUSINESS DIPLOMA,Services,Customer Service/Retail Sales,Y,0.94,0.89,0.70,0.67,ND,ND
200558,ILAC INTERNATIONAL COLLEGE LTD.,102176,"ILAC INTERNATIONAL COLLEGE, TORONTO",TORONTO,M4W3C7,SERVICE EXCELLENCE FOR BUSINESS CERTIFICATE,Services,Customer Service/Retail Sales,Y,0.88,1.00,0.00,1.00,ND,ND
200558,ILAC INTERNATIONAL COLLEGE LTD.,102176,"ILAC INTERNATIONAL COLLEGE, TORONTO",TORONTO,M4W3C7,SERVICE EXCELLENCE FOR BUSINESS DIPLOMA,Services,Customer Service/Retail Sales,Y,0.85,0.90,0.75,0.80,ND,ND
200585,IVOR TRANS INC.,+,+,,,+,,,Y,1.00,0.74,0.67,0.89,1.00,ND
200585,IVOR TRANS INC.,102229,"TRUCK TRAINING ACADEMY OF STONEY CREEK, STONEY CREEK",STONEY CREEK,L8E1V5,+,,,Y,1.00,0.74,0.67,0.89,1.00,ND
200585,IVOR TRANS INC.,102229,"TRUCK TRAINING ACADEMY OF STONEY CREEK, STONEY CREEK",STONEY CREEK,L8E1V5,AZ PROGRAM,Tractor-Trailer / Driver Licensing,AZ Class Truck Driver,Y,1.00,1.00,0.60,0.83,ND,ND
200585,IVOR TRANS INC.,102229,"TRUCK TRAINING ACADEMY OF STONEY CREEK, STONEY CREEK",STONEY CREEK,L8E1V5,TRACTOR-TRAILER MELT,Tractor-Trailer / Driver Licensing,A Class Truck Driver,Y,1.00,0.68,0.68,0.91,1.00,ND
200590,ELECTRO MECHANICAL SCHOOL INC.,+,+,,,+,,,Y,0.33,SS,SS,SS,ND,ND
200590,ELECTRO MECHANICAL SCHOOL INC.,102239,"ELECTRO MECHANICAL SCHOOL INC., TORONTO",TORONTO,M3J2R8,+,,,Y,0.33,SS,SS,SS,ND,ND
200590,ELECTRO MECHANICAL SCHOOL INC.,102239,"ELECTRO MECHANICAL SCHOOL INC., TORONTO",TORONTO,M3J2R8,CONTROL PANEL ASSEMBLER/TESTER,Service Trade,Electronic Service Technician,Y,0.33,SS,SS,SS,ND,ND
200592,GRAND HEALTH ACADEMY CORPORATION,+,+,,,+,,,Y,0.81,0.74,0.54,0.82,ND,ND
200592,GRAND HEALTH ACADEMY CORPORATION,102244,"CIMT COLLEGE, HAMILTON",HAMILTON,L8V1B1,+,,,Y,0.82,0.79,0.58,0.81,ND,0.09
200592,GRAND HEALTH ACADEMY CORPORATION,102244,"CIMT COLLEGE, HAMILTON",HAMILTON,L8V1B1,ACCOUNTING ADMINISTRATION,Business,Accounting and Payroll Administration,Y,SS,ND,ND,ND,ND,ND
200592,GRAND HEALTH ACADEMY CORPORATION,102244,"CIMT COLLEGE, HAMILTON",HAMILTON,L8V1B1,BUSINESS ADMINISTRATION,Business,Office Administration,Y,SS,ND,ND,ND,ND,ND
200592,GRAND HEALTH ACADEMY CORPORATION,102244,"CIMT COLLEGE, HAMILTON",HAMILTON,L8V1B1,BUSINESS MANAGEMENT,Business,Business Administration,Y,ND,ND,ND,ND,ND,ND
200592,GRAND HEALTH ACADEMY CORPORATION,102244,"CIMT COLLEGE, HAMILTON",HAMILTON,L8V1B1,DENTAL OFFICE ADMINISTRATION,Health Services,Dental Office Administration,Y,1.00,ND,ND,ND,ND,ND
200592,GRAND HEALTH ACADEMY CORPORATION,102244,"CIMT COLLEGE, HAMILTON",HAMILTON,L8V1B1,EARLY CHILDCARE ASSISTANT,Human Services,Early Childhood Assistant,Y,0.67,ND,ND,ND,ND,ND
200592,GRAND HEALTH ACADEMY CORPORATION,102244,"CIMT COLLEGE, HAMILTON",HAMILTON,L8V1B1,EARLY CHILDHOOD ASSISTANT,Human Services,Early Childhood Assistant,Y,ND,SS,SS,SS,ND,ND
200592,GRAND HEALTH ACADEMY CORPORATION,102244,"CIMT COLLEGE, HAMILTON",HAMILTON,L8V1B1,FOOD SERVICE WORKER,Services,Customer Service/Retail Sales,Y,0.86,1.00,1.00,1.00,ND,ND
200592,GRAND HEALTH ACADEMY CORPORATION,102244,"CIMT COLLEGE, HAMILTON",HAMILTON,L8V1B1,MEDICAL OFFICE ADMINISTRATION WITH HEALTH UNIT COORDINATING,Health Services,Medical Office Administration/Management,Y,0.58,1.00,1.00,0.00,ND,ND
200592,GRAND HEALTH ACADEMY CORPORATION,102244,"CIMT COLLEGE, HAMILTON",HAMILTON,L8V1B1,MEDICAL OFFICE ADMINISTRATION,Business,Office Administration,Y,1.00,0.00,0.00,1.00,ND,ND
200592,GRAND HEALTH ACADEMY CORPORATION,102244,"CIMT COLLEGE, HAMILTON",HAMILTON,L8V1B1,NACC EARLY CHILDHOOD ASSISTANT,Human Services,Early Childhood Assistant,Y,ND,SS,SS,SS,ND,ND
200592,GRAND HEALTH ACADEMY CORPORATION,102244,"CIMT COLLEGE, HAMILTON",HAMILTON,L8V1B1,PERSONAL SUPPORT WORKER,Health Services,Personal Support Worker/Personal Attendant,Y,0.83,0.82,0.59,0.84,ND,ND
200592,GRAND HEALTH ACADEMY CORPORATION,102245,"CIMT COLLEGE, TORONTO",TORONTO,M4W1L7,+,,,Y,0.75,0.50,0.33,0.86,ND,0.12
200592,GRAND HEALTH ACADEMY CORPORATION,102245,"CIMT COLLEGE, TORONTO",TORONTO,M4W1L7,DENTAL OFFICE ADMINISTRATION,Health Services,Dental Office Administration,Y,SS,ND,ND,ND,ND,ND
200592,GRAND HEALTH ACADEMY CORPORATION,102245,"CIMT COLLEGE, TORONTO",TORONTO,M4W1L7,FOOD SERVICE WORKER,Services,Customer Service/Retail Sales,Y,0.78,0.75,0.50,1.00,ND,ND
200592,GRAND HEALTH ACADEMY CORPORATION,102245,"CIMT COLLEGE, TORONTO",TORONTO,M4W1L7,MEDICAL OFFICE ADMINISTRATION WITH HEALTH UNIT COORDINATING,Health Services,Medical Office Administration/Management,Y,ND,ND,ND,SS,ND,ND
200592,GRAND HEALTH ACADEMY CORPORATION,102245,"CIMT COLLEGE, TORONTO",TORONTO,M4W1L7,MEDICAL OFFICE ADMINISTRATION,Business,Office Administration,Y,SS,SS,SS,SS,ND,ND
200592,GRAND HEALTH ACADEMY CORPORATION,102245,"CIMT COLLEGE, TORONTO",TORONTO,M4W1L7,PERSONAL SUPPORT WORKER (PART TIME),Health Services,Personal Support Worker/Personal Attendant,Y,SS,ND,ND,ND,ND,ND
200592,GRAND HEALTH ACADEMY CORPORATION,102245,"CIMT COLLEGE, TORONTO",TORONTO,M4W1L7,PERSONAL SUPPORT WORKER,Health Services,Personal Support Worker/Personal Attendant,Y,ND,SS,SS,SS,ND,ND
200594,GINA'S COLLEGE OF ADVANCED AESTHETICS CORPORATION,+,+,,,+,,,Y,0.93,0.91,0.88,0.74,ND,ND
200594,GINA'S COLLEGE OF ADVANCED AESTHETICS CORPORATION,102246,"GINA'S COLLEGE OF ADVANCED AESTHETICS CORPORATION, WATERLOO",WATERLOO,N2J3J2,+,,,Y,0.94,0.90,0.87,0.72,ND,0.04
200594,GINA'S COLLEGE OF ADVANCED AESTHETICS CORPORATION,102246,"GINA'S COLLEGE OF ADVANCED AESTHETICS CORPORATION, WATERLOO",WATERLOO,N2J3J2,ADVANCED AESTHETICS (DISTANCE EDUCATION),Human Services,Esthetics/Medical Esthetics,Y,SS,ND,ND,ND,ND,ND
200594,GINA'S COLLEGE OF ADVANCED AESTHETICS CORPORATION,102246,"GINA'S COLLEGE OF ADVANCED AESTHETICS CORPORATION, WATERLOO",WATERLOO,N2J3J2,ELECTROLYSIS AND LIGHT TECHNOLOGY,Human Services,Esthetics/Medical Esthetics,Y,SS,SS,SS,SS,ND,ND
200594,GINA'S COLLEGE OF ADVANCED AESTHETICS CORPORATION,102246,"GINA'S COLLEGE OF ADVANCED AESTHETICS CORPORATION, WATERLOO",WATERLOO,N2J3J2,HAIRSTYLIST,Service Trade,Hairstylist,Y,1.00,0.90,0.90,0.70,ND,ND
200594,GINA'S COLLEGE OF ADVANCED AESTHETICS CORPORATION,102246,"GINA'S COLLEGE OF ADVANCED AESTHETICS CORPORATION, WATERLOO",WATERLOO,N2J3J2,MEDICAL AESTHETICS,Human Services,Esthetics/Medical Esthetics,Y,0.97,0.95,0.90,0.71,ND,ND
200594,GINA'S COLLEGE OF ADVANCED AESTHETICS CORPORATION,102247,"GINA'S COLLEGE OF ADVANCED AESTHETICS CORPORATION, MISSISSAUGA",MISSISSAUGA,L4X2X6,+,,,Y,0.80,SS,SS,SS,ND,ND
200594,GINA'S COLLEGE OF ADVANCED AESTHETICS CORPORATION,102247,"GINA'S COLLEGE OF ADVANCED AESTHETICS CORPORATION, MISSISSAUGA",MISSISSAUGA,L4X2X6,ADVANCED AESTHETICS,Human Services,Esthetics/Medical Esthetics,Y,SS,ND,ND,ND,ND,ND
200594,GINA'S COLLEGE OF ADVANCED AESTHETICS CORPORATION,102247,"GINA'S COLLEGE OF ADVANCED AESTHETICS CORPORATION, MISSISSAUGA",MISSISSAUGA,L4X2X6,ELECTROLYSIS AND LIGHT TECHNOLOGY,Human Services,Esthetics/Medical Esthetics,Y,ND,ND,ND,ND,ND,ND
200594,GINA'S COLLEGE OF ADVANCED AESTHETICS CORPORATION,102247,"GINA'S COLLEGE OF ADVANCED AESTHETICS CORPORATION, MISSISSAUGA",MISSISSAUGA,L4X2X6,MEDICAL AESTHETICS,Human Services,Esthetics/Medical Esthetics,Y,SS,SS,SS,SS,ND,ND
200603,PROFUSION CULINARY ARTS INC.,+,+,,,+,,,Y,0.82,0.93,0.78,0.91,1.00,ND
200603,PROFUSION CULINARY ARTS INC.,102264,"LE CORDON BLEU OTTAWA CULINARY ARTS INSTITUTE, OTTAWA",OTTAWA,K1N6R4,+,,,Y,0.82,0.93,0.78,0.91,1.00,ND
200603,PROFUSION CULINARY ARTS INC.,102264,"LE CORDON BLEU OTTAWA CULINARY ARTS INSTITUTE, OTTAWA",OTTAWA,K1N6R4,BOULANGERIE DE BASE,Service Trade,Baker/Baker-Patisserie,Y,0.94,1.00,0.75,1.00,ND,ND
200603,PROFUSION CULINARY ARTS INC.,102264,"LE CORDON BLEU OTTAWA CULINARY ARTS INSTITUTE, OTTAWA",OTTAWA,K1N6R4,CUISINE DE BASE,Service Trade,Chef,Y,0.90,1.00,0.86,0.88,ND,ND
200603,PROFUSION CULINARY ARTS INC.,102264,"LE CORDON BLEU OTTAWA CULINARY ARTS INSTITUTE, OTTAWA",OTTAWA,K1N6R4,CUISINE INTERMEDIAIRE,Service Trade,Chef,Y,0.82,1.00,1.00,1.00,1.00,ND
200603,PROFUSION CULINARY ARTS INC.,102264,"LE CORDON BLEU OTTAWA CULINARY ARTS INSTITUTE, OTTAWA",OTTAWA,K1N6R4,DIPLOMA IN PLANT-BASED CULINARY ARTS,Service Trade,Chef,Y,ND,SS,SS,0.83,ND,ND
200603,PROFUSION CULINARY ARTS INC.,102264,"LE CORDON BLEU OTTAWA CULINARY ARTS INSTITUTE, OTTAWA",OTTAWA,K1N6R4,DIPLOME DE CUISINE,Service Trade,Chef,Y,0.78,0.83,0.83,1.00,ND,ND
200603,PROFUSION CULINARY ARTS INC.,102264,"LE CORDON BLEU OTTAWA CULINARY ARTS INSTITUTE, OTTAWA",OTTAWA,K1N6R4,DIPLOME DE PATISSERIE,Service Trade,Baker/Baker-Patisserie,Y,0.83,1.00,0.86,1.00,ND,ND
200603,PROFUSION CULINARY ARTS INC.,102264,"LE CORDON BLEU OTTAWA CULINARY ARTS INSTITUTE, OTTAWA",OTTAWA,K1N6R4,LE GRAND DIPLOME,Service Trade,Chef,Y,0.73,0.00,0.00,1.00,ND,ND
200603,PROFUSION CULINARY ARTS INC.,102264,"LE CORDON BLEU OTTAWA CULINARY ARTS INSTITUTE, OTTAWA",OTTAWA,K1N6R4,PATISSERIE DE BASE,Service Trade,Baker/Baker-Patisserie,Y,0.85,1.00,0.67,1.00,ND,ND
200603,PROFUSION CULINARY ARTS INC.,102264,"LE CORDON BLEU OTTAWA CULINARY ARTS INSTITUTE, OTTAWA",OTTAWA,K1N6R4,PATISSERIE INTERMEDIAIRE,Service Trade,Baker/Baker-Patisserie,Y,0.75,0.80,0.80,0.50,ND,ND
200604,1533043 ONTARIO LTD.,+,+,,,+,,,Y,1.00,0.88,0.67,0.85,1.00,ND
200604,1533043 ONTARIO LTD.,102266,"CANADIAN COLLEGE OF EDUCATORS, MISSISSAUGA",MISSISSAUGA,L4Y4G4,+,,,Y,1.00,0.88,0.67,0.85,1.00,ND
200604,1533043 ONTARIO LTD.,102266,"CANADIAN COLLEGE OF EDUCATORS, MISSISSAUGA",MISSISSAUGA,L4Y4G4,TESL DIPLOMA P/T,Human Services,Educator,Y,1.00,1.00,0.67,0.88,1.00,ND
200604,1533043 ONTARIO LTD.,102266,"CANADIAN COLLEGE OF EDUCATORS, MISSISSAUGA",MISSISSAUGA,L4Y4G4,TESL DIPLOMA,Human Services,Educator,Y,1.00,0.83,0.67,0.84,1.00,ND
200617,ONTARIO COLLEGE OF HEALTH & TECHNOLOGY INC.,+,+,,,+,,,Y,0.73,0.80,0.80,1.00,1.00,ND
200617,ONTARIO COLLEGE OF HEALTH & TECHNOLOGY INC.,102284,"ONTARIO COLLEGE OF HEALTH & TECHNOLOGY INC., STONEY CREEK",STONEY CREEK,L8E5C8,+,,,Y,0.73,0.80,0.80,1.00,1.00,0.03
200617,ONTARIO COLLEGE OF HEALTH & TECHNOLOGY INC.,102284,"ONTARIO COLLEGE OF HEALTH & TECHNOLOGY INC., STONEY CREEK",STONEY CREEK,L8E5C8,MASSAGE THERAPY,Health Services,Massage Therapist,Y,0.90,0.80,0.80,1.00,1.00,ND
200617,ONTARIO COLLEGE OF HEALTH & TECHNOLOGY INC.,102284,"ONTARIO COLLEGE OF HEALTH & TECHNOLOGY INC., STONEY CREEK",STONEY CREEK,L8E5C8,PRIMARY CARE PARAMEDIC,Health Services,Paramedic,Y,0.66,ND,ND,ND,ND,ND
200619,CANADIAN ACADEMY OF DENTAL HYGIENE INC.,+,+,,,+,,,Y,0.86,0.83,0.75,0.65,1.00,ND
200619,CANADIAN ACADEMY OF DENTAL HYGIENE INC.,102286,"THE CANADIAN ACADEMY OF DENTAL HEALTH & COMMUNITY SCIENCES, MISSISSAUGA",MISSISSAUGA,L5G4S1,+,,,Y,0.86,0.83,0.75,0.65,1.00,0.04
200619,CANADIAN ACADEMY OF DENTAL HYGIENE INC.,102286,"THE CANADIAN ACADEMY OF DENTAL HEALTH & COMMUNITY SCIENCES, MISSISSAUGA",MISSISSAUGA,L5G4S1,DENTAL HYGIENE,Health Services,Dental Hygienist,Y,0.84,0.81,0.75,0.67,1.00,ND
200619,CANADIAN ACADEMY OF DENTAL HYGIENE INC.,102286,"THE CANADIAN ACADEMY OF DENTAL HEALTH & COMMUNITY SCIENCES, MISSISSAUGA",MISSISSAUGA,L5G4S1,INTRA-ORAL DENTAL ASSISTANT,Health Services,Office/Clerical/Administration - Dental/Medical,Y,0.92,0.88,0.75,0.60,1.00,ND
200642,1195110 ONTARIO INC.,+,+,,,+,,,Y,0.78,0.92,0.88,1.00,1.00,ND
200642,1195110 ONTARIO INC.,101232,"HAMILTON INSTITUTE FOR HEALTH PERSONNEL, HAMILTON",HAMILTON,L8P1H1,+,,,Y,0.78,0.92,0.88,1.00,1.00,ND
200642,1195110 ONTARIO INC.,101232,"HAMILTON INSTITUTE FOR HEALTH PERSONNEL, HAMILTON",HAMILTON,L8P1H1,NACC PERSONAL SUPPORT WORKER DE 2022,Health Services,Personal Support Worker/Personal Attendant,Y,ND,SS,SS,SS,ND,ND
200642,1195110 ONTARIO INC.,101232,"HAMILTON INSTITUTE FOR HEALTH PERSONNEL, HAMILTON",HAMILTON,L8P1H1,NACC PSW 2015 & BUSINESS COURSES,Health Services,Personal Support Worker/Personal Attendant,Y,SS,0.80,0.60,1.00,ND,ND
200642,1195110 ONTARIO INC.,101232,"HAMILTON INSTITUTE FOR HEALTH PERSONNEL, HAMILTON",HAMILTON,L8P1H1,NACC PSW 2015 (P/T),Health Services,Personal Support Worker/Personal Attendant,Y,SS,SS,SS,SS,ND,ND
200642,1195110 ONTARIO INC.,101232,"HAMILTON INSTITUTE FOR HEALTH PERSONNEL, HAMILTON",HAMILTON,L8P1H1,NACC PSW 2015,Health Services,Personal Support Worker/Personal Attendant,Y,0.76,0.94,0.94,1.00,1.00,ND
200642,1195110 ONTARIO INC.,101232,"HAMILTON INSTITUTE FOR HEALTH PERSONNEL, HAMILTON",HAMILTON,L8P1H1,PERSONAL SUPPORT WORKER BRIDGING (FT),Health Services,Personal Support Worker/Personal Attendant,Y,SS,ND,ND,ND,ND,ND
200650,VOILA ACADEMY OF HAIR DESIGN INC.,+,+,,,+,,,Y,0.81,0.90,0.90,0.80,1.00,ND
200650,VOILA ACADEMY OF HAIR DESIGN INC.,101259,"VOILA INSTITUTE SCHOOL OF HAIR DESIGN, CMPS-101259",WATERLOO,N2J1R3,+,,,Y,0.81,0.90,0.90,0.80,1.00,0.04
200650,VOILA ACADEMY OF HAIR DESIGN INC.,101259,"VOILA INSTITUTE SCHOOL OF HAIR DESIGN, CMPS-101259",WATERLOO,N2J1R3,HAIRSTYLING,Service Trade,Hairstylist,Y,0.81,0.90,0.90,0.80,1.00,ND
200655,BELLEVILLE TRAINING INC.,+,+,,,+,,,Y,0.68,0.81,0.56,0.81,1.00,ND
200655,BELLEVILLE TRAINING INC.,101300,"ACADEMY OF LEARNING CAREER AND BUSINESS COLLEGE, BELLEVILLE",BELLEVILLE,K8P3Z3,+,,,Y,0.68,0.81,0.56,0.81,1.00,ND
200655,BELLEVILLE TRAINING INC.,101300,"ACADEMY OF LEARNING CAREER AND BUSINESS COLLEGE, BELLEVILLE",BELLEVILLE,K8P3Z3,ACCOUNTING AND PAYROLL ADMINISTRATOR,Business,Accounting,Y,SS,ND,ND,ND,ND,ND
200655,BELLEVILLE TRAINING INC.,101300,"ACADEMY OF LEARNING CAREER AND BUSINESS COLLEGE, BELLEVILLE",BELLEVILLE,K8P3Z3,ADMINISTRATIVE ASSISTANT,Business,Office Administration,Y,ND,ND,ND,ND,ND,ND
200655,BELLEVILLE TRAINING INC.,101300,"ACADEMY OF LEARNING CAREER AND BUSINESS COLLEGE, BELLEVILLE",BELLEVILLE,K8P3Z3,BUSINESS ACCOUNTING (PART-TIME),Business,Accounting,Y,SS,ND,ND,ND,ND,ND
200655,BELLEVILLE TRAINING INC.,101300,"ACADEMY OF LEARNING CAREER AND BUSINESS COLLEGE, BELLEVILLE",BELLEVILLE,K8P3Z3,BUSINESS ACCOUNTING,Business,Accounting,Y,SS,SS,SS,SS,1.00,ND
200655,BELLEVILLE TRAINING INC.,101300,"ACADEMY OF LEARNING CAREER AND BUSINESS COLLEGE, BELLEVILLE",BELLEVILLE,K8P3Z3,BUSINESS ADMINISTRATION DIPLOMA (PART-TIME),Business,Office Administration,Y,ND,ND,ND,ND,ND,ND
200655,BELLEVILLE TRAINING INC.,101300,"ACADEMY OF LEARNING CAREER AND BUSINESS COLLEGE, BELLEVILLE",BELLEVILLE,K8P3Z3,BUSINESS ADMINISTRATION DIPLOMA,Business,Office Administration,Y,0.60,SS,SS,SS,ND,ND
200655,BELLEVILLE TRAINING INC.,101300,"ACADEMY OF LEARNING CAREER AND BUSINESS COLLEGE, BELLEVILLE",BELLEVILLE,K8P3Z3,BUSINESS OFFICE ADMINISTRATION,Business,Business Administration,Y,ND,ND,ND,ND,ND,ND
200655,BELLEVILLE TRAINING INC.,101300,"ACADEMY OF LEARNING CAREER AND BUSINESS COLLEGE, BELLEVILLE",BELLEVILLE,K8P3Z3,BUSINESS OFFICE SKILLS,Business,Office Administration,Y,SS,SS,SS,SS,ND,ND
200655,BELLEVILLE TRAINING INC.,101300,"ACADEMY OF LEARNING CAREER AND BUSINESS COLLEGE, BELLEVILLE",BELLEVILLE,K8P3Z3,COMMUNITY SERVICE WORKER VIRTUAL LEARNING,Community and Social Services,Community Services Worker,Y,SS,SS,SS,SS,ND,ND
200655,BELLEVILLE TRAINING INC.,101300,"ACADEMY OF LEARNING CAREER AND BUSINESS COLLEGE, BELLEVILLE",BELLEVILLE,K8P3Z3,COMPUTER SERVICE TECHNICIAN,Computer and Information Technology,Information Technology,Y,SS,ND,ND,ND,ND,ND
200655,BELLEVILLE TRAINING INC.,101300,"ACADEMY OF LEARNING CAREER AND BUSINESS COLLEGE, BELLEVILLE",BELLEVILLE,K8P3Z3,INTERNATIONAL HOSPITALITY MANAGEMENT,Business,Hospitality Administration/Management,Y,ND,SS,SS,SS,ND,ND
200655,BELLEVILLE TRAINING INC.,101300,"ACADEMY OF LEARNING CAREER AND BUSINESS COLLEGE, BELLEVILLE",BELLEVILLE,K8P3Z3,MEDICAL OFFICE ADMINISTRATION (PART-TIME),Health Services,Medical Office Administration/Management,Y,ND,SS,SS,SS,ND,ND
200655,BELLEVILLE TRAINING INC.,101300,"ACADEMY OF LEARNING CAREER AND BUSINESS COLLEGE, BELLEVILLE",BELLEVILLE,K8P3Z3,MEDICAL OFFICE ADMINISTRATION,Health Services,Medical Office Administration/Management,Y,SS,SS,SS,SS,ND,ND
200655,BELLEVILLE TRAINING INC.,101300,"ACADEMY OF LEARNING CAREER AND BUSINESS COLLEGE, BELLEVILLE",BELLEVILLE,K8P3Z3,MEDICAL OFFICE ASSISTANT VIRTUAL LEARNING,Health Services,Medical Office Administration/Management,Y,SS,ND,ND,ND,ND,ND
200655,BELLEVILLE TRAINING INC.,101300,"ACADEMY OF LEARNING CAREER AND BUSINESS COLLEGE, BELLEVILLE",BELLEVILLE,K8P3Z3,MEDICAL OFFICE ASSISTANT WITH HEALTH UNIT COORDINATOR SPECIALTY VIRTUAL LEARNING,Health Services,Medical Office Administration/Management,Y,ND,ND,ND,ND,ND,ND
200655,BELLEVILLE TRAINING INC.,101300,"ACADEMY OF LEARNING CAREER AND BUSINESS COLLEGE, BELLEVILLE",BELLEVILLE,K8P3Z3,MEDICAL RECEPTIONIST,Health Services,Medical Office Administration/Management,Y,SS,SS,SS,SS,ND,ND
200655,BELLEVILLE TRAINING INC.,101300,"ACADEMY OF LEARNING CAREER AND BUSINESS COLLEGE, BELLEVILLE",BELLEVILLE,K8P3Z3,MEDICAL SECRETARY,Health Services,Medical Office Administration/Management,Y,SS,ND,ND,ND,ND,ND
200655,BELLEVILLE TRAINING INC.,101300,"ACADEMY OF LEARNING CAREER AND BUSINESS COLLEGE, BELLEVILLE",BELLEVILLE,K8P3Z3,NETWORK ADMINISTRATOR,Computer and Information Technology,Information Technology,Y,ND,ND,ND,ND,ND,ND
200655,BELLEVILLE TRAINING INC.,101300,"ACADEMY OF LEARNING CAREER AND BUSINESS COLLEGE, BELLEVILLE",BELLEVILLE,K8P3Z3,OFFICE ADMINISTRATION,Business,Office Administration,Y,SS,ND,ND,ND,ND,ND
200655,BELLEVILLE TRAINING INC.,101300,"ACADEMY OF LEARNING CAREER AND BUSINESS COLLEGE, BELLEVILLE",BELLEVILLE,K8P3Z3,PC SUPPORT SPECIALIST,Computer and Information Technology,Information Technology,Y,SS,ND,ND,ND,ND,ND
200655,BELLEVILLE TRAINING INC.,101300,"ACADEMY OF LEARNING CAREER AND BUSINESS COLLEGE, BELLEVILLE",BELLEVILLE,K8P3Z3,SALES PROFESSIONAL,Services,Customer Service/Retail Sales,Y,SS,ND,ND,ND,ND,ND
200655,BELLEVILLE TRAINING INC.,101300,"ACADEMY OF LEARNING CAREER AND BUSINESS COLLEGE, BELLEVILLE",BELLEVILLE,K8P3Z3,WEB DESIGNER,Computer and Information Technology,Information Technology,Y,SS,ND,ND,ND,ND,ND
200669,SUTHERLAND-CHAN SCHOOLS INC.,+,+,,,+,,,Y,0.69,0.88,0.83,0.98,ND,ND
200669,SUTHERLAND-CHAN SCHOOLS INC.,101343,"SUTHERLAND-CHAN SCHOOL AND TEACHING CLINIC, TORONTO",TORONTO,M3C1Y8,+,,,Y,0.69,0.88,0.83,0.98,ND,0.01
200669,SUTHERLAND-CHAN SCHOOLS INC.,101343,"SUTHERLAND-CHAN SCHOOL AND TEACHING CLINIC, TORONTO",TORONTO,M3C1Y8,MASSAGE THERAPY,Health Services,Massage Therapist,Y,0.69,0.88,0.83,0.98,ND,ND
200670,BRAMPTON SKIN CARE ACADEMY INC.,+,+,,,+,,,Y,0.45,0.00,0.00,1.00,ND,ND
200670,BRAMPTON SKIN CARE ACADEMY INC.,101348,"EDGE COLLEGE OF VOCATIONAL STUDIES, BRAMPTON",BRAMPTON,L6W3P6,+,,,Y,0.45,0.00,0.00,1.00,ND,ND
200670,BRAMPTON SKIN CARE ACADEMY INC.,101348,"EDGE COLLEGE OF VOCATIONAL STUDIES, BRAMPTON",BRAMPTON,L6W3P6,ADVANCED AESTHETICS,Human Services,Esthetics/Medical Esthetics,Y,0.42,ND,ND,ND,ND,ND
200670,BRAMPTON SKIN CARE ACADEMY INC.,101348,"EDGE COLLEGE OF VOCATIONAL STUDIES, BRAMPTON",BRAMPTON,L6W3P6,HAIRSTYLING,Service Trade,Hairstylist,Y,0.50,SS,SS,SS,ND,ND
200674,2126033 ONTARIO LTD.,+,+,,,+,,,Y,0.95,0.44,0.29,0.93,ND,ND
200674,2126033 ONTARIO LTD.,101360,"TAHA COLLEGE OF BEAUTY, BUSINESS, HEALTH & TECHNOLOGY, TORONTO",TORONTO,M1B5V6,+,,,Y,0.95,0.44,0.29,0.93,ND,0.05
200674,2126033 ONTARIO LTD.,101360,"TAHA COLLEGE OF BEAUTY, BUSINESS, HEALTH & TECHNOLOGY, TORONTO",TORONTO,M1B5V6,"ACCOUNTING, PAYROLL, BUSINESS & TAX",Business,Accounting and Payroll Administration,Y,ND,0.17,0.00,0.75,ND,ND
200674,2126033 ONTARIO LTD.,101360,"TAHA COLLEGE OF BEAUTY, BUSINESS, HEALTH & TECHNOLOGY, TORONTO",TORONTO,M1B5V6,HAIRSTYLING (39 WEEKS)*,Service Trade,Hairstylist,Y,SS,See combined program results below,See combined program results below,See combined program results below,See combined program results below,ND
200674,2126033 ONTARIO LTD.,101360,"TAHA COLLEGE OF BEAUTY, BUSINESS, HEALTH & TECHNOLOGY, TORONTO",TORONTO,M1B5V6,HAIRSTYLING (63 WEEKS)*,Service Trade,Hairstylist,Y,1.00,See combined program results below,See combined program results below,See combined program results below,See combined program results below,ND
200674,2126033 ONTARIO LTD.,101360,"TAHA COLLEGE OF BEAUTY, BUSINESS, HEALTH & TECHNOLOGY, TORONTO",TORONTO,M1B5V6,HAIRSTYLING (COMBINED 39 WEEKS AND 63 WEEKS)**,Service Trade,Hairstylist,Y,See program results above,0.50,0.50,1.00,ND,See program results above
200674,2126033 ONTARIO LTD.,101360,"TAHA COLLEGE OF BEAUTY, BUSINESS, HEALTH & TECHNOLOGY, TORONTO",TORONTO,M1B5V6,MEDICAL AESTHETICS,Human Services,Esthetics/Medical Esthetics,Y,0.95,1.00,1.00,1.00,ND,ND
200674,2126033 ONTARIO LTD.,101360,"TAHA COLLEGE OF BEAUTY, BUSINESS, HEALTH & TECHNOLOGY, TORONTO",TORONTO,M1B5V6,NACC PSW 2015,Health Services,Personal Support Worker/Personal Attendant,Y,0.77,1.00,0.75,1.00,ND,ND
200674,2126033 ONTARIO LTD.,101360,"TAHA COLLEGE OF BEAUTY, BUSINESS, HEALTH & TECHNOLOGY, TORONTO",TORONTO,M1B5V6,OFFICE ADMINISTRATION ASSISTANT (34 WEEKS)*,Business,Office Administration,Y,1.00,See combined program results below,See combined program results below,See combined program results below,See combined program results below,ND
200674,2126033 ONTARIO LTD.,101360,"TAHA COLLEGE OF BEAUTY, BUSINESS, HEALTH & TECHNOLOGY, TORONTO",TORONTO,M1B5V6,OFFICE ADMINISTRATION ASSISTANT (38 WEEKS)*,Business,Office Administration,Y,SS,See combined program results below,See combined program results below,See combined program results below,See combined program results below,ND
200674,2126033 ONTARIO LTD.,101360,"TAHA COLLEGE OF BEAUTY, BUSINESS, HEALTH & TECHNOLOGY, TORONTO",TORONTO,M1B5V6,OFFICE ADMINISTRATION ASSISTANT (40 WEEKS)*,Business,Office Administration,Y,1.00,See combined program results below,See combined program results below,See combined program results below,See combined program results below,ND
200674,2126033 ONTARIO LTD.,101360,"TAHA COLLEGE OF BEAUTY, BUSINESS, HEALTH & TECHNOLOGY, TORONTO",TORONTO,M1B5V6,OFFICE ADMINISTRATION ASSISTANT (COMBINED 34 WEEKS AND 38 WEEKS AND 40 WEEKS)**,Business,Office Administration,Y,See program results above,0.31,0.13,0.95,ND,See program results above
200705,1317911 ONTARIO INC.,+,+,,,+,,,Y,0.95,0.83,0.57,0.71,1.00,ND
200705,1317911 ONTARIO INC.,101467,"ONTARIO TRUCK TRAINING ACADEMY, OSHAWA",OSHAWA,L1H3V6,+,,,Y,1.00,0.79,0.57,0.67,1.00,ND
200705,1317911 ONTARIO INC.,101467,"ONTARIO TRUCK TRAINING ACADEMY, OSHAWA",OSHAWA,L1H3V6,AZ PROGRAM,Tractor-Trailer / Driver Licensing,AZ Class Truck Driver,Y,1.00,0.75,0.50,0.62,1.00,ND
200705,1317911 ONTARIO INC.,101467,"ONTARIO TRUCK TRAINING ACADEMY, OSHAWA",OSHAWA,L1H3V6,TRACTOR-TRAILER MELT,Tractor-Trailer / Driver Licensing,A Class Truck Driver,Y,SS,SS,SS,SS,ND,ND
200705,1317911 ONTARIO INC.,102427,"ONTARIO TRUCK TRAINING ACADEMY, PETERBOROUGH",PETERBOROUGH,K9J6X9,+,,,Y,1.00,0.86,0.71,0.71,ND,ND
200705,1317911 ONTARIO INC.,102427,"ONTARIO TRUCK TRAINING ACADEMY, PETERBOROUGH",PETERBOROUGH,K9J6X9,AZ PROGRAM,Tractor-Trailer / Driver Licensing,AZ Class Truck Driver,Y,1.00,1.00,0.83,0.83,ND,ND
200705,1317911 ONTARIO INC.,102427,"ONTARIO TRUCK TRAINING ACADEMY, PETERBOROUGH",PETERBOROUGH,K9J6X9,TRACTOR-TRAILER MELT,Tractor-Trailer / Driver Licensing,A Class Truck Driver,Y,SS,SS,SS,SS,ND,ND
200705,1317911 ONTARIO INC.,127396,"ONTARIO TRUCK TRAINING ACADEMY, MISSISSAUGA",MISSISSAUGA,L5T2B7,+,,,Y,SS,SS,SS,SS,ND,ND
200705,1317911 ONTARIO INC.,127396,"ONTARIO TRUCK TRAINING ACADEMY, MISSISSAUGA",MISSISSAUGA,L5T2B7,AZ PROGRAM,Tractor-Trailer / Driver Licensing,AZ Class Truck Driver,Y,SS,SS,SS,SS,ND,ND
200705,1317911 ONTARIO INC.,193617,"ONTARIO TRUCK TRAINING ACADEMY, KINGSTON",KINGSTON,K7P0K4,+,,,Y,SS,SS,SS,SS,ND,ND
200705,1317911 ONTARIO INC.,193617,"ONTARIO TRUCK TRAINING ACADEMY, KINGSTON",KINGSTON,K7P0K4,AZ PROGRAM,Tractor-Trailer / Driver Licensing,AZ Class Truck Driver,Y,SS,SS,SS,SS,ND,ND
200709,A1-GLOBAL HEALTH & BUSINESS COLLEGE INC.,+,+,,,+,,,Y,0.38,0.94,0.74,0.95,ND,ND
200709,A1-GLOBAL HEALTH & BUSINESS COLLEGE INC.,101480,"A1-GLOBAL COLLEGE OF HEALTH, BUSINESS & TECHNOLOGY, MISSISSAUGA/DREW RD.",MISSISSAUGA,L4T0A5,+,,,Y,0.38,0.94,0.74,0.95,ND,ND
200709,A1-GLOBAL HEALTH & BUSINESS COLLEGE INC.,101480,"A1-GLOBAL COLLEGE OF HEALTH, BUSINESS & TECHNOLOGY, MISSISSAUGA/DREW RD.",MISSISSAUGA,L4T0A5,BUSINESS MANAGEMENT,Business,Business Administration,Y,SS,ND,ND,ND,ND,ND
200709,A1-GLOBAL HEALTH & BUSINESS COLLEGE INC.,101480,"A1-GLOBAL COLLEGE OF HEALTH, BUSINESS & TECHNOLOGY, MISSISSAUGA/DREW RD.",MISSISSAUGA,L4T0A5,COMPUTERIZED ACCOUNTING,Business,Accounting,Y,ND,SS,SS,1.00,ND,ND
200709,A1-GLOBAL HEALTH & BUSINESS COLLEGE INC.,101480,"A1-GLOBAL COLLEGE OF HEALTH, BUSINESS & TECHNOLOGY, MISSISSAUGA/DREW RD.",MISSISSAUGA,L4T0A5,FOOD SERVICE WORKER (PART-TIME),Services,Customer Service/Retail Sales,Y,0.22,SS,SS,SS,ND,ND
200709,A1-GLOBAL HEALTH & BUSINESS COLLEGE INC.,101480,"A1-GLOBAL COLLEGE OF HEALTH, BUSINESS & TECHNOLOGY, MISSISSAUGA/DREW RD.",MISSISSAUGA,L4T0A5,NACC PERSONAL SUPPORT WORKER DE,Health Services,Personal Support Worker/Personal Attendant,Y,ND,0.88,0.88,1.00,ND,ND
200709,A1-GLOBAL HEALTH & BUSINESS COLLEGE INC.,101480,"A1-GLOBAL COLLEGE OF HEALTH, BUSINESS & TECHNOLOGY, MISSISSAUGA/DREW RD.",MISSISSAUGA,L4T0A5,NACC PSW 2015 (P/T),Health Services,Personal Support Worker/Personal Attendant,Y,0.73,ND,ND,ND,ND,ND
200709,A1-GLOBAL HEALTH & BUSINESS COLLEGE INC.,101480,"A1-GLOBAL COLLEGE OF HEALTH, BUSINESS & TECHNOLOGY, MISSISSAUGA/DREW RD.",MISSISSAUGA,L4T0A5,NACC PSW 2015,Health Services,Personal Support Worker/Personal Attendant,Y,0.37,1.00,0.75,0.88,ND,ND
200723,CTS CANADIAN CAREER COLLEGE INC.,+,+,,,+,,,Y,0.70,0.82,0.65,0.68,0.73,ND
200723,CTS CANADIAN CAREER COLLEGE INC.,101523,"CTS CANADIAN CAREER COLLEGE INC., SEYMOUR - NORTH BAY",NORTH BAY,P1B8G4,+,,,Y,0.74,0.72,0.57,0.73,1.00,0.15
200723,CTS CANADIAN CAREER COLLEGE INC.,101523,"CTS CANADIAN CAREER COLLEGE INC., SEYMOUR - NORTH BAY",NORTH BAY,P1B8G4,ACCOUNTING AND PAYROLL ADMINISTRATOR (NO PLACEMENT),Business,Accounting and Payroll Administration,Y,ND,ND,ND,ND,ND,ND
200723,CTS CANADIAN CAREER COLLEGE INC.,101523,"CTS CANADIAN CAREER COLLEGE INC., SEYMOUR - NORTH BAY",NORTH BAY,P1B8G4,ACCOUNTING AND PAYROLL ADMINISTRATOR,Business,Office Administration,Y,0.67,1.00,1.00,0.50,ND,ND
200723,CTS CANADIAN CAREER COLLEGE INC.,101523,"CTS CANADIAN CAREER COLLEGE INC., SEYMOUR - NORTH BAY",NORTH BAY,P1B8G4,ADDICTIONS AND MENTAL HEALTH WORKER,Community and Social Services,Community Services Worker,Y,0.79,1.00,0.80,0.80,ND,ND
200723,CTS CANADIAN CAREER COLLEGE INC.,101523,"CTS CANADIAN CAREER COLLEGE INC., SEYMOUR - NORTH BAY",NORTH BAY,P1B8G4,BREWING TECHNICIAN (DISTANCE EDUCATION),Services,Other - Services,Y,0.83,0.67,0.33,0.75,1.00,ND
200723,CTS CANADIAN CAREER COLLEGE INC.,101523,"CTS CANADIAN CAREER COLLEGE INC., SEYMOUR - NORTH BAY",NORTH BAY,P1B8G4,BUSINESS MANAGEMENT,Business,Business Management,Y,0.63,0.50,0.25,0.60,ND,ND
200723,CTS CANADIAN CAREER COLLEGE INC.,101523,"CTS CANADIAN CAREER COLLEGE INC., SEYMOUR - NORTH BAY",NORTH BAY,P1B8G4,DEVELOPMENTAL SERVICE WORKER,Community and Social Services,Community Services Worker,Y,1.00,1.00,1.00,0.50,ND,ND
200723,CTS CANADIAN CAREER COLLEGE INC.,101523,"CTS CANADIAN CAREER COLLEGE INC., SEYMOUR - NORTH BAY",NORTH BAY,P1B8G4,DIETARY FOOD SERVICE WORKER,Health Services,Other - Health Services,Y,SS,ND,ND,ND,ND,ND
200723,CTS CANADIAN CAREER COLLEGE INC.,101523,"CTS CANADIAN CAREER COLLEGE INC., SEYMOUR - NORTH BAY",NORTH BAY,P1B8G4,FIRE SAFETY TECHNICIAN,Service Trade,Other- Service Trade,Y,0.71,1.00,1.00,0.50,ND,ND
200723,CTS CANADIAN CAREER COLLEGE INC.,101523,"CTS CANADIAN CAREER COLLEGE INC., SEYMOUR - NORTH BAY",NORTH BAY,P1B8G4,LAW CLERK (INCL. PLACEMENT),Law and Public Safety,Law Clerk,Y,SS,ND,ND,ND,ND,ND
200723,CTS CANADIAN CAREER COLLEGE INC.,101523,"CTS CANADIAN CAREER COLLEGE INC., SEYMOUR - NORTH BAY",NORTH BAY,P1B8G4,MASSAGE THERAPY,Health Services,Massage Therapist,Y,ND,ND,ND,ND,ND,ND
200723,CTS CANADIAN CAREER COLLEGE INC.,101523,"CTS CANADIAN CAREER COLLEGE INC., SEYMOUR - NORTH BAY",NORTH BAY,P1B8G4,MEDICAL LABORATORY ASSISTANT/TECHNICIAN,Health Services,Medical Laboratory Technician,Y,SS,SS,SS,SS,ND,ND
200723,CTS CANADIAN CAREER COLLEGE INC.,101523,"CTS CANADIAN CAREER COLLEGE INC., SEYMOUR - NORTH BAY",NORTH BAY,P1B8G4,MEDICAL OFFICE ADMINISTRATOR WITH PLACEMENT,Business,Office Administration,Y,0.82,1.00,1.00,1.00,ND,ND
200723,CTS CANADIAN CAREER COLLEGE INC.,101523,"CTS CANADIAN CAREER COLLEGE INC., SEYMOUR - NORTH BAY",NORTH BAY,P1B8G4,NACC PSW 2015,Health Services,Personal Support Worker/Personal Attendant,Y,0.74,0.68,0.60,0.90,ND,ND
200723,CTS CANADIAN CAREER COLLEGE INC.,101523,"CTS CANADIAN CAREER COLLEGE INC., SEYMOUR - NORTH BAY",NORTH BAY,P1B8G4,OFFICE ADMINISTRATOR WITH PLACEMENT,Business,Office Administration,Y,1.00,0.33,0.33,1.00,ND,ND
200723,CTS CANADIAN CAREER COLLEGE INC.,101523,"CTS CANADIAN CAREER COLLEGE INC., SEYMOUR - NORTH BAY",NORTH BAY,P1B8G4,PARAMEDIC,Health Services,Paramedic,Y,0.58,0.67,0.42,0.42,ND,ND
200723,CTS CANADIAN CAREER COLLEGE INC.,101523,"CTS CANADIAN CAREER COLLEGE INC., SEYMOUR - NORTH BAY",NORTH BAY,P1B8G4,PHARMACY TECHNICIAN (DISTANCE EDUCATION),Health Services,Pharmaceutical Technology,Y,0.77,1.00,1.00,0.00,ND,ND
200723,CTS CANADIAN CAREER COLLEGE INC.,101523,"CTS CANADIAN CAREER COLLEGE INC., SEYMOUR - NORTH BAY",NORTH BAY,P1B8G4,POLICE FOUNDATIONS,Law and Public Safety,Law Enforcement/Police Foundations,Y,0.60,0.67,0.33,1.00,ND,ND
200723,CTS CANADIAN CAREER COLLEGE INC.,101524,"CTS CANADIAN CAREER COLLEGE INC., SUDBURY",SUDBURY,P3C1R8,+,,,Y,0.72,0.78,0.57,0.74,1.00,0.16
200723,CTS CANADIAN CAREER COLLEGE INC.,101524,"CTS CANADIAN CAREER COLLEGE INC., SUDBURY",SUDBURY,P3C1R8,ACCOUNTING AND PAYROLL ADMINISTRATOR,Business,Accounting and Payroll Administration,Y,0.50,ND,ND,ND,ND,ND
200723,CTS CANADIAN CAREER COLLEGE INC.,101524,"CTS CANADIAN CAREER COLLEGE INC., SUDBURY",SUDBURY,P3C1R8,ADDICTIONS AND MENTAL HEALTH WORKER NO PLACEMENT,Community and Social Services,Community Services Worker,Y,ND,SS,SS,SS,1.00,ND
200723,CTS CANADIAN CAREER COLLEGE INC.,101524,"CTS CANADIAN CAREER COLLEGE INC., SUDBURY",SUDBURY,P3C1R8,ADDICTIONS AND MENTAL HEALTH WORKER,Community and Social Services,Community Services Worker,Y,0.76,0.67,0.67,0.75,ND,ND
200723,CTS CANADIAN CAREER COLLEGE INC.,101524,"CTS CANADIAN CAREER COLLEGE INC., SUDBURY",SUDBURY,P3C1R8,BUSINESS MANAGEMENT (WITH PLACEMENT),Business,Office Administration,Y,0.67,SS,SS,SS,ND,ND
200723,CTS CANADIAN CAREER COLLEGE INC.,101524,"CTS CANADIAN CAREER COLLEGE INC., SUDBURY",SUDBURY,P3C1R8,DEVELOPMENTAL SERVICE WORKER,Community and Social Services,Community Services Worker,Y,0.87,1.00,1.00,0.50,ND,ND
200723,CTS CANADIAN CAREER COLLEGE INC.,101524,"CTS CANADIAN CAREER COLLEGE INC., SUDBURY",SUDBURY,P3C1R8,DIETARY FOOD SERVICE WORKER,Health Services,Other - Health Services,Y,SS,SS,SS,SS,ND,ND
200723,CTS CANADIAN CAREER COLLEGE INC.,101524,"CTS CANADIAN CAREER COLLEGE INC., SUDBURY",SUDBURY,P3C1R8,FIRE SAFETY TECHNICIAN,Service Trade,Other- Service Trade,Y,0.80,SS,SS,ND,ND,ND
200723,CTS CANADIAN CAREER COLLEGE INC.,101524,"CTS CANADIAN CAREER COLLEGE INC., SUDBURY",SUDBURY,P3C1R8,LAW CLERK (INCL. PLACEMENT),Law and Public Safety,Legal Office Administration,Y,SS,SS,SS,SS,ND,ND
200723,CTS CANADIAN CAREER COLLEGE INC.,101524,"CTS CANADIAN CAREER COLLEGE INC., SUDBURY",SUDBURY,P3C1R8,MEDICAL LABORATORY ASSISTANT/TECHNICIAN,Health Services,Medical Laboratory Technician,Y,0.71,1.00,0.67,0.33,ND,ND
200723,CTS CANADIAN CAREER COLLEGE INC.,101524,"CTS CANADIAN CAREER COLLEGE INC., SUDBURY",SUDBURY,P3C1R8,MEDICAL OFFICE ADMINISTRATOR WITH PLACEMENT,Business,Office Administration,Y,0.83,0.25,0.25,0.40,1.00,ND
200723,CTS CANADIAN CAREER COLLEGE INC.,101524,"CTS CANADIAN CAREER COLLEGE INC., SUDBURY",SUDBURY,P3C1R8,NACC PSW 2015,Health Services,Personal Support Worker/Personal Attendant,Y,0.69,0.81,0.75,0.88,ND,ND
200723,CTS CANADIAN CAREER COLLEGE INC.,101524,"CTS CANADIAN CAREER COLLEGE INC., SUDBURY",SUDBURY,P3C1R8,OFFICE ADMINISTRATOR WITH PLACEMENT,Business,Office Administration,Y,0.79,0.75,0.25,0.60,ND,ND
200723,CTS CANADIAN CAREER COLLEGE INC.,101524,"CTS CANADIAN CAREER COLLEGE INC., SUDBURY",SUDBURY,P3C1R8,OFFICE ADMINISTRATOR,Business,Office Administration,Y,SS,ND,ND,ND,ND,ND
200723,CTS CANADIAN CAREER COLLEGE INC.,101524,"CTS CANADIAN CAREER COLLEGE INC., SUDBURY",SUDBURY,P3C1R8,PARALEGAL,Law and Public Safety,Paralegal,Y,0.67,0.88,0.13,0.60,ND,ND
200723,CTS CANADIAN CAREER COLLEGE INC.,101524,"CTS CANADIAN CAREER COLLEGE INC., SUDBURY",SUDBURY,P3C1R8,PARAMEDIC,Health Services,Paramedic,Y,0.77,1.00,1.00,1.00,ND,ND
200723,CTS CANADIAN CAREER COLLEGE INC.,102122,"CTS CANADIAN CAREER COLLEGE INC., BARRIE",BARRIE,L4N9P6,+,,,Y,0.64,0.86,0.67,0.66,0.67,0.10
200723,CTS CANADIAN CAREER COLLEGE INC.,102122,"CTS CANADIAN CAREER COLLEGE INC., BARRIE",BARRIE,L4N9P6,ACCOUNTING AND PAYROLL ADMINISTRATOR,Business,Office Administration,Y,0.62,0.50,0.00,0.00,ND,ND
200723,CTS CANADIAN CAREER COLLEGE INC.,102122,"CTS CANADIAN CAREER COLLEGE INC., BARRIE",BARRIE,L4N9P6,ADDICTIONS AND MENTAL HEALTH WORKER NO PLACEMENT,Community and Social Services,Community Services Worker,Y,SS,SS,SS,SS,ND,ND
200723,CTS CANADIAN CAREER COLLEGE INC.,102122,"CTS CANADIAN CAREER COLLEGE INC., BARRIE",BARRIE,L4N9P6,ADDICTIONS AND MENTAL HEALTH WORKER,Community and Social Services,Community Services Worker,Y,0.65,0.89,0.78,0.70,1.00,ND
200723,CTS CANADIAN CAREER COLLEGE INC.,102122,"CTS CANADIAN CAREER COLLEGE INC., BARRIE",BARRIE,L4N9P6,BUSINESS MANAGEMENT,Business,Office Administration,Y,0.50,0.33,0.00,0.40,ND,ND
200723,CTS CANADIAN CAREER COLLEGE INC.,102122,"CTS CANADIAN CAREER COLLEGE INC., BARRIE",BARRIE,L4N9P6,DEVELOPMENTAL SERVICE WORKER,Community and Social Services,Community Services Worker,Y,0.79,1.00,1.00,1.00,ND,ND
200723,CTS CANADIAN CAREER COLLEGE INC.,102122,"CTS CANADIAN CAREER COLLEGE INC., BARRIE",BARRIE,L4N9P6,DIETARY FOOD SERVICE WORKER,Health Services,Other - Health Services,Y,0.38,ND,ND,ND,ND,ND
200723,CTS CANADIAN CAREER COLLEGE INC.,102122,"CTS CANADIAN CAREER COLLEGE INC., BARRIE",BARRIE,L4N9P6,FIRE SAFETY TECHNICIAN,Service Trade,Other- Service Trade,Y,0.38,ND,ND,ND,ND,ND
200723,CTS CANADIAN CAREER COLLEGE INC.,102122,"CTS CANADIAN CAREER COLLEGE INC., BARRIE",BARRIE,L4N9P6,LAW CLERK (INCL. PLACEMENT),Law and Public Safety,Legal Office Administration,Y,0.91,0.71,0.29,0.43,1.00,ND
200723,CTS CANADIAN CAREER COLLEGE INC.,102122,"CTS CANADIAN CAREER COLLEGE INC., BARRIE",BARRIE,L4N9P6,LAW CLERK,Law and Public Safety,Law Clerk,Y,SS,ND,ND,ND,ND,ND
200723,CTS CANADIAN CAREER COLLEGE INC.,102122,"CTS CANADIAN CAREER COLLEGE INC., BARRIE",BARRIE,L4N9P6,MASSAGE THERAPY,Health Services,Massage Therapist,Y,ND,SS,SS,SS,ND,ND
200723,CTS CANADIAN CAREER COLLEGE INC.,102122,"CTS CANADIAN CAREER COLLEGE INC., BARRIE",BARRIE,L4N9P6,MEDICAL LABORATORY ASSISTANT/TECHNICIAN,Health Services,Medical Laboratory Technician,Y,0.60,1.00,0.71,0.43,ND,ND
200723,CTS CANADIAN CAREER COLLEGE INC.,102122,"CTS CANADIAN CAREER COLLEGE INC., BARRIE",BARRIE,L4N9P6,MEDICAL OFFICE ADMINISTRATOR WITH PLACEMENT,Business,Office Administration,Y,0.90,0.78,0.56,0.73,ND,ND
200723,CTS CANADIAN CAREER COLLEGE INC.,102122,"CTS CANADIAN CAREER COLLEGE INC., BARRIE",BARRIE,L4N9P6,NACC PSW 2015,Health Services,Personal Support Worker/Personal Attendant,Y,0.73,0.92,0.88,0.85,ND,ND
200723,CTS CANADIAN CAREER COLLEGE INC.,102122,"CTS CANADIAN CAREER COLLEGE INC., BARRIE",BARRIE,L4N9P6,OFFICE ADMINISTRATOR WITH PLACEMENT,Business,Office Administration,Y,1.00,ND,ND,1.00,ND,ND
200723,CTS CANADIAN CAREER COLLEGE INC.,102122,"CTS CANADIAN CAREER COLLEGE INC., BARRIE",BARRIE,L4N9P6,PARALEGAL,Law and Public Safety,Paralegal,Y,0.68,1.00,0.83,0.86,0.00,ND
200723,CTS CANADIAN CAREER COLLEGE INC.,102122,"CTS CANADIAN CAREER COLLEGE INC., BARRIE",BARRIE,L4N9P6,PARAMEDIC,Health Services,Paramedic,Y,0.46,0.83,0.72,0.50,ND,ND
200723,CTS CANADIAN CAREER COLLEGE INC.,102122,"CTS CANADIAN CAREER COLLEGE INC., BARRIE",BARRIE,L4N9P6,POLICE FOUNDATIONS,Law and Public Safety,Law Enforcement/Police Foundations,Y,SS,SS,SS,SS,ND,ND
200723,CTS CANADIAN CAREER COLLEGE INC.,102270,"MODERN COLLEGE OF HAIRSTYLING & ESTHETIC, COMMERCE - NORTH BAY",NORTH BAY,P1B8G4,+,,,Y,0.71,0.88,0.82,0.56,0.00,0.22
200723,CTS CANADIAN CAREER COLLEGE INC.,102270,"MODERN COLLEGE OF HAIRSTYLING & ESTHETIC, COMMERCE - NORTH BAY",NORTH BAY,P1B8G4,ESTHETICS,Human Services,Esthetics/Medical Esthetics,Y,0.89,0.78,0.67,0.70,ND,ND
200723,CTS CANADIAN CAREER COLLEGE INC.,102270,"MODERN COLLEGE OF HAIRSTYLING & ESTHETIC, COMMERCE - NORTH BAY",NORTH BAY,P1B8G4,HAIRSTYLING,Service Trade,Hairstylist,Y,0.58,1.00,1.00,0.38,0.00,ND
200723,CTS CANADIAN CAREER COLLEGE INC.,103094,"MODERN COLLEGE OF HAIRSTYLING & ESTHETIC, SUDBURY",SUDBURY,P3C1R8,+,,,Y,0.69,1.00,1.00,0.73,0.50,0.29
200723,CTS CANADIAN CAREER COLLEGE INC.,103094,"MODERN COLLEGE OF HAIRSTYLING & ESTHETIC, SUDBURY",SUDBURY,P3C1R8,ESTHETICS,Human Services,Esthetics/Medical Esthetics,Y,0.64,1.00,1.00,0.60,0.50,ND
200723,CTS CANADIAN CAREER COLLEGE INC.,103094,"MODERN COLLEGE OF HAIRSTYLING & ESTHETIC, SUDBURY",SUDBURY,P3C1R8,HAIRSTYLING,Service Trade,Hairstylist,Y,0.73,1.00,1.00,0.83,ND,ND
200723,CTS CANADIAN CAREER COLLEGE INC.,106719,"CTS CANADIAN CAREER COLLEGE, SAULT STE. MARIE",SAULT STE. MARIE,P6C2R2,+,,,Y,0.68,0.82,0.64,0.57,ND,0.15
200723,CTS CANADIAN CAREER COLLEGE INC.,106719,"CTS CANADIAN CAREER COLLEGE, SAULT STE. MARIE",SAULT STE. MARIE,P6C2R2,ACCOUNTING AND PAYROLL ADMINISTRATOR,Business,Accounting and Payroll Administration,Y,0.60,SS,SS,SS,ND,ND
200723,CTS CANADIAN CAREER COLLEGE INC.,106719,"CTS CANADIAN CAREER COLLEGE, SAULT STE. MARIE",SAULT STE. MARIE,P6C2R2,ADDICTIONS AND MENTAL HEALTH WORKER,Community and Social Services,Community Services Worker,Y,0.64,0.75,0.67,0.58,ND,ND
200723,CTS CANADIAN CAREER COLLEGE INC.,106719,"CTS CANADIAN CAREER COLLEGE, SAULT STE. MARIE",SAULT STE. MARIE,P6C2R2,BUSINESS MANAGEMENT,Business,Business Management,Y,SS,SS,SS,SS,ND,ND
200723,CTS CANADIAN CAREER COLLEGE INC.,106719,"CTS CANADIAN CAREER COLLEGE, SAULT STE. MARIE",SAULT STE. MARIE,P6C2R2,DEVELOPMENTAL SERVICE WORKER,Community and Social Services,Community Services Worker,Y,SS,SS,SS,SS,ND,ND
200723,CTS CANADIAN CAREER COLLEGE INC.,106719,"CTS CANADIAN CAREER COLLEGE, SAULT STE. MARIE",SAULT STE. MARIE,P6C2R2,FIRE SAFETY TECHNICIAN,Service Trade,Other- Service Trade,Y,1.00,1.00,1.00,1.00,ND,ND
200723,CTS CANADIAN CAREER COLLEGE INC.,106719,"CTS CANADIAN CAREER COLLEGE, SAULT STE. MARIE",SAULT STE. MARIE,P6C2R2,LAW CLERK (INCL. PLACEMENT),Law and Public Safety,Law Clerk,Y,ND,SS,SS,SS,ND,ND
200723,CTS CANADIAN CAREER COLLEGE INC.,106719,"CTS CANADIAN CAREER COLLEGE, SAULT STE. MARIE",SAULT STE. MARIE,P6C2R2,MASSAGE THERAPY,Health Services,Massage Therapist,Y,ND,SS,SS,SS,ND,ND
200723,CTS CANADIAN CAREER COLLEGE INC.,106719,"CTS CANADIAN CAREER COLLEGE, SAULT STE. MARIE",SAULT STE. MARIE,P6C2R2,MEDICAL LABORATORY ASSISTANT/TECHNICIAN,Health Services,Medical Laboratory Technician,Y,0.66,1.00,1.00,1.00,ND,ND
200723,CTS CANADIAN CAREER COLLEGE INC.,106719,"CTS CANADIAN CAREER COLLEGE, SAULT STE. MARIE",SAULT STE. MARIE,P6C2R2,MEDICAL OFFICE ADMINISTRATOR WITH PLACEMENT,Business,Office Administration,Y,0.81,0.33,0.33,1.00,ND,ND
200723,CTS CANADIAN CAREER COLLEGE INC.,106719,"CTS CANADIAN CAREER COLLEGE, SAULT STE. MARIE",SAULT STE. MARIE,P6C2R2,NACC PSW 2015,Health Services,Personal Support Worker/Personal Attendant,Y,0.50,1.00,0.83,0.83,ND,ND
200723,CTS CANADIAN CAREER COLLEGE INC.,106719,"CTS CANADIAN CAREER COLLEGE, SAULT STE. MARIE",SAULT STE. MARIE,P6C2R2,OFFICE ADMINISTRATOR WITH PLACEMENT,Business,Office Administration,Y,0.89,0.80,0.40,0.40,ND,ND
200723,CTS CANADIAN CAREER COLLEGE INC.,106719,"CTS CANADIAN CAREER COLLEGE, SAULT STE. MARIE",SAULT STE. MARIE,P6C2R2,OFFICE ADMINISTRATOR,Business,Office Administration,Y,SS,ND,ND,ND,ND,ND
200723,CTS CANADIAN CAREER COLLEGE INC.,106719,"CTS CANADIAN CAREER COLLEGE, SAULT STE. MARIE",SAULT STE. MARIE,P6C2R2,PARAMEDIC,Health Services,Paramedic,Y,0.72,1.00,0.83,0.67,ND,ND
200723,CTS CANADIAN CAREER COLLEGE INC.,153376,"MODERN COLLEGE OF HAIRSTYLING & ESTHETICS, BARRIE",BARRIE,L4M5A1,+,,,Y,0.79,0.93,0.80,0.69,1.00,0.22
200723,CTS CANADIAN CAREER COLLEGE INC.,153376,"MODERN COLLEGE OF HAIRSTYLING & ESTHETICS, BARRIE",BARRIE,L4M5A1,ESTHETICS,Human Services,Esthetics/Medical Esthetics,Y,1.00,1.00,0.60,1.00,ND,ND
200723,CTS CANADIAN CAREER COLLEGE INC.,153376,"MODERN COLLEGE OF HAIRSTYLING & ESTHETICS, BARRIE",BARRIE,L4M5A1,HAIRSTYLING,Service Trade,Hairstylist,Y,0.75,0.90,0.90,0.56,1.00,ND
200723,CTS CANADIAN CAREER COLLEGE INC.,196675,CTS CANADIAN CAREER COLLEGE,CHAPLEAU,P0M1K0,+,,,Y,0.60,SS,SS,SS,ND,ND
200723,CTS CANADIAN CAREER COLLEGE INC.,196675,CTS CANADIAN CAREER COLLEGE,CHAPLEAU,P0M1K0,NACC PSW 2015,Health Services,Personal Support Worker/Personal Attendant,Y,0.60,SS,SS,SS,ND,ND
200726,LEARNING CENTRES OF WESTERN ONTARIO INC.,+,+,,,+,,,Y,0.53,0.50,0.50,0.67,ND,ND
200726,LEARNING CENTRES OF WESTERN ONTARIO INC.,101548,"ALPHALOGIC CAREER COLLEGE, LONDON (ID CMPS-101548)",LONDON,N5Z3J1,+,,,Y,0.53,0.50,0.50,0.67,ND,ND
200726,LEARNING CENTRES OF WESTERN ONTARIO INC.,101548,"ALPHALOGIC CAREER COLLEGE, LONDON (ID CMPS-101548)",LONDON,N5Z3J1,ADMINISTRATIVE ASSISTANT,Business,Office Administration,Y,ND,ND,ND,ND,ND,ND
200726,LEARNING CENTRES OF WESTERN ONTARIO INC.,101548,"ALPHALOGIC CAREER COLLEGE, LONDON (ID CMPS-101548)",LONDON,N5Z3J1,ADMINISTRATIVE ASSISTANT*,Business,Office Administration,Y,0.60,ND,ND,SS,ND,ND
200726,LEARNING CENTRES OF WESTERN ONTARIO INC.,101548,"ALPHALOGIC CAREER COLLEGE, LONDON (ID CMPS-101548)",LONDON,N5Z3J1,ADVANCED OFFICE APPLICATIONS,Business,Office Administration,Y,SS,SS,SS,SS,ND,ND
200726,LEARNING CENTRES OF WESTERN ONTARIO INC.,101548,"ALPHALOGIC CAREER COLLEGE, LONDON (ID CMPS-101548)",LONDON,N5Z3J1,AUTOMOTIVE SERVICE SPECIALIST,Services,Other - Services,Y,SS,ND,ND,ND,ND,ND
200726,LEARNING CENTRES OF WESTERN ONTARIO INC.,101548,"ALPHALOGIC CAREER COLLEGE, LONDON (ID CMPS-101548)",LONDON,N5Z3J1,CUSTOMER SERVICE EXCELLENCE (10 WEEKS)*,Services,Customer Service/Retail Sales,Y,SS,See combined program results below,See combined program results below,See combined program results below,See combined program results below,ND
200726,LEARNING CENTRES OF WESTERN ONTARIO INC.,101548,"ALPHALOGIC CAREER COLLEGE, LONDON (ID CMPS-101548)",LONDON,N5Z3J1,CUSTOMER SERVICE EXCELLENCE (13 WEEKS)*,Services,Customer Service/Retail Sales,Y,SS,See combined program results below,See combined program results below,See combined program results below,See combined program results below,ND
200726,LEARNING CENTRES OF WESTERN ONTARIO INC.,101548,"ALPHALOGIC CAREER COLLEGE, LONDON (ID CMPS-101548)",LONDON,N5Z3J1,CUSTOMER SERVICE EXCELLENCE (COMBINED 10 WEEKS AND 13 WEEKS)**,Services,Customer Service/Retail Sales,Y,See program results above,ND,ND,ND,ND,See program results above
200726,LEARNING CENTRES OF WESTERN ONTARIO INC.,101548,"ALPHALOGIC CAREER COLLEGE, LONDON (ID CMPS-101548)",LONDON,N5Z3J1,MEDICAL OFFICE ASSISTANT*,Business,Office Administration,Y,SS,SS,SS,SS,ND,ND
200730,1069195 ONTARIO INC.,+,+,,,+,,,Y,0.59,0.64,0.36,0.83,1.00,ND
200730,1069195 ONTARIO INC.,101558,"ACADEMY OF LEARNING CAREER AND BUSINESS COLLEGE-101558, TORONTO",TORONTO,M5H2Y4,+,,,Y,0.59,0.64,0.36,0.83,1.00,0.07
200730,1069195 ONTARIO INC.,101558,"ACADEMY OF LEARNING CAREER AND BUSINESS COLLEGE-101558, TORONTO",TORONTO,M5H2Y4,ACCOUNTING AND PAYROLL,Business,Accounting,Y,0.27,0.75,0.25,1.00,1.00,ND
200730,1069195 ONTARIO INC.,101558,"ACADEMY OF LEARNING CAREER AND BUSINESS COLLEGE-101558, TORONTO",TORONTO,M5H2Y4,ADMINISTRATIVE ASSISTANT,Business,Office Administration,Y,SS,SS,SS,SS,ND,ND
200730,1069195 ONTARIO INC.,101558,"ACADEMY OF LEARNING CAREER AND BUSINESS COLLEGE-101558, TORONTO",TORONTO,M5H2Y4,BUSINESS ACCOUNTING,Business,Accounting,Y,SS,ND,ND,ND,ND,ND
200730,1069195 ONTARIO INC.,101558,"ACADEMY OF LEARNING CAREER AND BUSINESS COLLEGE-101558, TORONTO",TORONTO,M5H2Y4,BUSINESS ADMINISTRATION CO-OP,Business,Business Administration,Y,ND,SS,SS,SS,ND,ND
200730,1069195 ONTARIO INC.,101558,"ACADEMY OF LEARNING CAREER AND BUSINESS COLLEGE-101558, TORONTO",TORONTO,M5H2Y4,BUSINESS ADMINISTRATION DIPLOMA,Business,Office Administration,Y,0.78,0.77,0.36,0.82,ND,ND
200730,1069195 ONTARIO INC.,101558,"ACADEMY OF LEARNING CAREER AND BUSINESS COLLEGE-101558, TORONTO",TORONTO,M5H2Y4,BUSINESS OFFICE ACCOUNTING CLERK,Business,Office Administration,Y,SS,ND,ND,ND,ND,ND
200730,1069195 ONTARIO INC.,101558,"ACADEMY OF LEARNING CAREER AND BUSINESS COLLEGE-101558, TORONTO",TORONTO,M5H2Y4,BUSINESS OFFICE ADMINISTRATION,Business,Business Administration,Y,SS,ND,ND,ND,ND,ND
200730,1069195 ONTARIO INC.,101558,"ACADEMY OF LEARNING CAREER AND BUSINESS COLLEGE-101558, TORONTO",TORONTO,M5H2Y4,BUSINESS OFFICE SKILLS,Business,Office Administration,Y,SS,ND,ND,ND,ND,ND
200730,1069195 ONTARIO INC.,101558,"ACADEMY OF LEARNING CAREER AND BUSINESS COLLEGE-101558, TORONTO",TORONTO,M5H2Y4,COMMUNITY SERVICE WORKER,Community and Social Services,Community Services Worker,Y,ND,0.33,0.17,0.50,ND,ND
200730,1069195 ONTARIO INC.,101558,"ACADEMY OF LEARNING CAREER AND BUSINESS COLLEGE-101558, TORONTO",TORONTO,M5H2Y4,COMPUTER SERVICE TECHNICIAN,Computer and Information Technology,Information Technology,Y,0.61,1.00,1.00,1.00,ND,ND
200730,1069195 ONTARIO INC.,101558,"ACADEMY OF LEARNING CAREER AND BUSINESS COLLEGE-101558, TORONTO",TORONTO,M5H2Y4,COMPUTERIZED ACCOUNTING,Business,Accounting,Y,0.83,0.88,0.38,0.75,ND,ND
200730,1069195 ONTARIO INC.,101558,"ACADEMY OF LEARNING CAREER AND BUSINESS COLLEGE-101558, TORONTO",TORONTO,M5H2Y4,CONFERENCE AND EVENT PLANNER,Business,Hospitality Administration/Management,Y,0.95,0.88,0.25,0.75,ND,ND
200730,1069195 ONTARIO INC.,101558,"ACADEMY OF LEARNING CAREER AND BUSINESS COLLEGE-101558, TORONTO",TORONTO,M5H2Y4,CUSTOMER SERVICE AND INFORMATION CLERK,Services,Customer Service/Retail Sales,Y,0.33,ND,ND,ND,ND,ND
200730,1069195 ONTARIO INC.,101558,"ACADEMY OF LEARNING CAREER AND BUSINESS COLLEGE-101558, TORONTO",TORONTO,M5H2Y4,DENTAL ADMINISTRATIVE ASSISTANT CERTIFICATE,Health Services,Office/Clerical/Administration - Dental/Medical,Y,ND,SS,SS,SS,ND,ND
200730,1069195 ONTARIO INC.,101558,"ACADEMY OF LEARNING CAREER AND BUSINESS COLLEGE-101558, TORONTO",TORONTO,M5H2Y4,DENTAL ADMINISTRATIVE ASSISTANT,Health Services,Office/Clerical/Administration - Dental/Medical,Y,0.24,0.33,0.00,0.86,ND,ND
200730,1069195 ONTARIO INC.,101558,"ACADEMY OF LEARNING CAREER AND BUSINESS COLLEGE-101558, TORONTO",TORONTO,M5H2Y4,EARLY CHILDCARE ASSISTANT,Human Services,Early Childhood Assistant,Y,0.46,0.67,0.56,0.82,1.00,ND
200730,1069195 ONTARIO INC.,101558,"ACADEMY OF LEARNING CAREER AND BUSINESS COLLEGE-101558, TORONTO",TORONTO,M5H2Y4,GRAPHIC DESIGNER,Business,Marketing/Advertising,Y,0.33,ND,ND,ND,ND,ND
200730,1069195 ONTARIO INC.,101558,"ACADEMY OF LEARNING CAREER AND BUSINESS COLLEGE-101558, TORONTO",TORONTO,M5H2Y4,HEALTH UNIT COORDINATOR CERTIFICATE,Health Services,Medical Office Administration/Management,Y,SS,ND,ND,ND,ND,ND
200730,1069195 ONTARIO INC.,101558,"ACADEMY OF LEARNING CAREER AND BUSINESS COLLEGE-101558, TORONTO",TORONTO,M5H2Y4,HOME INSPECTION CERTIFICATE,Computer and Information Technology,Software Quality Assurance and Testing,Y,SS,ND,ND,ND,ND,ND
200730,1069195 ONTARIO INC.,101558,"ACADEMY OF LEARNING CAREER AND BUSINESS COLLEGE-101558, TORONTO",TORONTO,M5H2Y4,HOME INSPECTION DIPLOMA,Service Trade,Other- Service Trade,Y,0.32,1.00,0.67,0.67,ND,ND
200730,1069195 ONTARIO INC.,101558,"ACADEMY OF LEARNING CAREER AND BUSINESS COLLEGE-101558, TORONTO",TORONTO,M5H2Y4,IMMIGRATION ADMINISTRATIVE ASSISTANT,Business,Business Administration,Y,0.62,0.44,0.19,0.75,1.00,ND
200730,1069195 ONTARIO INC.,101558,"ACADEMY OF LEARNING CAREER AND BUSINESS COLLEGE-101558, TORONTO",TORONTO,M5H2Y4,IT SECURITY SPECIALIST,Service Trade,Electronic Service Technician,Y,SS,ND,ND,ND,ND,ND
200730,1069195 ONTARIO INC.,101558,"ACADEMY OF LEARNING CAREER AND BUSINESS COLLEGE-101558, TORONTO",TORONTO,M5H2Y4,LOGISTICS AND SUPPLY CHAIN OPERATIONS,Business,Other - Business,Y,0.53,1.00,0.40,0.80,ND,ND
200730,1069195 ONTARIO INC.,101558,"ACADEMY OF LEARNING CAREER AND BUSINESS COLLEGE-101558, TORONTO",TORONTO,M5H2Y4,MARKETING COORDINATOR,Services,Customer Service/Retail Sales,Y,SS,SS,SS,SS,ND,ND
200730,1069195 ONTARIO INC.,101558,"ACADEMY OF LEARNING CAREER AND BUSINESS COLLEGE-101558, TORONTO",TORONTO,M5H2Y4,MEDICAL OFFICE ASSISTANT HEALTH UNIT COORDINATOR SPECIALTY WITH CAPSTONE PROJECT VIRTUAL,Health Services,Medical Office Administration/Management,Y,SS,ND,ND,ND,ND,ND
200730,1069195 ONTARIO INC.,101558,"ACADEMY OF LEARNING CAREER AND BUSINESS COLLEGE-101558, TORONTO",TORONTO,M5H2Y4,MEDICAL OFFICE ASSISTANT WITH CAPSTONE PROJECT,Health Services,Medical Office Administration/Management,Y,0.55,0.60,0.20,0.82,ND,ND
200730,1069195 ONTARIO INC.,101558,"ACADEMY OF LEARNING CAREER AND BUSINESS COLLEGE-101558, TORONTO",TORONTO,M5H2Y4,MEDICAL OFFICE ASSISTANT WITH HEALTH UNIT COORDINATOR SPECIALTY WITH CAPSTONE PROJECT,Health Services,Medical Office Administration/Management,Y,0.57,ND,ND,ND,ND,ND
200730,1069195 ONTARIO INC.,101558,"ACADEMY OF LEARNING CAREER AND BUSINESS COLLEGE-101558, TORONTO",TORONTO,M5H2Y4,MEDICAL OFFICE ASSISTANT WITH HEALTH UNIT COORDINATOR SPECIALTY,Health Services,Medical Office Administration/Management,Y,0.71,0.63,0.13,0.56,ND,ND
200730,1069195 ONTARIO INC.,101558,"ACADEMY OF LEARNING CAREER AND BUSINESS COLLEGE-101558, TORONTO",TORONTO,M5H2Y4,MEDICAL OFFICE ASSISTANT,Health Services,Medical Office Administration/Management,Y,SS,SS,SS,SS,ND,ND
200730,1069195 ONTARIO INC.,101558,"ACADEMY OF LEARNING CAREER AND BUSINESS COLLEGE-101558, TORONTO",TORONTO,M5H2Y4,MEDICAL RECEPTIONIST,Health Services,Medical Office Administration/Management,Y,0.50,ND,ND,ND,ND,ND
200730,1069195 ONTARIO INC.,101558,"ACADEMY OF LEARNING CAREER AND BUSINESS COLLEGE-101558, TORONTO",TORONTO,M5H2Y4,NETWORK ADMINISTRATOR,Computer and Information Technology,Information Technology,Y,0.78,0.33,0.00,0.67,ND,ND
200730,1069195 ONTARIO INC.,101558,"ACADEMY OF LEARNING CAREER AND BUSINESS COLLEGE-101558, TORONTO",TORONTO,M5H2Y4,PARALEGAL,Law and Public Safety,Paralegal,Y,0.70,0.50,0.33,0.67,ND,ND
200730,1069195 ONTARIO INC.,101558,"ACADEMY OF LEARNING CAREER AND BUSINESS COLLEGE-101558, TORONTO",TORONTO,M5H2Y4,PAYROLL ADMINISTRATOR CERTIFICATE,Business,Banking and Financial Services,Y,SS,ND,ND,ND,ND,ND
200730,1069195 ONTARIO INC.,101558,"ACADEMY OF LEARNING CAREER AND BUSINESS COLLEGE-101558, TORONTO",TORONTO,M5H2Y4,PC SUPPORT SPECIALIST,Computer and Information Technology,Information Technology,Y,SS,ND,ND,ND,ND,ND
200730,1069195 ONTARIO INC.,101558,"ACADEMY OF LEARNING CAREER AND BUSINESS COLLEGE-101558, TORONTO",TORONTO,M5H2Y4,PERSONAL SUPPORT WORKER,Health Services,Personal Support Worker/Personal Attendant,Y,0.65,0.63,0.46,0.93,1.00,ND
200730,1069195 ONTARIO INC.,101558,"ACADEMY OF LEARNING CAREER AND BUSINESS COLLEGE-101558, TORONTO",TORONTO,M5H2Y4,PROJECT ADMINISTRATION,Business,Business Administration,Y,SS,0.50,0.33,0.83,ND,ND
200730,1069195 ONTARIO INC.,101558,"ACADEMY OF LEARNING CAREER AND BUSINESS COLLEGE-101558, TORONTO",TORONTO,M5H2Y4,SALES PROFESSIONAL,Services,Customer Service/Retail Sales,Y,SS,ND,ND,ND,ND,ND
200730,1069195 ONTARIO INC.,101558,"ACADEMY OF LEARNING CAREER AND BUSINESS COLLEGE-101558, TORONTO",TORONTO,M5H2Y4,SOFTWARE AND WEB DEVELOPER,Computer and Information Technology,Information Technology,Y,0.25,SS,SS,SS,ND,ND
200730,1069195 ONTARIO INC.,101558,"ACADEMY OF LEARNING CAREER AND BUSINESS COLLEGE-101558, TORONTO",TORONTO,M5H2Y4,WEB DESIGNER,Computer and Information Technology,Information Technology,Y,0.40,1.00,0.00,1.00,ND,ND
200731,O.I.A.R.T. INC.,+,+,,,+,,,Y,0.92,0.87,0.80,0.90,0.75,ND
200731,O.I.A.R.T. INC.,101560,"ONTARIO INSTITUTE OF AUDIO RECORDING TECHNOLOGY, LONDON",LONDON,N6E1K6,+,,,Y,0.92,0.87,0.80,0.90,0.75,0.00
200731,O.I.A.R.T. INC.,101560,"ONTARIO INSTITUTE OF AUDIO RECORDING TECHNOLOGY, LONDON",LONDON,N6E1K6,AUDIO RECORDING TECHNOLOGY,Applied Arts and Science,Music Production and Recording Arts Technology,Y,0.92,0.87,0.80,0.90,0.75,ND
200733,TRANSPHARM CANADA INC.,+,+,,,+,,,Y,0.92,0.25,0.00,0.11,ND,ND
200733,TRANSPHARM CANADA INC.,101566,"TORONTO INSTITUTE OF PHARMACEUTICAL TECHNOLOGY, TORONTO",TORONTO,M1P4X4,+,,,Y,0.92,0.25,0.00,0.11,ND,0.00
200733,TRANSPHARM CANADA INC.,101566,"TORONTO INSTITUTE OF PHARMACEUTICAL TECHNOLOGY, TORONTO",TORONTO,M1P4X4,PHARM QUALITY ASSURANCE & QUAL CONTROL,Health Services,Pharmaceutical Technology,Y,0.93,0.50,0.00,0.00,ND,ND
200733,TRANSPHARM CANADA INC.,101566,"TORONTO INSTITUTE OF PHARMACEUTICAL TECHNOLOGY, TORONTO",TORONTO,M1P4X4,PHARMACEUTICAL MANUFACTURING TECHNOLOGY,Health Services,Pharmaceutical Technology,Y,0.92,0.00,0.00,1.00,ND,ND
200733,TRANSPHARM CANADA INC.,101566,"TORONTO INSTITUTE OF PHARMACEUTICAL TECHNOLOGY, TORONTO",TORONTO,M1P4X4,PHARMACEUTICAL REGULATORY AFFAIRS POST GRADUATE DIPLOMA,Health Services,Pharmaceutical Technology,Y,1.00,0.00,0.00,0.00,ND,ND
200733,TRANSPHARM CANADA INC.,101566,"TORONTO INSTITUTE OF PHARMACEUTICAL TECHNOLOGY, TORONTO",TORONTO,M1P4X4,PHARMACEUTICAL RESEARCH & DEVELOPMENT,Health Services,Pharmaceutical Technology,Y,0.83,0.50,0.00,0.00,ND,ND
200734,CAREER BREAKTHROUGH INC.,+,+,,,+,,,Y,0.75,0.67,0.37,0.81,ND,ND
200734,CAREER BREAKTHROUGH INC.,101569,"ACADEMY OF LEARNING CAREER AND BUSINESS COLLEGE, CMPS-101569",NORTH YORK,M3C1Y9,+,,,Y,0.75,0.67,0.37,0.81,ND,0.04
200734,CAREER BREAKTHROUGH INC.,101569,"ACADEMY OF LEARNING CAREER AND BUSINESS COLLEGE, CMPS-101569",NORTH YORK,M3C1Y9,ACCOUNTING AND PAYROLL ADMINISTRATOR,Business,Accounting,Y,SS,ND,ND,ND,ND,ND
200734,CAREER BREAKTHROUGH INC.,101569,"ACADEMY OF LEARNING CAREER AND BUSINESS COLLEGE, CMPS-101569",NORTH YORK,M3C1Y9,ADMINISTRATIVE ASSISTANT,Business,Office Administration,Y,SS,ND,ND,ND,ND,ND
200734,CAREER BREAKTHROUGH INC.,101569,"ACADEMY OF LEARNING CAREER AND BUSINESS COLLEGE, CMPS-101569",NORTH YORK,M3C1Y9,BUSINESS ACCOUNTING,Business,Accounting,Y,SS,ND,ND,ND,ND,ND
200734,CAREER BREAKTHROUGH INC.,101569,"ACADEMY OF LEARNING CAREER AND BUSINESS COLLEGE, CMPS-101569",NORTH YORK,M3C1Y9,BUSINESS ADMINISTRATION DIPLOMA,Business,Office Administration,Y,1.00,ND,ND,ND,ND,ND
200734,CAREER BREAKTHROUGH INC.,101569,"ACADEMY OF LEARNING CAREER AND BUSINESS COLLEGE, CMPS-101569",NORTH YORK,M3C1Y9,COMMUNITY SERVICE WORKER (2017),Community and Social Services,Community Services Worker,Y,SS,ND,ND,ND,ND,ND
200734,CAREER BREAKTHROUGH INC.,101569,"ACADEMY OF LEARNING CAREER AND BUSINESS COLLEGE, CMPS-101569",NORTH YORK,M3C1Y9,COMMUNITY SERVICE WORKER WITH CAPSTONE PROJECT,Community and Social Services,Community Services Worker,Y,ND,SS,SS,SS,ND,ND
200734,CAREER BREAKTHROUGH INC.,101569,"ACADEMY OF LEARNING CAREER AND BUSINESS COLLEGE, CMPS-101569",NORTH YORK,M3C1Y9,COMPUTER SERVICE TECHNICIAN,Computer and Information Technology,Information Technology,Y,0.60,ND,ND,ND,ND,ND
200734,CAREER BREAKTHROUGH INC.,101569,"ACADEMY OF LEARNING CAREER AND BUSINESS COLLEGE, CMPS-101569",NORTH YORK,M3C1Y9,COMPUTERIZED ACCOUNTING,Business,Accounting,Y,SS,ND,ND,ND,ND,ND
200734,CAREER BREAKTHROUGH INC.,101569,"ACADEMY OF LEARNING CAREER AND BUSINESS COLLEGE, CMPS-101569",NORTH YORK,M3C1Y9,CONFERENCE AND EVENT PLANNER,Business,Hospitality Administration/Management,Y,0.82,ND,ND,ND,ND,ND
200734,CAREER BREAKTHROUGH INC.,101569,"ACADEMY OF LEARNING CAREER AND BUSINESS COLLEGE, CMPS-101569",NORTH YORK,M3C1Y9,DENTAL ADMINISTRATIVE ASSISTANT,Health Services,Office/Clerical/Administration - Dental/Medical,Y,SS,ND,ND,ND,ND,ND
200734,CAREER BREAKTHROUGH INC.,101569,"ACADEMY OF LEARNING CAREER AND BUSINESS COLLEGE, CMPS-101569",NORTH YORK,M3C1Y9,GRAPHIC DESIGNER,Business,Marketing/Advertising,Y,SS,ND,ND,ND,ND,ND
200734,CAREER BREAKTHROUGH INC.,101569,"ACADEMY OF LEARNING CAREER AND BUSINESS COLLEGE, CMPS-101569",NORTH YORK,M3C1Y9,HOME INSPECTION DIPLOMA,Service Trade,Other- Service Trade,Y,0.60,ND,ND,ND,ND,ND
200734,CAREER BREAKTHROUGH INC.,101569,"ACADEMY OF LEARNING CAREER AND BUSINESS COLLEGE, CMPS-101569",NORTH YORK,M3C1Y9,MARKETING COORDINATOR,Services,Customer Service/Retail Sales,Y,0.86,ND,ND,ND,ND,ND
200734,CAREER BREAKTHROUGH INC.,101569,"ACADEMY OF LEARNING CAREER AND BUSINESS COLLEGE, CMPS-101569",NORTH YORK,M3C1Y9,MEDICAL OFFICE ADMINISTRATION,Health Services,Medical Office Administration/Management,Y,0.73,ND,ND,ND,ND,ND
200734,CAREER BREAKTHROUGH INC.,101569,"ACADEMY OF LEARNING CAREER AND BUSINESS COLLEGE, CMPS-101569",NORTH YORK,M3C1Y9,MEDICAL OFFICE ASSISTANT VIRTUAL LEARNING,Health Services,Medical Office Administration/Management,Y,SS,SS,SS,SS,ND,ND
200734,CAREER BREAKTHROUGH INC.,101569,"ACADEMY OF LEARNING CAREER AND BUSINESS COLLEGE, CMPS-101569",NORTH YORK,M3C1Y9,MEDICAL OFFICE ASSISTANT WITH HEALTH UNIT COORDINATOR SPECIALTY VIRTUAL LEARNING,Health Services,Medical Office Administration/Management,Y,0.50,ND,ND,ND,ND,ND
200734,CAREER BREAKTHROUGH INC.,101569,"ACADEMY OF LEARNING CAREER AND BUSINESS COLLEGE, CMPS-101569",NORTH YORK,M3C1Y9,MEDICAL OFFICE ASSISTANT WITH HEALTH UNIT COORDINATOR SPECIALTY,Health Services,Medical Office Administration/Management,Y,SS,SS,SS,SS,ND,ND
200734,CAREER BREAKTHROUGH INC.,101569,"ACADEMY OF LEARNING CAREER AND BUSINESS COLLEGE, CMPS-101569",NORTH YORK,M3C1Y9,MEDICAL OFFICE ASSISTANT,Health Services,Medical Office Administration/Management,Y,ND,ND,ND,ND,ND,ND
200734,CAREER BREAKTHROUGH INC.,101569,"ACADEMY OF LEARNING CAREER AND BUSINESS COLLEGE, CMPS-101569",NORTH YORK,M3C1Y9,MEDICAL RECEPTIONIST,Health Services,Medical Office Administration/Management,Y,SS,ND,ND,ND,ND,ND
200734,CAREER BREAKTHROUGH INC.,101569,"ACADEMY OF LEARNING CAREER AND BUSINESS COLLEGE, CMPS-101569",NORTH YORK,M3C1Y9,MICROCOMPUTER BUSINESS APPLICATIONS,Computer and Information Technology,Information Technology,Y,SS,ND,ND,ND,ND,ND
200734,CAREER BREAKTHROUGH INC.,101569,"ACADEMY OF LEARNING CAREER AND BUSINESS COLLEGE, CMPS-101569",NORTH YORK,M3C1Y9,NETWORK ADMINISTRATOR,Computer and Information Technology,Information Technology,Y,SS,ND,ND,ND,ND,ND
200734,CAREER BREAKTHROUGH INC.,101569,"ACADEMY OF LEARNING CAREER AND BUSINESS COLLEGE, CMPS-101569",NORTH YORK,M3C1Y9,PERSONAL SUPPORT WORKER CERTIFICATE,Health Services,Personal Support Worker/Personal Attendant,Y,0.79,0.77,0.41,0.84,ND,ND
200734,CAREER BREAKTHROUGH INC.,101569,"ACADEMY OF LEARNING CAREER AND BUSINESS COLLEGE, CMPS-101569",NORTH YORK,M3C1Y9,PROJECT ADMINISTRATION,Business,Business Administration,Y,SS,SS,SS,SS,ND,ND
200734,CAREER BREAKTHROUGH INC.,101569,"ACADEMY OF LEARNING CAREER AND BUSINESS COLLEGE, CMPS-101569",NORTH YORK,M3C1Y9,SALES PROFESSIONAL,Services,Customer Service/Retail Sales,Y,SS,ND,ND,ND,ND,ND
200734,CAREER BREAKTHROUGH INC.,101569,"ACADEMY OF LEARNING CAREER AND BUSINESS COLLEGE, CMPS-101569",NORTH YORK,M3C1Y9,SOFTWARE AND WEB DEVELOPER,Computer and Information Technology,Information Technology,Y,SS,ND,ND,SS,ND,ND
200734,CAREER BREAKTHROUGH INC.,101569,"ACADEMY OF LEARNING CAREER AND BUSINESS COLLEGE, CMPS-101569",NORTH YORK,M3C1Y9,WEB DESIGNER,Computer and Information Technology,Information Technology,Y,SS,ND,ND,ND,ND,ND
200749,TRILLIUM COLLEGE INC.,+,+,,,+,,,Y,0.63,0.73,0.54,0.58,1.00,ND
200749,TRILLIUM COLLEGE INC.,101618,"TRILLIUM COLLEGE, OSHAWA",OSHAWA,L1J2K5,+,,,Y,0.59,0.73,0.55,0.54,1.00,0.09
200749,TRILLIUM COLLEGE INC.,101618,"TRILLIUM COLLEGE, OSHAWA",OSHAWA,L1J2K5,BUSINESS MANAGEMENT,Business,Business Administration,Y,0.17,0.80,0.80,0.80,ND,ND
200749,TRILLIUM COLLEGE INC.,101618,"TRILLIUM COLLEGE, OSHAWA",OSHAWA,L1J2K5,COMMUNITY & DEVELOPMENTAL SERVICE WORKER,Community and Social Services,Community Services Worker,Y,SS,0.83,0.83,0.83,1.00,ND
200749,TRILLIUM COLLEGE INC.,101618,"TRILLIUM COLLEGE, OSHAWA",OSHAWA,L1J2K5,DENTAL ASSISTANT - LEVEL 1 & 2,Health Services,Office/Clerical/Administration - Dental/Medical,Y,ND,SS,SS,SS,ND,ND
200749,TRILLIUM COLLEGE INC.,101618,"TRILLIUM COLLEGE, OSHAWA",OSHAWA,L1J2K5,DIGITAL MARKETING SPECIALIST,Business,Marketing/Advertising,Y,0.64,0.57,0.29,0.29,ND,ND
200749,TRILLIUM COLLEGE INC.,101618,"TRILLIUM COLLEGE, OSHAWA",OSHAWA,L1J2K5,EARLY CHILDCARE ASSISTANT,Human Services,Early Childhood Assistant,Y,ND,SS,SS,SS,ND,ND
200749,TRILLIUM COLLEGE INC.,101618,"TRILLIUM COLLEGE, OSHAWA",OSHAWA,L1J2K5,ELECTRICIAN - PRE-APPRENTICESHIP,Service Trade,Other- Service Trade,Y,0.77,0.81,0.50,0.27,ND,ND
200749,TRILLIUM COLLEGE INC.,101618,"TRILLIUM COLLEGE, OSHAWA",OSHAWA,L1J2K5,ESTHETICS & SPA OPERATIONS,Human Services,Esthetics/Medical Esthetics,Y,SS,0.71,0.43,0.71,ND,ND
200749,TRILLIUM COLLEGE INC.,101618,"TRILLIUM COLLEGE, OSHAWA",OSHAWA,L1J2K5,HAIRSTYLING,Service Trade,Hairstylist,Y,ND,0.71,0.71,0.57,1.00,ND
200749,TRILLIUM COLLEGE INC.,101618,"TRILLIUM COLLEGE, OSHAWA",OSHAWA,L1J2K5,HUMAN RESOURCE MANAGEMENT,Business,Business Administration,Y,0.89,0.33,0.00,0.00,ND,ND
200749,TRILLIUM COLLEGE INC.,101618,"TRILLIUM COLLEGE, OSHAWA",OSHAWA,L1J2K5,LAW & SECURITY,Law and Public Safety,Law Enforcement/Police Foundations,Y,ND,ND,ND,ND,ND,ND
200749,TRILLIUM COLLEGE INC.,101618,"TRILLIUM COLLEGE, OSHAWA",OSHAWA,L1J2K5,LAW CLERK (WITH PLACEMENT),Law and Public Safety,Law Clerk,Y,SS,SS,SS,SS,ND,ND
200749,TRILLIUM COLLEGE INC.,101618,"TRILLIUM COLLEGE, OSHAWA",OSHAWA,L1J2K5,MASSAGE THERAPY,Health Services,Massage Therapist,Y,0.08,SS,SS,SS,ND,ND
200749,TRILLIUM COLLEGE INC.,101618,"TRILLIUM COLLEGE, OSHAWA",OSHAWA,L1J2K5,MEDICAL LAB ASSISTANT/TECHNICIAN,Health Services,Medical Laboratory Technician,Y,0.83,0.70,0.50,0.60,ND,ND
200749,TRILLIUM COLLEGE INC.,101618,"TRILLIUM COLLEGE, OSHAWA",OSHAWA,L1J2K5,MEDICAL OFFICE ASSISTANT,Health Services,Medical Office Administration/Management,Y,0.92,0.67,0.50,0.83,ND,ND
200749,TRILLIUM COLLEGE INC.,101618,"TRILLIUM COLLEGE, OSHAWA",OSHAWA,L1J2K5,NACC PERSONAL SUPPORT WORKER DE 2022,Health Services,Personal Support Worker/Personal Attendant,Y,ND,SS,SS,SS,ND,ND
200749,TRILLIUM COLLEGE INC.,101618,"TRILLIUM COLLEGE, OSHAWA",OSHAWA,L1J2K5,PAYROLL SPECIALIST,Business,Accounting and Payroll Administration,Y,0.75,0.50,0.25,0.67,ND,ND
200749,TRILLIUM COLLEGE INC.,101618,"TRILLIUM COLLEGE, OSHAWA",OSHAWA,L1J2K5,PERSONAL SUPPORT WORKER,Health Services,Personal Support Worker/Personal Attendant,Y,0.63,1.00,0.86,0.86,ND,ND
200749,TRILLIUM COLLEGE INC.,101618,"TRILLIUM COLLEGE, OSHAWA",OSHAWA,L1J2K5,PHARMACY ASSISTANT,Health Services,Pharmacy Assistant,Y,0.40,SS,SS,SS,ND,ND
200749,TRILLIUM COLLEGE INC.,101618,"TRILLIUM COLLEGE, OSHAWA",OSHAWA,L1J2K5,SUPPLY CHAIN MANAGEMENT & LOGISTICS,Business,Supply Chain Management and Logistics,Y,ND,SS,SS,SS,ND,ND
200749,TRILLIUM COLLEGE INC.,101618,"TRILLIUM COLLEGE, OSHAWA",OSHAWA,L1J2K5,VIDEO GAME DESIGNER,Applied Arts and Science,Animations,Y,SS,SS,SS,SS,ND,ND
200749,TRILLIUM COLLEGE INC.,107020,"TRILLIUM COLLEGE, NIAGARA",ST. CATHARINES,L2T2K9,+,,,Y,0.68,0.72,0.53,0.63,1.00,0.12
200749,TRILLIUM COLLEGE INC.,107020,"TRILLIUM COLLEGE, NIAGARA",ST. CATHARINES,L2T2K9,BUSINESS MANAGEMENT,Business,Business Administration,Y,0.85,0.67,0.44,0.56,ND,ND
200749,TRILLIUM COLLEGE INC.,107020,"TRILLIUM COLLEGE, NIAGARA",ST. CATHARINES,L2T2K9,COMMUNITY & DEVELOPMENTAL SERVICE WORKER,Community and Social Services,Community Services Worker,Y,SS,0.78,0.67,0.70,ND,ND
200749,TRILLIUM COLLEGE INC.,107020,"TRILLIUM COLLEGE, NIAGARA",ST. CATHARINES,L2T2K9,DENTAL ASSISTANT - LEVEL 1 & 2,Health Services,Office/Clerical/Administration - Dental/Medical,Y,ND,0.67,0.50,0.67,1.00,ND
200749,TRILLIUM COLLEGE INC.,107020,"TRILLIUM COLLEGE, NIAGARA",ST. CATHARINES,L2T2K9,DIGITAL MARKETING SPECIALIST,Business,Marketing/Advertising,Y,1.00,0.50,0.50,0.20,ND,ND
200749,TRILLIUM COLLEGE INC.,107020,"TRILLIUM COLLEGE, NIAGARA",ST. CATHARINES,L2T2K9,EARLY CHILDCARE ASSISTANT,Human Services,Early Childhood Assistant,Y,ND,SS,SS,SS,ND,ND
200749,TRILLIUM COLLEGE INC.,107020,"TRILLIUM COLLEGE, NIAGARA",ST. CATHARINES,L2T2K9,ELECTRICIAN - PRE-APPRENTICESHIP,Service Trade,Other- Service Trade,Y,SS,0.83,0.33,0.67,ND,ND
200749,TRILLIUM COLLEGE INC.,107020,"TRILLIUM COLLEGE, NIAGARA",ST. CATHARINES,L2T2K9,ESTHETICS & SPA OPERATIONS,Human Services,Esthetics/Medical Esthetics,Y,0.63,0.50,0.50,1.00,ND,ND
200749,TRILLIUM COLLEGE INC.,107020,"TRILLIUM COLLEGE, NIAGARA",ST. CATHARINES,L2T2K9,HAIRSTYLING,Service Trade,Hairstylist,Y,ND,SS,SS,SS,ND,ND
200749,TRILLIUM COLLEGE INC.,107020,"TRILLIUM COLLEGE, NIAGARA",ST. CATHARINES,L2T2K9,HUMAN RESOURCE MANAGEMENT,Business,Business Administration,Y,0.83,0.83,0.17,0.17,1.00,ND
200749,TRILLIUM COLLEGE INC.,107020,"TRILLIUM COLLEGE, NIAGARA",ST. CATHARINES,L2T2K9,LAW & SECURITY,Law and Public Safety,Law Enforcement/Police Foundations,Y,ND,SS,SS,SS,ND,ND
200749,TRILLIUM COLLEGE INC.,107020,"TRILLIUM COLLEGE, NIAGARA",ST. CATHARINES,L2T2K9,LAW CLERK (WITH PLACEMENT),Law and Public Safety,Law Clerk,Y,SS,SS,SS,SS,ND,ND
200749,TRILLIUM COLLEGE INC.,107020,"TRILLIUM COLLEGE, NIAGARA",ST. CATHARINES,L2T2K9,MASSAGE THERAPY,Health Services,Massage Therapist,Y,0.56,1.00,0.75,0.40,ND,ND
200749,TRILLIUM COLLEGE INC.,107020,"TRILLIUM COLLEGE, NIAGARA",ST. CATHARINES,L2T2K9,MEDICAL OFFICE ASSISTANT,Health Services,Medical Office Administration/Management,Y,0.67,0.47,0.40,0.75,1.00,ND
200749,TRILLIUM COLLEGE INC.,107020,"TRILLIUM COLLEGE, NIAGARA",ST. CATHARINES,L2T2K9,NACC PERSONAL SUPPORT WORKER DE 2022,Health Services,Personal Support Worker/Personal Attendant,Y,ND,SS,SS,SS,ND,ND
200749,TRILLIUM COLLEGE INC.,107020,"TRILLIUM COLLEGE, NIAGARA",ST. CATHARINES,L2T2K9,PAYROLL SPECIALIST,Business,Accounting and Payroll Administration,Y,0.60,SS,SS,SS,ND,ND
200749,TRILLIUM COLLEGE INC.,107020,"TRILLIUM COLLEGE, NIAGARA",ST. CATHARINES,L2T2K9,PERSONAL SUPPORT WORKER,Health Services,Personal Support Worker/Personal Attendant,Y,0.61,1.00,1.00,0.88,ND,ND
200749,TRILLIUM COLLEGE INC.,107020,"TRILLIUM COLLEGE, NIAGARA",ST. CATHARINES,L2T2K9,PHARMACY ASSISTANT,Health Services,Pharmacy Assistant,Y,ND,SS,SS,SS,ND,ND
200749,TRILLIUM COLLEGE INC.,107020,"TRILLIUM COLLEGE, NIAGARA",ST. CATHARINES,L2T2K9,SUPPLY CHAIN MANAGEMENT & LOGISTICS,Business,Supply Chain Management and Logistics,Y,SS,SS,SS,SS,ND,ND
200749,TRILLIUM COLLEGE INC.,107020,"TRILLIUM COLLEGE, NIAGARA",ST. CATHARINES,L2T2K9,VIDEO GAME DESIGNER,Applied Arts and Science,Animations,Y,SS,SS,SS,SS,ND,ND
200784,924468 ONTARIO INC.,+,+,,,+,,,Y,0.21,0.79,0.31,0.74,1.00,ND
200784,924468 ONTARIO INC.,101759,"TORONTO TRUCK DRIVING SCHOOL, TTDS- TORONTO",TORONTO,M9W6P4,+,,,Y,0.21,0.79,0.31,0.74,1.00,ND
200784,924468 ONTARIO INC.,101759,"TORONTO TRUCK DRIVING SCHOOL, TTDS- TORONTO",TORONTO,M9W6P4,HEAVY EQUIPMENT OPERATOR,Construction Trade,Heavy Equipment Operator,Y,0.75,0.50,0.50,0.50,ND,ND
200784,924468 ONTARIO INC.,101759,"TORONTO TRUCK DRIVING SCHOOL, TTDS- TORONTO",TORONTO,M9W6P4,MELT TRACTOR TRAILER TRAINING PROGRAM,Tractor-Trailer / Driver Licensing,A Class Truck Driver,Y,0.19,0.80,0.30,0.75,1.00,ND
200865,1272172 ONTARIO INC.,+,+,,,+,,,Y,1.00,0.71,0.57,0.63,ND,ND
200865,1272172 ONTARIO INC.,102070,"CAN-WELD TRAINING & TESTING CENTRE, SARNIA",SARNIA,N7T7H3,+,,,Y,1.00,0.71,0.57,0.63,ND,ND
200865,1272172 ONTARIO INC.,102070,"CAN-WELD TRAINING & TESTING CENTRE, SARNIA",SARNIA,N7T7H3,FULL PLATE & PIPE WELDING PROGRAM,Industrial Trade,Welder,Y,1.00,0.83,0.67,0.57,ND,ND
200865,1272172 ONTARIO INC.,102070,"CAN-WELD TRAINING & TESTING CENTRE, SARNIA",SARNIA,N7T7H3,GENERAL WELDING PROGRAM,Industrial Trade,Welder,Y,1.00,0.00,0.00,1.00,ND,ND
200866,1527611 ONTARIO INC.,+,+,,,+,,,Y,0.64,0.71,0.48,0.88,1.00,ND
200866,1527611 ONTARIO INC.,102072,"ACADEMY OF LEARNING CAREER AND BUSINESS COLLEGE, MISSISSAUGA EAST",MISSISSAUGA,L4Y2C1,+,,,Y,0.65,0.71,0.49,0.89,1.00,0.05
200866,1527611 ONTARIO INC.,102072,"ACADEMY OF LEARNING CAREER AND BUSINESS COLLEGE, MISSISSAUGA EAST",MISSISSAUGA,L4Y2C1,ACCOUNTING AND PAYROLL ADMINISTRATOR,Business,Accounting,Y,0.83,1.00,1.00,1.00,ND,ND
200866,1527611 ONTARIO INC.,102072,"ACADEMY OF LEARNING CAREER AND BUSINESS COLLEGE, MISSISSAUGA EAST",MISSISSAUGA,L4Y2C1,ADMINISTRATIVE ASSISTANT,Business,Office Administration,Y,ND,SS,SS,SS,ND,ND
200866,1527611 ONTARIO INC.,102072,"ACADEMY OF LEARNING CAREER AND BUSINESS COLLEGE, MISSISSAUGA EAST",MISSISSAUGA,L4Y2C1,BUSINESS ADMINISTRATION DIPLOMA,Business,Office Administration,Y,0.90,0.83,0.50,0.71,ND,ND
200866,1527611 ONTARIO INC.,102072,"ACADEMY OF LEARNING CAREER AND BUSINESS COLLEGE, MISSISSAUGA EAST",MISSISSAUGA,L4Y2C1,BUSINESS OFFICE SKILLS,Business,Office Administration,Y,SS,ND,ND,ND,ND,ND
200866,1527611 ONTARIO INC.,102072,"ACADEMY OF LEARNING CAREER AND BUSINESS COLLEGE, MISSISSAUGA EAST",MISSISSAUGA,L4Y2C1,COMMUNITY SERVICE WORKER (2017),Community and Social Services,Community Services Worker,Y,0.69,0.00,0.00,1.00,ND,ND
200866,1527611 ONTARIO INC.,102072,"ACADEMY OF LEARNING CAREER AND BUSINESS COLLEGE, MISSISSAUGA EAST",MISSISSAUGA,L4Y2C1,COMMUNITY SERVICE WORKER WITH CAPSTONE PROJECT,Community and Social Services,Community Services Worker,Y,ND,ND,ND,ND,ND,ND
200866,1527611 ONTARIO INC.,102072,"ACADEMY OF LEARNING CAREER AND BUSINESS COLLEGE, MISSISSAUGA EAST",MISSISSAUGA,L4Y2C1,COMPUTER SERVICE TECHNICIAN,Computer and Information Technology,Information Technology,Y,ND,ND,ND,SS,ND,ND
200866,1527611 ONTARIO INC.,102072,"ACADEMY OF LEARNING CAREER AND BUSINESS COLLEGE, MISSISSAUGA EAST",MISSISSAUGA,L4Y2C1,COMPUTERIZED ACCOUNTING,Business,Accounting,Y,SS,ND,ND,ND,ND,ND
200866,1527611 ONTARIO INC.,102072,"ACADEMY OF LEARNING CAREER AND BUSINESS COLLEGE, MISSISSAUGA EAST",MISSISSAUGA,L4Y2C1,CONFERENCE AND EVENT PLANNER,Business,Hospitality Administration/Management,Y,0.80,SS,SS,0.83,1.00,ND
200866,1527611 ONTARIO INC.,102072,"ACADEMY OF LEARNING CAREER AND BUSINESS COLLEGE, MISSISSAUGA EAST",MISSISSAUGA,L4Y2C1,GRAPHIC DESIGNER,Business,Marketing/Advertising,Y,0.86,0.33,0.00,0.67,ND,ND
200866,1527611 ONTARIO INC.,102072,"ACADEMY OF LEARNING CAREER AND BUSINESS COLLEGE, MISSISSAUGA EAST",MISSISSAUGA,L4Y2C1,HOME INSPECTION CERTIFICATE,Computer and Information Technology,Software Quality Assurance and Testing,Y,ND,SS,SS,SS,ND,ND
200866,1527611 ONTARIO INC.,102072,"ACADEMY OF LEARNING CAREER AND BUSINESS COLLEGE, MISSISSAUGA EAST",MISSISSAUGA,L4Y2C1,HOME INSPECTION DIPLOMA,Service Trade,Other- Service Trade,Y,1.00,0.57,0.29,1.00,ND,ND
200866,1527611 ONTARIO INC.,102072,"ACADEMY OF LEARNING CAREER AND BUSINESS COLLEGE, MISSISSAUGA EAST",MISSISSAUGA,L4Y2C1,IMMIGRATION ADMINISTRATIVE ASSISTANT,Business,Business Administration,Y,SS,SS,SS,SS,ND,ND
200866,1527611 ONTARIO INC.,102072,"ACADEMY OF LEARNING CAREER AND BUSINESS COLLEGE, MISSISSAUGA EAST",MISSISSAUGA,L4Y2C1,INTERNATIONAL HOSPITALITY MANAGEMENT,Business,Hospitality Administration/Management,Y,SS,ND,ND,ND,ND,ND
200866,1527611 ONTARIO INC.,102072,"ACADEMY OF LEARNING CAREER AND BUSINESS COLLEGE, MISSISSAUGA EAST",MISSISSAUGA,L4Y2C1,LAW CLERK,Law and Public Safety,Legal Office Administration,Y,SS,ND,ND,ND,ND,ND
200866,1527611 ONTARIO INC.,102072,"ACADEMY OF LEARNING CAREER AND BUSINESS COLLEGE, MISSISSAUGA EAST",MISSISSAUGA,L4Y2C1,MARKETING COORDINATOR,Services,Customer Service/Retail Sales,Y,ND,ND,ND,ND,ND,ND
200866,1527611 ONTARIO INC.,102072,"ACADEMY OF LEARNING CAREER AND BUSINESS COLLEGE, MISSISSAUGA EAST",MISSISSAUGA,L4Y2C1,MEDICAL OFFICE ASSISTANT WITH HEALTH UNIT COORDINATOR SPECIALTY,Health Services,Medical Office Administration/Management,Y,0.75,ND,ND,ND,ND,ND
200866,1527611 ONTARIO INC.,102072,"ACADEMY OF LEARNING CAREER AND BUSINESS COLLEGE, MISSISSAUGA EAST",MISSISSAUGA,L4Y2C1,MEDICAL OFFICE ASSISTANT,Health Services,Medical Office Administration/Management,Y,SS,ND,ND,ND,ND,ND
200866,1527611 ONTARIO INC.,102072,"ACADEMY OF LEARNING CAREER AND BUSINESS COLLEGE, MISSISSAUGA EAST",MISSISSAUGA,L4Y2C1,MEDICAL RECEPTIONIST,Health Services,Medical Office Administration/Management,Y,SS,ND,ND,ND,ND,ND
200866,1527611 ONTARIO INC.,102072,"ACADEMY OF LEARNING CAREER AND BUSINESS COLLEGE, MISSISSAUGA EAST",MISSISSAUGA,L4Y2C1,NETWORK ADMINISTRATOR,Computer and Information Technology,Information Technology,Y,SS,SS,SS,SS,ND,ND
200866,1527611 ONTARIO INC.,102072,"ACADEMY OF LEARNING CAREER AND BUSINESS COLLEGE, MISSISSAUGA EAST",MISSISSAUGA,L4Y2C1,PC SUPPORT SPECIALIST,Computer and Information Technology,Information Technology,Y,SS,ND,ND,SS,ND,ND
200866,1527611 ONTARIO INC.,102072,"ACADEMY OF LEARNING CAREER AND BUSINESS COLLEGE, MISSISSAUGA EAST",MISSISSAUGA,L4Y2C1,PERSONAL SUPPORT WORKER,Health Services,Personal Support Worker/Personal Attendant,Y,0.59,0.73,0.54,0.89,1.00,ND
200866,1527611 ONTARIO INC.,102072,"ACADEMY OF LEARNING CAREER AND BUSINESS COLLEGE, MISSISSAUGA EAST",MISSISSAUGA,L4Y2C1,PROJECT ADMINISTRATION,Business,Business Administration,Y,ND,SS,SS,SS,ND,ND
200866,1527611 ONTARIO INC.,102072,"ACADEMY OF LEARNING CAREER AND BUSINESS COLLEGE, MISSISSAUGA EAST",MISSISSAUGA,L4Y2C1,WEB DESIGNER,Computer and Information Technology,Information Technology,Y,1.00,1.00,0.00,1.00,ND,ND
200866,1527611 ONTARIO INC.,180455,ACADEMY OF LEARNING CAREER AND BUSINESS COLLEGE,BRAMPTON,L6Y4M3,+,,,Y,0.62,0.72,0.45,0.87,1.00,0.05
200866,1527611 ONTARIO INC.,180455,ACADEMY OF LEARNING CAREER AND BUSINESS COLLEGE,BRAMPTON,L6Y4M3,ACCOUNTING AND PAYROLL ADMINISTRATOR,Business,Accounting,Y,SS,ND,ND,ND,ND,ND
200866,1527611 ONTARIO INC.,180455,ACADEMY OF LEARNING CAREER AND BUSINESS COLLEGE,BRAMPTON,L6Y4M3,ADMINISTRATIVE ASSISTANT,Business,Office Administration,Y,SS,SS,SS,SS,ND,ND
200866,1527611 ONTARIO INC.,180455,ACADEMY OF LEARNING CAREER AND BUSINESS COLLEGE,BRAMPTON,L6Y4M3,BUSINESS ADMINISTRATION DIPLOMA,Business,Office Administration,Y,0.83,ND,ND,ND,ND,ND
200866,1527611 ONTARIO INC.,180455,ACADEMY OF LEARNING CAREER AND BUSINESS COLLEGE,BRAMPTON,L6Y4M3,BUSINESS OFFICE SKILLS,Business,Office Administration,Y,SS,ND,ND,ND,ND,ND
200866,1527611 ONTARIO INC.,180455,ACADEMY OF LEARNING CAREER AND BUSINESS COLLEGE,BRAMPTON,L6Y4M3,COMMUNITY SERVICE WORKER (2017),Community and Social Services,Community Services Worker,Y,SS,ND,ND,ND,ND,ND
200866,1527611 ONTARIO INC.,180455,ACADEMY OF LEARNING CAREER AND BUSINESS COLLEGE,BRAMPTON,L6Y4M3,HOME INSPECTION DIPLOMA,Service Trade,Other- Service Trade,Y,SS,ND,ND,ND,ND,ND
200866,1527611 ONTARIO INC.,180455,ACADEMY OF LEARNING CAREER AND BUSINESS COLLEGE,BRAMPTON,L6Y4M3,IMMIGRATION ADMINISTRATIVE ASSISTANT,Business,Business Administration,Y,SS,ND,ND,ND,ND,ND
200866,1527611 ONTARIO INC.,180455,ACADEMY OF LEARNING CAREER AND BUSINESS COLLEGE,BRAMPTON,L6Y4M3,MEDICAL OFFICE ASSISTANT WITH HEALTH UNIT COORDINATOR SPECIALTY,Health Services,Medical Office Administration/Management,Y,SS,SS,SS,SS,ND,ND
200866,1527611 ONTARIO INC.,180455,ACADEMY OF LEARNING CAREER AND BUSINESS COLLEGE,BRAMPTON,L6Y4M3,MEDICAL OFFICE ASSISTANT,Health Services,Medical Office Administration/Management,Y,SS,ND,ND,ND,ND,ND
200866,1527611 ONTARIO INC.,180455,ACADEMY OF LEARNING CAREER AND BUSINESS COLLEGE,BRAMPTON,L6Y4M3,NACC PERSONAL SUPPORT WORKER 2022,Health Services,Personal Support Worker/Personal Attendant,Y,ND,0.66,0.31,0.76,1.00,ND
200866,1527611 ONTARIO INC.,180455,ACADEMY OF LEARNING CAREER AND BUSINESS COLLEGE,BRAMPTON,L6Y4M3,NETWORK ADMINISTRATOR,Computer and Information Technology,Information Technology,Y,SS,ND,ND,ND,ND,ND
200866,1527611 ONTARIO INC.,180455,ACADEMY OF LEARNING CAREER AND BUSINESS COLLEGE,BRAMPTON,L6Y4M3,PERSONAL SUPPORT WORKER,Health Services,Personal Support Worker/Personal Attendant,Y,0.60,0.79,0.56,0.95,ND,ND
200866,1527611 ONTARIO INC.,180455,ACADEMY OF LEARNING CAREER AND BUSINESS COLLEGE,BRAMPTON,L6Y4M3,WEB DESIGNER,Computer and Information Technology,Information Technology,Y,0.43,ND,ND,ND,ND,ND
200869,"OXFORD COLLEGE OF ARTS, BUSINESS AND TECHNOLOGY INC.",+,+,,,+,,,Y,0.82,0.66,0.47,0.70,0.88,ND
200869,"OXFORD COLLEGE OF ARTS, BUSINESS AND TECHNOLOGY INC.",106059,"OXFORD COLLEGE OF ARTS, BUSINESS AND TECHNOLOGY INC., SCARBOROUGH",TORONTO,M1H3A4,+,,,Y,0.83,0.68,0.52,0.62,0.75,0.04
200869,"OXFORD COLLEGE OF ARTS, BUSINESS AND TECHNOLOGY INC.",106059,"OXFORD COLLEGE OF ARTS, BUSINESS AND TECHNOLOGY INC., SCARBOROUGH",TORONTO,M1H3A4,ACCOUNTING & PAYROLL ADMINISTRATION,Business,Accounting,Y,0.83,0.27,0.18,0.77,ND,ND
200869,"OXFORD COLLEGE OF ARTS, BUSINESS AND TECHNOLOGY INC.",106059,"OXFORD COLLEGE OF ARTS, BUSINESS AND TECHNOLOGY INC., SCARBOROUGH",TORONTO,M1H3A4,ADVANCED ESTHETICS & SPA OPERATIONS,Human Services,Esthetics/Medical Esthetics,Y,0.87,0.60,0.33,0.61,ND,ND
200869,"OXFORD COLLEGE OF ARTS, BUSINESS AND TECHNOLOGY INC.",106059,"OXFORD COLLEGE OF ARTS, BUSINESS AND TECHNOLOGY INC., SCARBOROUGH",TORONTO,M1H3A4,BUSINESS MANAGEMENT,Business,Business Administration,Y,0.79,0.70,0.50,0.64,ND,ND
200869,"OXFORD COLLEGE OF ARTS, BUSINESS AND TECHNOLOGY INC.",106059,"OXFORD COLLEGE OF ARTS, BUSINESS AND TECHNOLOGY INC., SCARBOROUGH",TORONTO,M1H3A4,CLINICAL RESEARCH,Health Services,Other - Health Services,Y,0.88,0.43,0.21,0.57,ND,ND
200869,"OXFORD COLLEGE OF ARTS, BUSINESS AND TECHNOLOGY INC.",106059,"OXFORD COLLEGE OF ARTS, BUSINESS AND TECHNOLOGY INC., SCARBOROUGH",TORONTO,M1H3A4,COMMUNITY SERVICE WORKER,Community and Social Services,Community Services Worker,Y,ND,SS,SS,SS,ND,ND
200869,"OXFORD COLLEGE OF ARTS, BUSINESS AND TECHNOLOGY INC.",106059,"OXFORD COLLEGE OF ARTS, BUSINESS AND TECHNOLOGY INC., SCARBOROUGH",TORONTO,M1H3A4,DENTAL HYGIENE,Health Services,Dental Hygienist,Y,0.77,0.97,0.97,0.79,ND,ND
200869,"OXFORD COLLEGE OF ARTS, BUSINESS AND TECHNOLOGY INC.",106059,"OXFORD COLLEGE OF ARTS, BUSINESS AND TECHNOLOGY INC., SCARBOROUGH",TORONTO,M1H3A4,INTRA-ORAL DENTAL ASSISTANT (1 & 2),Health Services,Office/Clerical/Administration - Dental/Medical,Y,0.92,0.83,0.78,0.63,0.00,ND
200869,"OXFORD COLLEGE OF ARTS, BUSINESS AND TECHNOLOGY INC.",106059,"OXFORD COLLEGE OF ARTS, BUSINESS AND TECHNOLOGY INC., SCARBOROUGH",TORONTO,M1H3A4,MASSAGE THERAPY,Health Services,Massage Therapist,Y,0.75,0.67,0.00,0.38,1.00,ND
200869,"OXFORD COLLEGE OF ARTS, BUSINESS AND TECHNOLOGY INC.",106059,"OXFORD COLLEGE OF ARTS, BUSINESS AND TECHNOLOGY INC., SCARBOROUGH",TORONTO,M1H3A4,MEDICAL LABORATORY ASSISTANT/TECHNICIAN,Health Services,Medical Laboratory Technician,Y,0.84,0.56,0.35,0.50,ND,ND
200869,"OXFORD COLLEGE OF ARTS, BUSINESS AND TECHNOLOGY INC.",106059,"OXFORD COLLEGE OF ARTS, BUSINESS AND TECHNOLOGY INC., SCARBOROUGH",TORONTO,M1H3A4,MEDICAL OFFICE ASSISTANT,Health Services,Medical Office Administration/Management,Y,0.81,0.44,0.13,0.47,ND,ND
200869,"OXFORD COLLEGE OF ARTS, BUSINESS AND TECHNOLOGY INC.",106059,"OXFORD COLLEGE OF ARTS, BUSINESS AND TECHNOLOGY INC., SCARBOROUGH",TORONTO,M1H3A4,PHARMACEUTICAL MANUFACTURING TECHNOLOGIST,Health Services,Pharmaceutical Technology,Y,0.62,1.00,0.75,1.00,1.00,ND
200869,"OXFORD COLLEGE OF ARTS, BUSINESS AND TECHNOLOGY INC.",106059,"OXFORD COLLEGE OF ARTS, BUSINESS AND TECHNOLOGY INC., SCARBOROUGH",TORONTO,M1H3A4,PHARMACEUTICAL QUALITY ASSURANCE/QUALITY CONTROL TECHNOLOGIST,Health Services,Pharmaceutical Technology,Y,1.00,0.75,0.63,0.50,1.00,ND
200869,"OXFORD COLLEGE OF ARTS, BUSINESS AND TECHNOLOGY INC.",163380,"OXFORD COLLEGE OF ARTS, BUSINESS AND TECHNOLOGY, MISSISSAUGA",MISSISSAUGA,L5C4G8,+,,,Y,0.89,0.56,0.39,0.78,0.80,0.05
200869,"OXFORD COLLEGE OF ARTS, BUSINESS AND TECHNOLOGY INC.",163380,"OXFORD COLLEGE OF ARTS, BUSINESS AND TECHNOLOGY, MISSISSAUGA",MISSISSAUGA,L5C4G8,ACCOUNTING & PAYROLL ADMINISTRATION,Business,Accounting,Y,0.89,0.57,0.43,0.68,ND,ND
200869,"OXFORD COLLEGE OF ARTS, BUSINESS AND TECHNOLOGY INC.",163380,"OXFORD COLLEGE OF ARTS, BUSINESS AND TECHNOLOGY, MISSISSAUGA",MISSISSAUGA,L5C4G8,ADVANCED ESTHETICS & SPA OPERATIONS,Human Services,Esthetics/Medical Esthetics,Y,0.88,0.55,0.35,0.58,ND,ND
200869,"OXFORD COLLEGE OF ARTS, BUSINESS AND TECHNOLOGY INC.",163380,"OXFORD COLLEGE OF ARTS, BUSINESS AND TECHNOLOGY, MISSISSAUGA",MISSISSAUGA,L5C4G8,BUSINESS MANAGEMENT,Business,Business Administration,Y,0.90,0.44,0.24,0.79,1.00,ND
200869,"OXFORD COLLEGE OF ARTS, BUSINESS AND TECHNOLOGY INC.",163380,"OXFORD COLLEGE OF ARTS, BUSINESS AND TECHNOLOGY, MISSISSAUGA",MISSISSAUGA,L5C4G8,CLINICAL RESEARCH,Health Services,Other - Health Services,Y,0.96,0.25,0.25,0.78,ND,ND
200869,"OXFORD COLLEGE OF ARTS, BUSINESS AND TECHNOLOGY INC.",163380,"OXFORD COLLEGE OF ARTS, BUSINESS AND TECHNOLOGY, MISSISSAUGA",MISSISSAUGA,L5C4G8,COMMUNITY & DEVELOPMENTAL SERVICE WORKER,Community and Social Services,Community Services Worker,Y,0.91,0.67,0.52,0.79,1.00,ND
200869,"OXFORD COLLEGE OF ARTS, BUSINESS AND TECHNOLOGY INC.",163380,"OXFORD COLLEGE OF ARTS, BUSINESS AND TECHNOLOGY, MISSISSAUGA",MISSISSAUGA,L5C4G8,COMMUNITY SERVICE WORKER,Community and Social Services,Community Services Worker,Y,0.88,0.39,0.08,0.72,ND,ND
200869,"OXFORD COLLEGE OF ARTS, BUSINESS AND TECHNOLOGY INC.",163380,"OXFORD COLLEGE OF ARTS, BUSINESS AND TECHNOLOGY, MISSISSAUGA",MISSISSAUGA,L5C4G8,EXECUTIVE OFFICE ASSISTANT,Business,Office Administration,Y,1.00,0.00,0.00,0.40,ND,ND
200869,"OXFORD COLLEGE OF ARTS, BUSINESS AND TECHNOLOGY INC.",163380,"OXFORD COLLEGE OF ARTS, BUSINESS AND TECHNOLOGY, MISSISSAUGA",MISSISSAUGA,L5C4G8,INTRA ORAL DENTAL ASSISTING LEVEL 1 & 2,Health Services,Office/Clerical/Administration - Dental/Medical,Y,0.94,0.89,0.85,0.91,ND,ND
200869,"OXFORD COLLEGE OF ARTS, BUSINESS AND TECHNOLOGY INC.",163380,"OXFORD COLLEGE OF ARTS, BUSINESS AND TECHNOLOGY, MISSISSAUGA",MISSISSAUGA,L5C4G8,MASSAGE THERAPY,Health Services,Massage Therapist,Y,0.64,0.80,0.60,0.88,ND,ND
200869,"OXFORD COLLEGE OF ARTS, BUSINESS AND TECHNOLOGY INC.",163380,"OXFORD COLLEGE OF ARTS, BUSINESS AND TECHNOLOGY, MISSISSAUGA",MISSISSAUGA,L5C4G8,MEDICAL LAB ASSISTANT/TECHNICIAN,Health Services,Medical Laboratory Technician,Y,0.91,0.59,0.34,0.73,1.00,ND
200869,"OXFORD COLLEGE OF ARTS, BUSINESS AND TECHNOLOGY INC.",163380,"OXFORD COLLEGE OF ARTS, BUSINESS AND TECHNOLOGY, MISSISSAUGA",MISSISSAUGA,L5C4G8,MEDICAL OFFICE ASSISTANT,Health Services,Medical Office Administration/Management,Y,0.95,0.26,0.10,0.79,0.00,ND
200869,"OXFORD COLLEGE OF ARTS, BUSINESS AND TECHNOLOGY INC.",163380,"OXFORD COLLEGE OF ARTS, BUSINESS AND TECHNOLOGY, MISSISSAUGA",MISSISSAUGA,L5C4G8,PERSONAL SUPPORT WORKER,Health Services,Personal Support Worker/Personal Attendant,Y,0.79,0.85,0.74,0.94,1.00,ND
200869,"OXFORD COLLEGE OF ARTS, BUSINESS AND TECHNOLOGY INC.",163380,"OXFORD COLLEGE OF ARTS, BUSINESS AND TECHNOLOGY, MISSISSAUGA",MISSISSAUGA,L5C4G8,PHARMACEUTICAL MANUFACTURING TECHNOLOGIST,Health Services,Pharmaceutical Technology,Y,0.94,0.25,0.00,0.50,ND,ND
200869,"OXFORD COLLEGE OF ARTS, BUSINESS AND TECHNOLOGY INC.",163380,"OXFORD COLLEGE OF ARTS, BUSINESS AND TECHNOLOGY, MISSISSAUGA",MISSISSAUGA,L5C4G8,PHARMACEUTICAL QUALITY ASSURANCE/QUALITY CONTROL TECHNOLOGIST,Health Services,Pharmaceutical Technology,Y,0.92,0.50,0.50,1.00,ND,ND
200869,"OXFORD COLLEGE OF ARTS, BUSINESS AND TECHNOLOGY INC.",163382,"OXFORD COLLEGE OF ARTS, BUSINESS AND TECHNOLOGY, PETERBOROUGH",PETERBOROUGH,K9H7E7,+,,,Y,0.78,0.81,0.58,0.65,1.00,0.12
200869,"OXFORD COLLEGE OF ARTS, BUSINESS AND TECHNOLOGY INC.",163382,"OXFORD COLLEGE OF ARTS, BUSINESS AND TECHNOLOGY, PETERBOROUGH",PETERBOROUGH,K9H7E7,ACCOUNTING & PAYROLL ADMINISTRATION,Business,Accounting,Y,0.80,SS,SS,SS,ND,ND
200869,"OXFORD COLLEGE OF ARTS, BUSINESS AND TECHNOLOGY INC.",163382,"OXFORD COLLEGE OF ARTS, BUSINESS AND TECHNOLOGY, PETERBOROUGH",PETERBOROUGH,K9H7E7,ADVANCED ESTHETICS & SPA OPERATIONS,Human Services,Esthetics/Medical Esthetics,Y,0.75,0.00,0.00,0.00,ND,ND
200869,"OXFORD COLLEGE OF ARTS, BUSINESS AND TECHNOLOGY INC.",163382,"OXFORD COLLEGE OF ARTS, BUSINESS AND TECHNOLOGY, PETERBOROUGH",PETERBOROUGH,K9H7E7,BUSINESS MANAGEMENT,Business,Business Administration,Y,0.88,1.00,1.00,1.00,ND,ND
200869,"OXFORD COLLEGE OF ARTS, BUSINESS AND TECHNOLOGY INC.",163382,"OXFORD COLLEGE OF ARTS, BUSINESS AND TECHNOLOGY, PETERBOROUGH",PETERBOROUGH,K9H7E7,COMMUNITY & DEVELOPMENTAL SERVICE WORKER,Community and Social Services,Community Services Worker,Y,0.67,SS,SS,SS,1.00,ND
200869,"OXFORD COLLEGE OF ARTS, BUSINESS AND TECHNOLOGY INC.",163382,"OXFORD COLLEGE OF ARTS, BUSINESS AND TECHNOLOGY, PETERBOROUGH",PETERBOROUGH,K9H7E7,COMMUNITY SERVICE WORKER,Community and Social Services,Community Services Worker,Y,SS,ND,ND,ND,ND,ND
200869,"OXFORD COLLEGE OF ARTS, BUSINESS AND TECHNOLOGY INC.",163382,"OXFORD COLLEGE OF ARTS, BUSINESS AND TECHNOLOGY, PETERBOROUGH",PETERBOROUGH,K9H7E7,EXECUTIVE OFFICE ASSISTANT,Business,Office Administration,Y,SS,SS,SS,SS,ND,ND
200869,"OXFORD COLLEGE OF ARTS, BUSINESS AND TECHNOLOGY INC.",163382,"OXFORD COLLEGE OF ARTS, BUSINESS AND TECHNOLOGY, PETERBOROUGH",PETERBOROUGH,K9H7E7,INTRA ORAL DENTAL ASSISTING LEVEL 1 & 2,Health Services,Office/Clerical/Administration - Dental/Medical,Y,0.70,0.00,0.00,0.00,ND,ND
200869,"OXFORD COLLEGE OF ARTS, BUSINESS AND TECHNOLOGY INC.",163382,"OXFORD COLLEGE OF ARTS, BUSINESS AND TECHNOLOGY, PETERBOROUGH",PETERBOROUGH,K9H7E7,MASSAGE THERAPY,Health Services,Massage Therapist,Y,0.67,SS,SS,SS,ND,ND
200869,"OXFORD COLLEGE OF ARTS, BUSINESS AND TECHNOLOGY INC.",163382,"OXFORD COLLEGE OF ARTS, BUSINESS AND TECHNOLOGY, PETERBOROUGH",PETERBOROUGH,K9H7E7,MEDICAL LABORATORY ASSISTANT/TECHNICIAN,Health Services,Medical Laboratory Technician,Y,0.57,0.58,0.33,0.33,ND,ND
200869,"OXFORD COLLEGE OF ARTS, BUSINESS AND TECHNOLOGY INC.",163382,"OXFORD COLLEGE OF ARTS, BUSINESS AND TECHNOLOGY, PETERBOROUGH",PETERBOROUGH,K9H7E7,MEDICAL OFFICE ASSISTANT,Health Services,Medical Office Administration/Management,Y,0.86,1.00,0.33,0.83,ND,ND
200869,"OXFORD COLLEGE OF ARTS, BUSINESS AND TECHNOLOGY INC.",163382,"OXFORD COLLEGE OF ARTS, BUSINESS AND TECHNOLOGY, PETERBOROUGH",PETERBOROUGH,K9H7E7,PERSONAL SUPPORT WORKER,Health Services,Personal Support Worker/Personal Attendant,Y,0.83,0.97,0.90,0.85,1.00,ND
200869,"OXFORD COLLEGE OF ARTS, BUSINESS AND TECHNOLOGY INC.",163382,"OXFORD COLLEGE OF ARTS, BUSINESS AND TECHNOLOGY, PETERBOROUGH",PETERBOROUGH,K9H7E7,VIDEO GAME DESIGNER,Applied Arts and Science,Animations,Y,1.00,0.71,0.00,0.00,ND,ND
200869,"OXFORD COLLEGE OF ARTS, BUSINESS AND TECHNOLOGY INC.",163383,"OXFORD COLLEGE OF ARTS, BUSINESS AND TECHNOLOGY, BURLINGTON",BURLINGTON,L7R4B7,+,,,Y,0.67,0.74,0.57,0.67,ND,0.11
200869,"OXFORD COLLEGE OF ARTS, BUSINESS AND TECHNOLOGY INC.",163383,"OXFORD COLLEGE OF ARTS, BUSINESS AND TECHNOLOGY, BURLINGTON",BURLINGTON,L7R4B7,ACCOUNTING & PAYROLL ADMINISTRATION,Business,Accounting,Y,0.29,SS,SS,SS,ND,ND
200869,"OXFORD COLLEGE OF ARTS, BUSINESS AND TECHNOLOGY INC.",163383,"OXFORD COLLEGE OF ARTS, BUSINESS AND TECHNOLOGY, BURLINGTON",BURLINGTON,L7R4B7,BUSINESS MANAGEMENT,Business,Business Administration,Y,SS,SS,SS,0.67,ND,ND
200869,"OXFORD COLLEGE OF ARTS, BUSINESS AND TECHNOLOGY INC.",163383,"OXFORD COLLEGE OF ARTS, BUSINESS AND TECHNOLOGY, BURLINGTON",BURLINGTON,L7R4B7,COMMUNITY SERVICE WORKER,Community and Social Services,Community Services Worker,Y,1.00,0.56,0.33,0.56,ND,ND
200869,"OXFORD COLLEGE OF ARTS, BUSINESS AND TECHNOLOGY INC.",163383,"OXFORD COLLEGE OF ARTS, BUSINESS AND TECHNOLOGY, BURLINGTON",BURLINGTON,L7R4B7,EXECUTIVE OFFICE ASSISTANT,Business,Office Administration,Y,ND,ND,ND,SS,ND,ND
200869,"OXFORD COLLEGE OF ARTS, BUSINESS AND TECHNOLOGY INC.",163383,"OXFORD COLLEGE OF ARTS, BUSINESS AND TECHNOLOGY, BURLINGTON",BURLINGTON,L7R4B7,INTRA ORAL DENTAL ASSISTING LEVEL 1 & 2,Health Services,Office/Clerical/Administration - Dental/Medical,Y,0.96,0.80,0.60,0.75,ND,ND
200869,"OXFORD COLLEGE OF ARTS, BUSINESS AND TECHNOLOGY INC.",163383,"OXFORD COLLEGE OF ARTS, BUSINESS AND TECHNOLOGY, BURLINGTON",BURLINGTON,L7R4B7,MASSAGE THERAPY,Health Services,Massage Therapist,Y,0.50,0.83,0.83,0.60,ND,ND
200869,"OXFORD COLLEGE OF ARTS, BUSINESS AND TECHNOLOGY INC.",163383,"OXFORD COLLEGE OF ARTS, BUSINESS AND TECHNOLOGY, BURLINGTON",BURLINGTON,L7R4B7,MEDICAL OFFICE ASSISTANT,Health Services,Medical Office Administration/Management,Y,0.91,0.67,0.33,0.33,ND,ND
200869,"OXFORD COLLEGE OF ARTS, BUSINESS AND TECHNOLOGY INC.",163383,"OXFORD COLLEGE OF ARTS, BUSINESS AND TECHNOLOGY, BURLINGTON",BURLINGTON,L7R4B7,PRIMARY CARE PARAMEDIC,Health Services,Paramedic,Y,0.57,0.77,0.65,0.74,ND,ND
200869,"OXFORD COLLEGE OF ARTS, BUSINESS AND TECHNOLOGY INC.",163384,"OXFORD COLLEGE OF ARTS, BUSINESS AND TECHNOLOGY, TORONTO",TORONTO,M4W2H2,+,,,Y,0.71,0.66,0.36,0.65,1.00,0.05
200869,"OXFORD COLLEGE OF ARTS, BUSINESS AND TECHNOLOGY INC.",163384,"OXFORD COLLEGE OF ARTS, BUSINESS AND TECHNOLOGY, TORONTO",TORONTO,M4W2H2,ACCOUNTING & PAYROLL ADMINISTRATION,Business,Accounting,Y,0.59,0.43,0.00,0.57,ND,ND
200869,"OXFORD COLLEGE OF ARTS, BUSINESS AND TECHNOLOGY INC.",163384,"OXFORD COLLEGE OF ARTS, BUSINESS AND TECHNOLOGY, TORONTO",TORONTO,M4W2H2,BUSINESS MANAGEMENT,Business,Business Administration,Y,0.67,0.89,0.33,0.63,ND,ND
200869,"OXFORD COLLEGE OF ARTS, BUSINESS AND TECHNOLOGY INC.",163384,"OXFORD COLLEGE OF ARTS, BUSINESS AND TECHNOLOGY, TORONTO",TORONTO,M4W2H2,CLINICAL RESEARCH,Health Services,Other - Health Services,Y,ND,0.67,0.50,0.67,ND,ND
200869,"OXFORD COLLEGE OF ARTS, BUSINESS AND TECHNOLOGY INC.",163384,"OXFORD COLLEGE OF ARTS, BUSINESS AND TECHNOLOGY, TORONTO",TORONTO,M4W2H2,DENTURISM,Health Services,Dental Hygienist,Y,0.50,1.00,0.83,0.67,ND,ND
200869,"OXFORD COLLEGE OF ARTS, BUSINESS AND TECHNOLOGY INC.",163384,"OXFORD COLLEGE OF ARTS, BUSINESS AND TECHNOLOGY, TORONTO",TORONTO,M4W2H2,EXECUTIVE OFFICE ASSISTANT,Business,Office Administration,Y,SS,0.83,0.50,1.00,ND,ND
200869,"OXFORD COLLEGE OF ARTS, BUSINESS AND TECHNOLOGY INC.",163384,"OXFORD COLLEGE OF ARTS, BUSINESS AND TECHNOLOGY, TORONTO",TORONTO,M4W2H2,INTRA ORAL DENTAL ASSISTING LEVEL 1 & 2,Health Services,Office/Clerical/Administration - Dental/Medical,Y,0.88,0.91,0.82,0.83,ND,ND
200869,"OXFORD COLLEGE OF ARTS, BUSINESS AND TECHNOLOGY INC.",163384,"OXFORD COLLEGE OF ARTS, BUSINESS AND TECHNOLOGY, TORONTO",TORONTO,M4W2H2,MASSAGE THERAPY,Health Services,Massage Therapist,Y,0.64,0.60,0.20,0.20,ND,ND
200869,"OXFORD COLLEGE OF ARTS, BUSINESS AND TECHNOLOGY INC.",163384,"OXFORD COLLEGE OF ARTS, BUSINESS AND TECHNOLOGY, TORONTO",TORONTO,M4W2H2,MEDICAL LAB ASSISTANT/TECHNICIAN,Health Services,Medical Laboratory Technician,Y,0.89,0.42,0.13,0.65,1.00,ND
200869,"OXFORD COLLEGE OF ARTS, BUSINESS AND TECHNOLOGY INC.",163384,"OXFORD COLLEGE OF ARTS, BUSINESS AND TECHNOLOGY, TORONTO",TORONTO,M4W2H2,PHYSIO/OCCUPATIONAL THERAPIST ASST.,Health Services,Physiotherapy/Occupational Therapy,Y,ND,SS,SS,SS,ND,ND
200869,"OXFORD COLLEGE OF ARTS, BUSINESS AND TECHNOLOGY INC.",181016,"OXFORD COLLEGE OF ARTS, BUSINESS AND TECHNOLOGY, BARRIE",BARRIE,L4M3C1,+,,,Y,0.75,0.83,0.63,0.68,1.00,0.17
200869,"OXFORD COLLEGE OF ARTS, BUSINESS AND TECHNOLOGY INC.",181016,"OXFORD COLLEGE OF ARTS, BUSINESS AND TECHNOLOGY, BARRIE",BARRIE,L4M3C1,ACCOUNTING & PAYROLL ADMINISTRATION,Business,Accounting,Y,0.63,0.75,0.25,0.40,ND,ND
200869,"OXFORD COLLEGE OF ARTS, BUSINESS AND TECHNOLOGY INC.",181016,"OXFORD COLLEGE OF ARTS, BUSINESS AND TECHNOLOGY, BARRIE",BARRIE,L4M3C1,ADVANCED ESTHETICS & SPA OPERATIONS,Human Services,Esthetics/Medical Esthetics,Y,0.80,1.00,1.00,0.50,ND,ND
200869,"OXFORD COLLEGE OF ARTS, BUSINESS AND TECHNOLOGY INC.",181016,"OXFORD COLLEGE OF ARTS, BUSINESS AND TECHNOLOGY, BARRIE",BARRIE,L4M3C1,BUSINESS MANAGEMENT,Business,Business Administration,Y,0.71,1.00,1.00,0.75,1.00,ND
200869,"OXFORD COLLEGE OF ARTS, BUSINESS AND TECHNOLOGY INC.",181016,"OXFORD COLLEGE OF ARTS, BUSINESS AND TECHNOLOGY, BARRIE",BARRIE,L4M3C1,COMMUNITY & DEVELOPMENTAL SERVICE WORKER,Community and Social Services,Community Services Worker,Y,0.64,1.00,1.00,0.67,ND,ND
200869,"OXFORD COLLEGE OF ARTS, BUSINESS AND TECHNOLOGY INC.",181016,"OXFORD COLLEGE OF ARTS, BUSINESS AND TECHNOLOGY, BARRIE",BARRIE,L4M3C1,COMMUNITY SERVICE WORKER,Community and Social Services,Community Services Worker,Y,ND,SS,SS,SS,ND,ND
200869,"OXFORD COLLEGE OF ARTS, BUSINESS AND TECHNOLOGY INC.",181016,"OXFORD COLLEGE OF ARTS, BUSINESS AND TECHNOLOGY, BARRIE",BARRIE,L4M3C1,EXECUTIVE OFFICE ASSISTANT,Business,Office Administration,Y,SS,0.86,0.29,0.67,ND,ND
200869,"OXFORD COLLEGE OF ARTS, BUSINESS AND TECHNOLOGY INC.",181016,"OXFORD COLLEGE OF ARTS, BUSINESS AND TECHNOLOGY, BARRIE",BARRIE,L4M3C1,INTRA ORAL DENTAL ASSISTING LEVEL 1 & 2,Health Services,Office/Clerical/Administration - Dental/Medical,Y,0.94,1.00,0.91,0.91,1.00,ND
200869,"OXFORD COLLEGE OF ARTS, BUSINESS AND TECHNOLOGY INC.",181016,"OXFORD COLLEGE OF ARTS, BUSINESS AND TECHNOLOGY, BARRIE",BARRIE,L4M3C1,MASSAGE THERAPY,Health Services,Massage Therapist,Y,SS,SS,SS,0.67,ND,ND
200869,"OXFORD COLLEGE OF ARTS, BUSINESS AND TECHNOLOGY INC.",181016,"OXFORD COLLEGE OF ARTS, BUSINESS AND TECHNOLOGY, BARRIE",BARRIE,L4M3C1,MEDICAL LAB ASSISTANT/TECHNICIAN,Health Services,Medical Laboratory Technician,Y,0.61,0.64,0.50,0.60,ND,ND
200869,"OXFORD COLLEGE OF ARTS, BUSINESS AND TECHNOLOGY INC.",181016,"OXFORD COLLEGE OF ARTS, BUSINESS AND TECHNOLOGY, BARRIE",BARRIE,L4M3C1,MEDICAL OFFICE ASSISTANT,Health Services,Medical Office Administration/Management,Y,0.93,0.71,0.43,0.71,1.00,ND
200872,TORONTO LEARNING INC.,+,+,,,+,,,Y,0.83,0.58,0.46,0.78,0.00,ND
200872,TORONTO LEARNING INC.,102087,"SUNVIEW COLLEGE - BUSINESS TECHNOLOGY HEALTHCARE, TORONTO",ETOBICOKE,M9V3Y6,+,,,Y,SS,ND,ND,ND,ND,ND
200872,TORONTO LEARNING INC.,102087,"SUNVIEW COLLEGE - BUSINESS TECHNOLOGY HEALTHCARE, TORONTO",ETOBICOKE,M9V3Y6,MEDICAL OFFICE ADMINISTRATION,Applied Arts and Science,Music Production and Recording Arts Technology,Y,SS,ND,ND,ND,ND,ND
200872,TORONTO LEARNING INC.,102093,"SUNVIEW COLLEGE - BUSINESS TECHNOLOGY HEALTHCARE, MISSISSAUGA",MISSISSAUGA,L4X1L9,+,,,Y,SS,ND,ND,ND,ND,ND
200872,TORONTO LEARNING INC.,102093,"SUNVIEW COLLEGE - BUSINESS TECHNOLOGY HEALTHCARE, MISSISSAUGA",MISSISSAUGA,L4X1L9,CULINARY & HOSPITALITY OPERATIONS MANAGEMENT,Service Trade,Chef,Y,SS,ND,ND,ND,ND,ND
200872,TORONTO LEARNING INC.,134096,"SUNVIEW COLLEGE - BUSINESS TECHNOLOGY HEALTHCARE, BRAMPTON",BRAMPTON,L6P2L1,+,,,Y,0.82,0.58,0.46,0.78,0.00,0.09
200872,TORONTO LEARNING INC.,134096,"SUNVIEW COLLEGE - BUSINESS TECHNOLOGY HEALTHCARE, BRAMPTON",BRAMPTON,L6P2L1,EARLY CHILDCARE ASSISTANT,Human Services,Early Childhood Assistant,Y,0.80,0.71,0.71,0.75,0.00,ND
200872,TORONTO LEARNING INC.,134096,"SUNVIEW COLLEGE - BUSINESS TECHNOLOGY HEALTHCARE, BRAMPTON",BRAMPTON,L6P2L1,ESTHETICS,Human Services,Esthetics/Medical Esthetics,Y,0.57,0.33,0.33,0.67,ND,ND
200872,TORONTO LEARNING INC.,134096,"SUNVIEW COLLEGE - BUSINESS TECHNOLOGY HEALTHCARE, BRAMPTON",BRAMPTON,L6P2L1,NACC PSW 2015,Health Services,Personal Support Worker/Personal Attendant,Y,0.76,0.67,0.56,0.78,ND,ND
200872,TORONTO LEARNING INC.,134096,"SUNVIEW COLLEGE - BUSINESS TECHNOLOGY HEALTHCARE, BRAMPTON",BRAMPTON,L6P2L1,OFFICE ADMINISTRATION - GENERAL,Business,Office Administration,Y,0.80,SS,SS,SS,ND,ND
200872,TORONTO LEARNING INC.,134096,"SUNVIEW COLLEGE - BUSINESS TECHNOLOGY HEALTHCARE, BRAMPTON",BRAMPTON,L6P2L1,OFFICE ADMINISTRATION - MEDICAL,Business,Office Administration,Y,1.00,0.00,0.00,1.00,ND,ND
200872,TORONTO LEARNING INC.,134096,"SUNVIEW COLLEGE - BUSINESS TECHNOLOGY HEALTHCARE, BRAMPTON",BRAMPTON,L6P2L1,OFFICE ADMINISTRATION PROFESSIONAL,Business,Office Administration,Y,0.96,0.67,0.00,0.80,ND,ND
200905,TORONTO COLLEGE OF DENTAL HYGIENE & AUXILIARIES INC.,+,+,,,+,,,Y,0.93,0.85,0.83,0.72,1.00,ND
200905,TORONTO COLLEGE OF DENTAL HYGIENE & AUXILIARIES INC.,102193,"TORONTO COLLEGE OF DENTAL HYGIENE & AUXILIARIES INC., TORONTO",TORONTO,M3J2B8,+,,,Y,0.93,0.85,0.83,0.72,1.00,0.01
200905,TORONTO COLLEGE OF DENTAL HYGIENE & AUXILIARIES INC.,102193,"TORONTO COLLEGE OF DENTAL HYGIENE & AUXILIARIES INC., TORONTO",TORONTO,M3J2B8,DENTAL ASSISTING LEVEL II,Health Services,Office/Clerical/Administration - Dental/Medical,Y,ND,ND,ND,ND,ND,ND
200905,TORONTO COLLEGE OF DENTAL HYGIENE & AUXILIARIES INC.,102193,"TORONTO COLLEGE OF DENTAL HYGIENE & AUXILIARIES INC., TORONTO",TORONTO,M3J2B8,DENTAL HYGIENE,Health Services,Dental Hygienist,Y,0.93,0.86,0.83,0.72,1.00,ND
200905,TORONTO COLLEGE OF DENTAL HYGIENE & AUXILIARIES INC.,102193,"TORONTO COLLEGE OF DENTAL HYGIENE & AUXILIARIES INC., TORONTO",TORONTO,M3J2B8,INTRA ORAL DENTAL ASSISTING LEVEL I & II,Health Services,Dental Chairside Assistant,Y,1.00,0.50,0.50,0.67,ND,ND
200908,OFELIA PAGUIRIGAN,+,+,,,+,,,Y,0.65,0.88,0.65,0.94,ND,ND
200908,OFELIA PAGUIRIGAN,102202,"DAN ROBERT COLLEGE OF HEALTH CARE, TORONTO",TORONTO,M6A2A4,+,,,Y,0.65,0.88,0.65,0.94,ND,ND
200908,OFELIA PAGUIRIGAN,102202,"DAN ROBERT COLLEGE OF HEALTH CARE, TORONTO",TORONTO,M6A2A4,DEVELOPMENTAL SERVICES WORKER,Community and Social Services,Community Services Worker,Y,0.43,SS,SS,SS,ND,ND
200908,OFELIA PAGUIRIGAN,102202,"DAN ROBERT COLLEGE OF HEALTH CARE, TORONTO",TORONTO,M6A2A4,EARLY CHILDCARE ASSISTANT PROGRAM,Human Services,Early Childhood Assistant,Y,SS,ND,ND,ND,ND,ND
200908,OFELIA PAGUIRIGAN,102202,"DAN ROBERT COLLEGE OF HEALTH CARE, TORONTO",TORONTO,M6A2A4,NACC PSW 2015 (P/T),Health Services,Personal Support Worker/Personal Attendant,Y,0.63,1.00,0.50,1.00,ND,ND
200908,OFELIA PAGUIRIGAN,102202,"DAN ROBERT COLLEGE OF HEALTH CARE, TORONTO",TORONTO,M6A2A4,NACC PSW 2015 (40 WEEKS)*,Health Services,Personal Support Worker/Personal Attendant,Y,SS,See combined program results below,See combined program results below,See combined program results below,See combined program results below,ND
200908,OFELIA PAGUIRIGAN,102202,"DAN ROBERT COLLEGE OF HEALTH CARE, TORONTO",TORONTO,M6A2A4,NACC PSW 2015 (45 WEEKS)*,Health Services,Personal Support Worker/Personal Attendant,Y,0.90,See combined program results below,See combined program results below,See combined program results below,See combined program results below,ND
200908,OFELIA PAGUIRIGAN,102202,"DAN ROBERT COLLEGE OF HEALTH CARE, TORONTO",TORONTO,M6A2A4,NACC PSW 2015 (COMBINED 40 WEEKS AND 45 WEEKS)**,Health Services,Personal Support Worker/Personal Attendant,Y,See program results above,0.82,0.64,0.92,ND,See program results above
200911,CJ TRADING INTERNATIONAL INC.,+,+,,,+,,,Y,0.85,0.70,0.70,0.90,1.00,ND
200911,CJ TRADING INTERNATIONAL INC.,102208,"VICTORIA INTERNATIONAL COLLEGE OF BUSINESS & TECHNOLOGY, TORONTO",TORONTO,M2J1P8,+,,,Y,0.85,0.70,0.70,0.90,1.00,ND
200911,CJ TRADING INTERNATIONAL INC.,102208,"VICTORIA INTERNATIONAL COLLEGE OF BUSINESS & TECHNOLOGY, TORONTO",TORONTO,M2J1P8,COMPUTERIZED ACCOUNTING,Business,Business Administration,Y,SS,SS,SS,SS,ND,ND
200911,CJ TRADING INTERNATIONAL INC.,102208,"VICTORIA INTERNATIONAL COLLEGE OF BUSINESS & TECHNOLOGY, TORONTO",TORONTO,M2J1P8,EARLY CHILDCARE ASSISTANT,Human Services,Early Childhood Assistant,Y,SS,SS,SS,SS,1.00,ND
200911,CJ TRADING INTERNATIONAL INC.,102208,"VICTORIA INTERNATIONAL COLLEGE OF BUSINESS & TECHNOLOGY, TORONTO",TORONTO,M2J1P8,NACC PSW 2015,Health Services,Personal Support Worker/Personal Attendant,Y,0.82,0.75,0.75,1.00,ND,ND
200911,CJ TRADING INTERNATIONAL INC.,102208,"VICTORIA INTERNATIONAL COLLEGE OF BUSINESS & TECHNOLOGY, TORONTO",TORONTO,M2J1P8,SOFTWARE DEVELOPMENT,Computer and Information Technology,Information Technology,Y,SS,SS,SS,SS,ND,ND
200925,METALWORKS INSTITUTE INC.,+,+,,,+,,,Y,0.54,0.88,0.56,0.53,ND,ND
200925,METALWORKS INSTITUTE INC.,102241,"METALWORKS INSTITUTE OF SOUND & MUSIC PRODUCTION, MISSISSAUGA",MISSISSAUGA,L5C1T7,+,,,Y,0.54,0.88,0.56,0.53,ND,0.10
200925,METALWORKS INSTITUTE INC.,102241,"METALWORKS INSTITUTE OF SOUND & MUSIC PRODUCTION, MISSISSAUGA",MISSISSAUGA,L5C1T7,AUDIO PRODUCTION & ENGINEERING (DISTANCE EDUCATION),Applied Arts and Science,Music Production and Recording Arts Technology,Y,SS,SS,SS,SS,ND,ND
200925,METALWORKS INSTITUTE INC.,102241,"METALWORKS INSTITUTE OF SOUND & MUSIC PRODUCTION, MISSISSAUGA",MISSISSAUGA,L5C1T7,AUDIO PRODUCTION & ENGINEERING (HYBRID),Applied Arts and Science,Music Production and Recording Arts Technology,Y,SS,SS,SS,SS,ND,ND
200925,METALWORKS INSTITUTE INC.,102241,"METALWORKS INSTITUTE OF SOUND & MUSIC PRODUCTION, MISSISSAUGA",MISSISSAUGA,L5C1T7,AUDIO PRODUCTION & ENGINEERING,Applied Arts and Science,Music Production and Recording Arts Technology,Y,0.55,ND,ND,ND,ND,ND
200925,METALWORKS INSTITUTE INC.,102241,"METALWORKS INSTITUTE OF SOUND & MUSIC PRODUCTION, MISSISSAUGA",MISSISSAUGA,L5C1T7,ELECTRONIC MUSIC PRODUCTION (DISTANCE EDUCATION),Applied Arts and Science,Music Production and Recording Arts Technology,Y,ND,SS,SS,SS,ND,ND
200925,METALWORKS INSTITUTE INC.,102241,"METALWORKS INSTITUTE OF SOUND & MUSIC PRODUCTION, MISSISSAUGA",MISSISSAUGA,L5C1T7,ELECTRONIC MUSIC PRODUCTION (HYBRID),Applied Arts and Science,Music Production and Recording Arts Technology,Y,ND,SS,SS,SS,ND,ND
200925,METALWORKS INSTITUTE INC.,102241,"METALWORKS INSTITUTE OF SOUND & MUSIC PRODUCTION, MISSISSAUGA",MISSISSAUGA,L5C1T7,ELECTRONIC MUSIC PRODUCTION,Applied Arts and Science,Music Production and Recording Arts Technology,Y,0.48,ND,ND,ND,ND,ND
200925,METALWORKS INSTITUTE INC.,102241,"METALWORKS INSTITUTE OF SOUND & MUSIC PRODUCTION, MISSISSAUGA",MISSISSAUGA,L5C1T7,LIVE EVENT & CONCERT PRODUCTION (HYBRID),Applied Arts and Science,Performing Arts,Y,ND,ND,ND,ND,ND,ND
200925,METALWORKS INSTITUTE INC.,102241,"METALWORKS INSTITUTE OF SOUND & MUSIC PRODUCTION, MISSISSAUGA",MISSISSAUGA,L5C1T7,LIVE EVENT & CONCERT PRODUCTION,Applied Arts and Science,Performing Arts,Y,SS,ND,ND,ND,ND,ND
200925,METALWORKS INSTITUTE INC.,102241,"METALWORKS INSTITUTE OF SOUND & MUSIC PRODUCTION, MISSISSAUGA",MISSISSAUGA,L5C1T7,LIVE SOUND (HYBRID),Applied Arts and Science,Music Production and Recording Arts Technology,Y,SS,SS,SS,SS,ND,ND
200925,METALWORKS INSTITUTE INC.,102241,"METALWORKS INSTITUTE OF SOUND & MUSIC PRODUCTION, MISSISSAUGA",MISSISSAUGA,L5C1T7,MUSIC BUSINESS (DISTANCE EDUCATION),Applied Arts and Science,Music Production and Recording Arts Technology,Y,ND,ND,ND,ND,ND,ND
200925,METALWORKS INSTITUTE INC.,102241,"METALWORKS INSTITUTE OF SOUND & MUSIC PRODUCTION, MISSISSAUGA",MISSISSAUGA,L5C1T7,MUSIC BUSINESS,Applied Arts and Science,Music Production and Recording Arts Technology,Y,SS,ND,ND,ND,ND,ND
200925,METALWORKS INSTITUTE INC.,102241,"METALWORKS INSTITUTE OF SOUND & MUSIC PRODUCTION, MISSISSAUGA",MISSISSAUGA,L5C1T7,MUSIC MIXING & MASTERING,Applied Arts and Science,Music Production and Recording Arts Technology,Y,0.83,ND,ND,ND,ND,ND
200925,METALWORKS INSTITUTE INC.,102241,"METALWORKS INSTITUTE OF SOUND & MUSIC PRODUCTION, MISSISSAUGA",MISSISSAUGA,L5C1T7,MUSIC PERFORMANCE & TECHNOLOGY,Applied Arts and Science,Music Production and Recording Arts Technology,Y,0.33,SS,SS,SS,ND,ND
200925,METALWORKS INSTITUTE INC.,102241,"METALWORKS INSTITUTE OF SOUND & MUSIC PRODUCTION, MISSISSAUGA",MISSISSAUGA,L5C1T7,MUSIC PERFORMANCE,Applied Arts and Science,Music Production and Recording Arts Technology,Y,ND,SS,SS,SS,ND,ND
200925,METALWORKS INSTITUTE INC.,102241,"METALWORKS INSTITUTE OF SOUND & MUSIC PRODUCTION, MISSISSAUGA",MISSISSAUGA,L5C1T7,PROFESSIONAL SOUND & BUSINESS (LIVE PRODUCTION MAJOR),Applied Arts and Science,Music Production and Recording Arts Technology,Y,SS,ND,ND,ND,ND,ND
200925,METALWORKS INSTITUTE INC.,102241,"METALWORKS INSTITUTE OF SOUND & MUSIC PRODUCTION, MISSISSAUGA",MISSISSAUGA,L5C1T7,PROFESSIONAL SOUND & BUSINESS (STUDIO PRODUCTION MAJOR),Applied Arts and Science,Music Production and Recording Arts Technology,Y,0.32,1.00,1.00,1.00,ND,ND
200925,METALWORKS INSTITUTE INC.,102241,"METALWORKS INSTITUTE OF SOUND & MUSIC PRODUCTION, MISSISSAUGA",MISSISSAUGA,L5C1T7,PROFESSIONAL SOUND (AUDIO SPECIALIST),Applied Arts and Science,Music Production and Recording Arts Technology,Y,SS,ND,ND,ND,ND,ND
200925,METALWORKS INSTITUTE INC.,102241,"METALWORKS INSTITUTE OF SOUND & MUSIC PRODUCTION, MISSISSAUGA",MISSISSAUGA,L5C1T7,STAGE LIGHTING & VIDEO,Applied Arts and Science,Music Production and Recording Arts Technology,Y,0.83,0.67,0.67,0.33,ND,ND
200930,YORKVILLE EDUCATION LP,+,+,,,+,,,Y,0.52,0.54,0.25,0.44,1.00,ND
200930,YORKVILLE EDUCATION LP,110740,"TORONTO FILM SCHOOL, DUNDAS SQUARE CAMPUS",TORONTO,M5B2G9,+,,,Y,0.52,0.54,0.25,0.44,1.00,0.14
200930,YORKVILLE EDUCATION LP,110740,"TORONTO FILM SCHOOL, DUNDAS SQUARE CAMPUS",TORONTO,M5B2G9,"ACTING FOR FILM, TV & THE THEATER",Applied Arts and Science,Performing Arts,Y,0.54,0.50,0.07,0.53,1.00,ND
200930,YORKVILLE EDUCATION LP,110740,"TORONTO FILM SCHOOL, DUNDAS SQUARE CAMPUS",TORONTO,M5B2G9,FILM PRODUCTION*,Applied Arts and Science,Music Production and Recording Arts Technology,Y,0.48,0.80,0.56,0.50,1.00,ND
200930,YORKVILLE EDUCATION LP,110740,"TORONTO FILM SCHOOL, DUNDAS SQUARE CAMPUS",TORONTO,M5B2G9,GRAPHIC DESIGN AND INTERACTIVE MEDIA,Applied Arts and Science,Other - Applied Arts and Sciences,Y,0.73,0.47,0.20,0.44,ND,ND
200930,YORKVILLE EDUCATION LP,110740,"TORONTO FILM SCHOOL, DUNDAS SQUARE CAMPUS",TORONTO,M5B2G9,VIDEO GAME DESIGN & ANIMATION,Applied Arts and Science,Animations,Y,0.46,0.25,0.00,0.20,ND,ND
200930,YORKVILLE EDUCATION LP,110740,"TORONTO FILM SCHOOL, DUNDAS SQUARE CAMPUS",TORONTO,M5B2G9,VIDEO GAME DESIGN & DEVELOPMENT,Applied Arts and Science,Game/Interactive Media Design,Y,0.43,0.36,0.18,0.25,ND,ND
200930,YORKVILLE EDUCATION LP,110740,"TORONTO FILM SCHOOL, DUNDAS SQUARE CAMPUS",TORONTO,M5B2G9,WRITING FOR FILM AND TV,Applied Arts and Science,Music Production and Recording Arts Technology,Y,0.69,0.50,0.30,0.43,1.00,ND
200934,ROMY BURFITT,+,+,,,+,,,Y,SS,ND,ND,ND,ND,ND
200934,ROMY BURFITT,102267,"COLLEGE OF HEALTH STUDIES, BRAMPTON",BRAMPTON,L6V1A2,+,,,Y,SS,ND,ND,ND,ND,ND
200934,ROMY BURFITT,102267,"COLLEGE OF HEALTH STUDIES, BRAMPTON",BRAMPTON,L6V1A2,MENTAL HEALTH AND ADDICTIONS COUNSELLING DIPLOMA,Community and Social Services,Community Services Worker,Y,SS,ND,ND,ND,ND,ND
200934,ROMY BURFITT,102267,"COLLEGE OF HEALTH STUDIES, BRAMPTON",BRAMPTON,L6V1A2,NUTRITION AND DIET THERAPY DIPLOMA ONLINE,Health Services,Other - Health Services,Y,ND,ND,ND,ND,ND,ND
200934,ROMY BURFITT,102267,"COLLEGE OF HEALTH STUDIES, BRAMPTON",BRAMPTON,L6V1A2,PERSONAL SUPPORT WORKER CERTIFICATE ONLINE HYBRID,Health Services,Other - Health Services,Y,SS,ND,ND,ND,ND,ND
200946,RAELIN MANAGEMENT CONSULTANTS,+,+,,,+,,,Y,0.63,0.62,0.47,0.78,1.00,ND
200946,RAELIN MANAGEMENT CONSULTANTS,101286,"ACADEMY OF LEARNING CAREER AND BUSINESS COLLEGE, HAMILTON/MAIN",HAMILTON,L8N1J7,+,,,Y,0.63,0.62,0.47,0.78,1.00,0.06
200946,RAELIN MANAGEMENT CONSULTANTS,101286,"ACADEMY OF LEARNING CAREER AND BUSINESS COLLEGE, HAMILTON/MAIN",HAMILTON,L8N1J7,ACCOUNTING AND PAYROLL ADMINISTRATOR,Business,Accounting,Y,0.40,ND,ND,ND,ND,ND
200946,RAELIN MANAGEMENT CONSULTANTS,101286,"ACADEMY OF LEARNING CAREER AND BUSINESS COLLEGE, HAMILTON/MAIN",HAMILTON,L8N1J7,ADMINISTRATIVE ASSISTANT,Business,Office Administration,Y,ND,SS,SS,SS,ND,ND
200946,RAELIN MANAGEMENT CONSULTANTS,101286,"ACADEMY OF LEARNING CAREER AND BUSINESS COLLEGE, HAMILTON/MAIN",HAMILTON,L8N1J7,BUSINESS ACCOUNTING,Business,Accounting,Y,SS,ND,ND,ND,ND,ND
200946,RAELIN MANAGEMENT CONSULTANTS,101286,"ACADEMY OF LEARNING CAREER AND BUSINESS COLLEGE, HAMILTON/MAIN",HAMILTON,L8N1J7,BUSINESS ADMINISTRATION DIPLOMA,Business,Office Administration,Y,0.77,0.75,0.25,0.33,ND,ND
200946,RAELIN MANAGEMENT CONSULTANTS,101286,"ACADEMY OF LEARNING CAREER AND BUSINESS COLLEGE, HAMILTON/MAIN",HAMILTON,L8N1J7,BUSINESS OFFICE SKILLS,Business,Office Administration,Y,SS,ND,ND,ND,ND,ND
200946,RAELIN MANAGEMENT CONSULTANTS,101286,"ACADEMY OF LEARNING CAREER AND BUSINESS COLLEGE, HAMILTON/MAIN",HAMILTON,L8N1J7,COMMUNITY SERVICE WORKER VIRTUAL LEARNING,Community and Social Services,Community Services Worker,Y,SS,ND,ND,ND,ND,ND
200946,RAELIN MANAGEMENT CONSULTANTS,101286,"ACADEMY OF LEARNING CAREER AND BUSINESS COLLEGE, HAMILTON/MAIN",HAMILTON,L8N1J7,COMMUNITY SERVICE WORKER WITH CAPSTONE PROJECT VIRTUAL LEARNING,Community and Social Services,Community Services Worker,Y,ND,ND,ND,ND,ND,ND
200946,RAELIN MANAGEMENT CONSULTANTS,101286,"ACADEMY OF LEARNING CAREER AND BUSINESS COLLEGE, HAMILTON/MAIN",HAMILTON,L8N1J7,COMPUTER AIDED DRAFTING & DESIGN,Computer and Information Technology,Information Technology,Y,SS,SS,SS,SS,ND,ND
200946,RAELIN MANAGEMENT CONSULTANTS,101286,"ACADEMY OF LEARNING CAREER AND BUSINESS COLLEGE, HAMILTON/MAIN",HAMILTON,L8N1J7,COMPUTERIZED ACCOUNTING,Business,Accounting,Y,SS,ND,ND,ND,ND,ND
200946,RAELIN MANAGEMENT CONSULTANTS,101286,"ACADEMY OF LEARNING CAREER AND BUSINESS COLLEGE, HAMILTON/MAIN",HAMILTON,L8N1J7,CONFERENCE AND EVENT PLANNER,Business,Hospitality Administration/Management,Y,ND,SS,SS,1.00,ND,ND
200946,RAELIN MANAGEMENT CONSULTANTS,101286,"ACADEMY OF LEARNING CAREER AND BUSINESS COLLEGE, HAMILTON/MAIN",HAMILTON,L8N1J7,CUSTOMER SERVICE AND INFORMATION CLERK,Services,Customer Service/Retail Sales,Y,SS,SS,SS,SS,ND,ND
200946,RAELIN MANAGEMENT CONSULTANTS,101286,"ACADEMY OF LEARNING CAREER AND BUSINESS COLLEGE, HAMILTON/MAIN",HAMILTON,L8N1J7,DENTAL ADMINISTRATIVE ASSISTANT CERTIFICATE,Health Services,Office/Clerical/Administration - Dental/Medical,Y,ND,SS,SS,SS,ND,ND
200946,RAELIN MANAGEMENT CONSULTANTS,101286,"ACADEMY OF LEARNING CAREER AND BUSINESS COLLEGE, HAMILTON/MAIN",HAMILTON,L8N1J7,DENTAL ADMINISTRATIVE ASSISTANT,Health Services,Office/Clerical/Administration - Dental/Medical,Y,ND,ND,ND,ND,ND,ND
200946,RAELIN MANAGEMENT CONSULTANTS,101286,"ACADEMY OF LEARNING CAREER AND BUSINESS COLLEGE, HAMILTON/MAIN",HAMILTON,L8N1J7,GRAPHIC DESIGNER,Business,Marketing/Advertising,Y,SS,ND,ND,ND,ND,ND
200946,RAELIN MANAGEMENT CONSULTANTS,101286,"ACADEMY OF LEARNING CAREER AND BUSINESS COLLEGE, HAMILTON/MAIN",HAMILTON,L8N1J7,HOME INSPECTION DIPLOMA,Service Trade,Other- Service Trade,Y,1.00,1.00,0.00,1.00,ND,ND
200946,RAELIN MANAGEMENT CONSULTANTS,101286,"ACADEMY OF LEARNING CAREER AND BUSINESS COLLEGE, HAMILTON/MAIN",HAMILTON,L8N1J7,IT SECURITY SPECIALIST,Service Trade,Electronic Service Technician,Y,SS,ND,ND,ND,ND,ND
200946,RAELIN MANAGEMENT CONSULTANTS,101286,"ACADEMY OF LEARNING CAREER AND BUSINESS COLLEGE, HAMILTON/MAIN",HAMILTON,L8N1J7,MEDICAL OFFICE ADMINISTRATION,Health Services,Medical Office Administration/Management,Y,0.71,0.43,0.14,0.86,ND,ND
200946,RAELIN MANAGEMENT CONSULTANTS,101286,"ACADEMY OF LEARNING CAREER AND BUSINESS COLLEGE, HAMILTON/MAIN",HAMILTON,L8N1J7,MEDICAL OFFICE ASSISTANT WITH CAPSTONE PROJECT,Health Services,Medical Office Administration/Management,Y,SS,ND,ND,ND,ND,ND
200946,RAELIN MANAGEMENT CONSULTANTS,101286,"ACADEMY OF LEARNING CAREER AND BUSINESS COLLEGE, HAMILTON/MAIN",HAMILTON,L8N1J7,MEDICAL OFFICE ASSISTANT WITH HEALTH UNIT COORDINATOR SPECIALTY WITH CAPSTONE PROJECT,Health Services,Medical Office Administration/Management,Y,SS,ND,ND,ND,ND,ND
200946,RAELIN MANAGEMENT CONSULTANTS,101286,"ACADEMY OF LEARNING CAREER AND BUSINESS COLLEGE, HAMILTON/MAIN",HAMILTON,L8N1J7,MEDICAL OFFICE ASSISTANT,Health Services,Medical Office Administration/Management,Y,SS,ND,ND,ND,ND,ND
200946,RAELIN MANAGEMENT CONSULTANTS,101286,"ACADEMY OF LEARNING CAREER AND BUSINESS COLLEGE, HAMILTON/MAIN",HAMILTON,L8N1J7,MEDICAL RECEPTIONIST,Health Services,Medical Office Administration/Management,Y,SS,ND,ND,ND,ND,ND
200946,RAELIN MANAGEMENT CONSULTANTS,101286,"ACADEMY OF LEARNING CAREER AND BUSINESS COLLEGE, HAMILTON/MAIN",HAMILTON,L8N1J7,NETWORK ADMINISTRATOR,Computer and Information Technology,Information Technology,Y,SS,ND,ND,ND,ND,ND
200946,RAELIN MANAGEMENT CONSULTANTS,101286,"ACADEMY OF LEARNING CAREER AND BUSINESS COLLEGE, HAMILTON/MAIN",HAMILTON,L8N1J7,OFFICE ADMINISTRATION,Business,Office Administration,Y,SS,ND,ND,ND,ND,ND
200946,RAELIN MANAGEMENT CONSULTANTS,101286,"ACADEMY OF LEARNING CAREER AND BUSINESS COLLEGE, HAMILTON/MAIN",HAMILTON,L8N1J7,PAYROLL ADMINISTRATOR CERTIFICATE,Business,Banking and Financial Services,Y,SS,ND,ND,ND,ND,ND
200946,RAELIN MANAGEMENT CONSULTANTS,101286,"ACADEMY OF LEARNING CAREER AND BUSINESS COLLEGE, HAMILTON/MAIN",HAMILTON,L8N1J7,PC SUPPORT SPECIALIST,Computer and Information Technology,Information Technology,Y,ND,ND,ND,ND,ND,ND
200946,RAELIN MANAGEMENT CONSULTANTS,101286,"ACADEMY OF LEARNING CAREER AND BUSINESS COLLEGE, HAMILTON/MAIN",HAMILTON,L8N1J7,PERSONAL SUPPORT WORKER,Health Services,Personal Support Worker/Personal Attendant,Y,0.61,0.78,0.74,0.86,1.00,ND
200946,RAELIN MANAGEMENT CONSULTANTS,101286,"ACADEMY OF LEARNING CAREER AND BUSINESS COLLEGE, HAMILTON/MAIN",HAMILTON,L8N1J7,PROJECT ADMINISTRATION,Business,Business Administration,Y,SS,SS,SS,SS,ND,ND
200946,RAELIN MANAGEMENT CONSULTANTS,101286,"ACADEMY OF LEARNING CAREER AND BUSINESS COLLEGE, HAMILTON/MAIN",HAMILTON,L8N1J7,SALES PROFESSIONAL,Services,Customer Service/Retail Sales,Y,ND,SS,SS,SS,ND,ND
200946,RAELIN MANAGEMENT CONSULTANTS,101286,"ACADEMY OF LEARNING CAREER AND BUSINESS COLLEGE, HAMILTON/MAIN",HAMILTON,L8N1J7,WEB DESIGNER,Computer and Information Technology,Information Technology,Y,SS,ND,ND,ND,ND,ND
200962,1472359 ONTARIO LTD.,+,+,,,+,,,Y,0.65,0.74,0.38,0.69,1.00,ND
200962,1472359 ONTARIO LTD.,101512,"IBT COLLEGE BUSINESS TRAVEL & TOURISM TECHNOLOGY, TORONTO",TORONTO,M2N7E7,+,,,Y,0.65,0.74,0.38,0.69,1.00,ND
200962,1472359 ONTARIO LTD.,101512,"IBT COLLEGE BUSINESS TRAVEL & TOURISM TECHNOLOGY, TORONTO",TORONTO,M2N7E7,ADMINISTRATIVE ASSISTANT,Business,Office Administration,Y,ND,SS,SS,SS,ND,ND
200962,1472359 ONTARIO LTD.,101512,"IBT COLLEGE BUSINESS TRAVEL & TOURISM TECHNOLOGY, TORONTO",TORONTO,M2N7E7,BUSINESS ADMINISTRATION,Business,Business Administration,Y,SS,SS,SS,SS,ND,ND
200962,1472359 ONTARIO LTD.,101512,"IBT COLLEGE BUSINESS TRAVEL & TOURISM TECHNOLOGY, TORONTO",TORONTO,M2N7E7,BUSINESS MANAGEMENT AND ENTREPENEURSHIP,Business,Business Administration,Y,SS,0.83,0.33,0.71,ND,ND
200962,1472359 ONTARIO LTD.,101512,"IBT COLLEGE BUSINESS TRAVEL & TOURISM TECHNOLOGY, TORONTO",TORONTO,M2N7E7,FLIGHT ATTENDANT,Human Services,Other - Human Services,Y,0.92,0.60,0.00,0.83,ND,ND
200962,1472359 ONTARIO LTD.,101512,"IBT COLLEGE BUSINESS TRAVEL & TOURISM TECHNOLOGY, TORONTO",TORONTO,M2N7E7,HEALTH OFFICE ADMINISTRATOR,Health Services,Medical Office Administration/Management,Y,SS,SS,SS,SS,ND,ND
200962,1472359 ONTARIO LTD.,101512,"IBT COLLEGE BUSINESS TRAVEL & TOURISM TECHNOLOGY, TORONTO",TORONTO,M2N7E7,HOSPITALITY MANAGEMENT,Services,Travel and Tourism,Y,SS,ND,ND,ND,ND,ND
200962,1472359 ONTARIO LTD.,101512,"IBT COLLEGE BUSINESS TRAVEL & TOURISM TECHNOLOGY, TORONTO",TORONTO,M2N7E7,MICROSOFT .NET TECHNOLOGY SPECIALIST,Computer and Information Technology,Information Technology,Y,0.40,SS,SS,SS,ND,ND
200962,1472359 ONTARIO LTD.,101512,"IBT COLLEGE BUSINESS TRAVEL & TOURISM TECHNOLOGY, TORONTO",TORONTO,M2N7E7,MICROSOFT CERTIFIED SYSTEMS ENGINEER (MCSE),Computer and Information Technology,Information Technology,Y,ND,SS,SS,SS,ND,ND
200962,1472359 ONTARIO LTD.,101512,"IBT COLLEGE BUSINESS TRAVEL & TOURISM TECHNOLOGY, TORONTO",TORONTO,M2N7E7,NETWORK ADMINISTRATOR,Computer and Information Technology,Information Technology,Y,SS,SS,SS,SS,ND,ND
200962,1472359 ONTARIO LTD.,101512,"IBT COLLEGE BUSINESS TRAVEL & TOURISM TECHNOLOGY, TORONTO",TORONTO,M2N7E7,NETWORK ENGINEERING,Computer and Information Technology,Information Technology,Y,SS,SS,SS,SS,ND,ND
200962,1472359 ONTARIO LTD.,101512,"IBT COLLEGE BUSINESS TRAVEL & TOURISM TECHNOLOGY, TORONTO",TORONTO,M2N7E7,PERSONAL SUPPORT WORKER,Health Services,Personal Support Worker/Personal Attendant,Y,ND,0.86,0.71,0.71,1.00,ND
200962,1472359 ONTARIO LTD.,101512,"IBT COLLEGE BUSINESS TRAVEL & TOURISM TECHNOLOGY, TORONTO",TORONTO,M2N7E7,PROGRAMMER/ANALYST,Computer and Information Technology,Information Technology,Y,SS,SS,SS,SS,ND,ND
200962,1472359 ONTARIO LTD.,101512,"IBT COLLEGE BUSINESS TRAVEL & TOURISM TECHNOLOGY, TORONTO",TORONTO,M2N7E7,TRAVEL AND TOURISM DIPLOMA,Services,Travel and Tourism,Y,0.00,0.70,0.30,0.67,ND,ND
201007,ACAMEDICA INC.,+,+,,,+,,,Y,0.77,ND,ND,ND,ND,ND
201007,ACAMEDICA INC.,102098,TORONTO HEALTH SCHOOL,TORONTO,M3B3M4,+,,,Y,0.77,ND,ND,ND,ND,ND
201007,ACAMEDICA INC.,102098,TORONTO HEALTH SCHOOL,TORONTO,M3B3M4,NACC PSW 2015,Health Services,Personal Support Worker/Personal Attendant,Y,0.77,ND,ND,ND,ND,ND
201016,S & A SPRINT DRIVING SCHOOL INC.,+,+,,,+,,,Y,0.98,0.90,0.85,1.00,ND,ND
201016,S & A SPRINT DRIVING SCHOOL INC.,101278,"S & A SPRINT DRIVING SCHOOL INC., TORONTO",TORONTO,M2R1Z3,+,,,Y,0.98,0.90,0.85,1.00,ND,ND
201016,S & A SPRINT DRIVING SCHOOL INC.,101278,"S & A SPRINT DRIVING SCHOOL INC., TORONTO",TORONTO,M2R1Z3,AZ TRACTOR-TRAILER (MELT),Tractor-Trailer / Driver Licensing,AZ Class Truck Driver,Y,0.98,0.90,0.85,1.00,ND,ND
201027,1326318 ONTARIO INC.,+,+,,,+,,,Y,0.84,0.66,0.32,0.60,1.00,ND
201027,1326318 ONTARIO INC.,102261,"METRO COLLEGE OF TECHNOLOGY, TORONTO/COLLEGE ST.",TORONTO,M3C1T5,+,,,Y,0.84,0.66,0.32,0.60,1.00,0.02
201027,1326318 ONTARIO INC.,102261,"METRO COLLEGE OF TECHNOLOGY, TORONTO/COLLEGE ST.",TORONTO,M3C1T5,ACCOUNTING AND PAYROLL ADMINISTRATION,Business,Accounting,Y,1.00,0.50,0.25,0.80,1.00,ND
201027,1326318 ONTARIO INC.,102261,"METRO COLLEGE OF TECHNOLOGY, TORONTO/COLLEGE ST.",TORONTO,M3C1T5,CIVIL ENGINEERING DESIGN AND TECHNOLOGY,Applied Arts and Science,Other - Applied Arts and Sciences,Y,0.73,0.73,0.36,0.82,1.00,ND
201027,1326318 ONTARIO INC.,102261,"METRO COLLEGE OF TECHNOLOGY, TORONTO/COLLEGE ST.",TORONTO,M3C1T5,CLOUD COMPUTING AND APPLICATION - ADVANCED DIPLOMA,Computer and Information Technology,Other - Information Technology,Y,SS,SS,SS,0.80,ND,ND
201027,1326318 ONTARIO INC.,102261,"METRO COLLEGE OF TECHNOLOGY, TORONTO/COLLEGE ST.",TORONTO,M3C1T5,CNC AND MASTERCAM TECHNOLOGY,Service Trade,Other- Service Trade,Y,0.63,0.00,0.00,1.00,ND,ND
201027,1326318 ONTARIO INC.,102261,"METRO COLLEGE OF TECHNOLOGY, TORONTO/COLLEGE ST.",TORONTO,M3C1T5,COMPUTERIZED ACCOUNTING & OFFICE ADMIN.,Business,Accounting,Y,0.85,0.75,0.50,0.80,ND,ND
201027,1326318 ONTARIO INC.,102261,"METRO COLLEGE OF TECHNOLOGY, TORONTO/COLLEGE ST.",TORONTO,M3C1T5,DATA SCIENCE AND APPLICATION - ADVANCED DIPLOMA,Computer and Information Technology,Other - Information Technology,Y,0.92,0.63,0.22,0.37,ND,ND
201027,1326318 ONTARIO INC.,102261,"METRO COLLEGE OF TECHNOLOGY, TORONTO/COLLEGE ST.",TORONTO,M3C1T5,MECHANICAL ENGINEERING DESIGN AND TECHNOLOGY,Service Trade,Other- Service Trade,Y,0.70,0.33,0.00,0.33,ND,ND
201027,1326318 ONTARIO INC.,102261,"METRO COLLEGE OF TECHNOLOGY, TORONTO/COLLEGE ST.",TORONTO,M3C1T5,NETWORK AND CLOUD ADMINISTRATION,Computer and Information Technology,Information Technology,Y,0.89,0.50,0.50,0.50,ND,ND
201027,1326318 ONTARIO INC.,102261,"METRO COLLEGE OF TECHNOLOGY, TORONTO/COLLEGE ST.",TORONTO,M3C1T5,SAP FICO ACCOUNTING SYSTEM - ADVANCED DIPLOMA,Computer and Information Technology,Information Technology,Y,1.00,1.00,0.00,1.00,ND,ND
201027,1326318 ONTARIO INC.,102261,"METRO COLLEGE OF TECHNOLOGY, TORONTO/COLLEGE ST.",TORONTO,M3C1T5,SAP SUPPLY CHAIN MANAGEMENT (SAP SCM),Business,Other - Business,Y,0.71,0.00,0.00,1.00,ND,ND
201027,1326318 ONTARIO INC.,102261,"METRO COLLEGE OF TECHNOLOGY, TORONTO/COLLEGE ST.",TORONTO,M3C1T5,STRUCTURAL ENGINEERING DESIGN AND TECHNOLOGY,Service Trade,Other- Service Trade,Y,0.77,1.00,0.50,0.75,ND,ND
201034,CANADIAN INSTITUTE OF TELECOMMUNICATIONS INC.,+,+,,,+,,,Y,0.71,0.69,0.54,0.75,0.88,ND
201034,CANADIAN INSTITUTE OF TELECOMMUNICATIONS INC.,101279,"CIMT COLLEGE, MALTON",MISSISSAUGA,L4T2T7,+,,,Y,0.73,0.65,0.52,0.75,1.00,ND
201034,CANADIAN INSTITUTE OF TELECOMMUNICATIONS INC.,101279,"CIMT COLLEGE, MALTON",MISSISSAUGA,L4T2T7,ARTIFICIAL INTELLIGENCE,Computer and Information Technology,Computer Engineering and Programming,Y,1.00,1.00,1.00,1.00,ND,ND
201034,CANADIAN INSTITUTE OF TELECOMMUNICATIONS INC.,101279,"CIMT COLLEGE, MALTON",MISSISSAUGA,L4T2T7,BUSINESS ADMINISTRATION,Business,Office Administration,Y,0.60,SS,SS,SS,ND,ND
201034,CANADIAN INSTITUTE OF TELECOMMUNICATIONS INC.,101279,"CIMT COLLEGE, MALTON",MISSISSAUGA,L4T2T7,BUSINESS MANAGEMENT,Business,Business Administration,Y,SS,SS,SS,SS,ND,ND
201034,CANADIAN INSTITUTE OF TELECOMMUNICATIONS INC.,101279,"CIMT COLLEGE, MALTON",MISSISSAUGA,L4T2T7,DATA ANALYTICS AND BUSINESS INTELLIGENCE,Computer and Information Technology,Other - Information Technology,Y,SS,ND,ND,ND,ND,ND
201034,CANADIAN INSTITUTE OF TELECOMMUNICATIONS INC.,101279,"CIMT COLLEGE, MALTON",MISSISSAUGA,L4T2T7,DENTAL OFFICE ADMINISTRATION (PART TIME),Health Services,Dental Office Administration,Y,SS,ND,ND,ND,ND,ND
201034,CANADIAN INSTITUTE OF TELECOMMUNICATIONS INC.,101279,"CIMT COLLEGE, MALTON",MISSISSAUGA,L4T2T7,DENTAL OFFICE ADMINISTRATION WITH INTERNSHIP,Health Services,Dental Office Administration,Y,0.33,SS,SS,SS,ND,ND
201034,CANADIAN INSTITUTE OF TELECOMMUNICATIONS INC.,101279,"CIMT COLLEGE, MALTON",MISSISSAUGA,L4T2T7,DENTAL OFFICE ADMINISTRATION,Health Services,Dental Office Administration,Y,1.00,0.67,0.67,0.40,ND,ND
201034,CANADIAN INSTITUTE OF TELECOMMUNICATIONS INC.,101279,"CIMT COLLEGE, MALTON",MISSISSAUGA,L4T2T7,EARLY CHILDCARE ASSISTANT,Human Services,Early Childhood Assistant,Y,0.50,ND,ND,ND,ND,ND
201034,CANADIAN INSTITUTE OF TELECOMMUNICATIONS INC.,101279,"CIMT COLLEGE, MALTON",MISSISSAUGA,L4T2T7,FOOD SERVICE WORKER (PART TIME),Services,Customer Service/Retail Sales,Y,0.75,ND,ND,ND,ND,ND
201034,CANADIAN INSTITUTE OF TELECOMMUNICATIONS INC.,101279,"CIMT COLLEGE, MALTON",MISSISSAUGA,L4T2T7,FOOD SERVICE WORKER,Services,Customer Service/Retail Sales,Y,0.82,0.83,0.75,0.83,1.00,ND
201034,CANADIAN INSTITUTE OF TELECOMMUNICATIONS INC.,101279,"CIMT COLLEGE, MALTON",MISSISSAUGA,L4T2T7,LEGAL OFFICE ADMINISTRATION,Law and Public Safety,Legal Office Administration,Y,SS,ND,ND,SS,ND,ND
201034,CANADIAN INSTITUTE OF TELECOMMUNICATIONS INC.,101279,"CIMT COLLEGE, MALTON",MISSISSAUGA,L4T2T7,MEDICAL OFFICE ADMINISTRATION (PART TIME),Business,Office Administration,Y,SS,ND,ND,ND,ND,ND
201034,CANADIAN INSTITUTE OF TELECOMMUNICATIONS INC.,101279,"CIMT COLLEGE, MALTON",MISSISSAUGA,L4T2T7,MEDICAL OFFICE ADMINISTRATION WITH HEALTH UNIT COORDINATING,Health Services,Medical Office Administration/Management,Y,0.88,0.67,0.33,1.00,ND,ND
201034,CANADIAN INSTITUTE OF TELECOMMUNICATIONS INC.,101279,"CIMT COLLEGE, MALTON",MISSISSAUGA,L4T2T7,MEDICAL OFFICE ADMINISTRATION,Business,Office Administration,Y,0.71,0.50,0.00,0.50,ND,ND
201034,CANADIAN INSTITUTE OF TELECOMMUNICATIONS INC.,101279,"CIMT COLLEGE, MALTON",MISSISSAUGA,L4T2T7,NACC PERSONAL SUPPORT WORKER DE 2022,Health Services,Personal Support Worker/Personal Attendant,Y,ND,0.83,0.83,0.83,ND,ND
201034,CANADIAN INSTITUTE OF TELECOMMUNICATIONS INC.,101279,"CIMT COLLEGE, MALTON",MISSISSAUGA,L4T2T7,NETWORK ADMINISTRATION,Computer and Information Technology,Information Technology,Y,0.86,0.00,0.00,1.00,ND,ND
201034,CANADIAN INSTITUTE OF TELECOMMUNICATIONS INC.,101279,"CIMT COLLEGE, MALTON",MISSISSAUGA,L4T2T7,PERSONAL SUPPORT WORKER (PART TIME),Health Services,Personal Support Worker/Personal Attendant,Y,SS,ND,ND,ND,ND,ND
201034,CANADIAN INSTITUTE OF TELECOMMUNICATIONS INC.,101279,"CIMT COLLEGE, MALTON",MISSISSAUGA,L4T2T7,PERSONAL SUPPORT WORKER BRIDGING,Health Services,Personal Support Worker/Personal Attendant,Y,SS,ND,ND,ND,ND,ND
201034,CANADIAN INSTITUTE OF TELECOMMUNICATIONS INC.,101279,"CIMT COLLEGE, MALTON",MISSISSAUGA,L4T2T7,PERSONAL SUPPORT WORKER,Health Services,Personal Support Worker/Personal Attendant,Y,0.76,0.56,0.44,0.78,ND,ND
201034,CANADIAN INSTITUTE OF TELECOMMUNICATIONS INC.,101279,"CIMT COLLEGE, MALTON",MISSISSAUGA,L4T2T7,POST GRADUATE DIPLOMA IN BUSINESS MANAGEMENT,Business,Business Administration,Y,0.14,SS,SS,SS,ND,ND
201034,CANADIAN INSTITUTE OF TELECOMMUNICATIONS INC.,101279,"CIMT COLLEGE, MALTON",MISSISSAUGA,L4T2T7,POST GRADUATE DIPLOMA IN TELECOMMUNICATIONS,Business,Business Administration,Y,SS,ND,ND,ND,ND,ND
201034,CANADIAN INSTITUTE OF TELECOMMUNICATIONS INC.,101279,"CIMT COLLEGE, MALTON",MISSISSAUGA,L4T2T7,RENOVATION AND CONSTRUCTION TECHNICIAN,Service Trade,Other- Service Trade,Y,SS,ND,ND,ND,ND,ND
201034,CANADIAN INSTITUTE OF TELECOMMUNICATIONS INC.,101279,"CIMT COLLEGE, MALTON",MISSISSAUGA,L4T2T7,TELECOMMUNICATIONS TECHNICIAN,Computer and Information Technology,Information Technology,Y,ND,SS,SS,SS,ND,ND
201034,CANADIAN INSTITUTE OF TELECOMMUNICATIONS INC.,103222,"CIMT COLLEGE, BRAMPTON",BRAMPTON,L6Y0P6,+,,,Y,0.67,0.68,0.47,0.79,0.50,ND
201034,CANADIAN INSTITUTE OF TELECOMMUNICATIONS INC.,103222,"CIMT COLLEGE, BRAMPTON",BRAMPTON,L6Y0P6,ACCOUNTING ADMINISTRATION (PART TIME),Business,Accounting and Payroll Administration,Y,0.89,1.00,1.00,1.00,ND,ND
201034,CANADIAN INSTITUTE OF TELECOMMUNICATIONS INC.,103222,"CIMT COLLEGE, BRAMPTON",BRAMPTON,L6Y0P6,ACCOUNTING ADMINISTRATION,Business,Accounting and Payroll Administration,Y,SS,SS,SS,SS,ND,ND
201034,CANADIAN INSTITUTE OF TELECOMMUNICATIONS INC.,103222,"CIMT COLLEGE, BRAMPTON",BRAMPTON,L6Y0P6,BUSINESS ADMINISTRATION,Business,Office Administration,Y,SS,ND,ND,ND,ND,ND
201034,CANADIAN INSTITUTE OF TELECOMMUNICATIONS INC.,103222,"CIMT COLLEGE, BRAMPTON",BRAMPTON,L6Y0P6,BUSINESS MANAGEMENT,Business,Business Administration,Y,SS,ND,ND,ND,ND,ND
201034,CANADIAN INSTITUTE OF TELECOMMUNICATIONS INC.,103222,"CIMT COLLEGE, BRAMPTON",BRAMPTON,L6Y0P6,COMMUNITY SERVICE AND ADDICTIONS WORKER,Health Services,Other - Health Services,Y,0.88,1.00,1.00,1.00,ND,ND
201034,CANADIAN INSTITUTE OF TELECOMMUNICATIONS INC.,103222,"CIMT COLLEGE, BRAMPTON",BRAMPTON,L6Y0P6,EARLY CHILDCARE ASSISTANT,Human Services,Early Childhood Assistant,Y,0.46,1.00,1.00,1.00,ND,ND
201034,CANADIAN INSTITUTE OF TELECOMMUNICATIONS INC.,103222,"CIMT COLLEGE, BRAMPTON",BRAMPTON,L6Y0P6,ESTHETICS,Human Services,Esthetics/Medical Esthetics,Y,SS,ND,ND,ND,ND,ND
201034,CANADIAN INSTITUTE OF TELECOMMUNICATIONS INC.,103222,"CIMT COLLEGE, BRAMPTON",BRAMPTON,L6Y0P6,FOOD SERVICE WORKER,Services,Customer Service/Retail Sales,Y,0.73,0.75,0.63,0.90,0.00,ND
201034,CANADIAN INSTITUTE OF TELECOMMUNICATIONS INC.,103222,"CIMT COLLEGE, BRAMPTON",BRAMPTON,L6Y0P6,MEDICAL OFFICE ADMINISTRATION WITH HEALTH UNIT COORDINATING,Health Services,Medical Office Administration/Management,Y,0.57,SS,SS,SS,ND,ND
201034,CANADIAN INSTITUTE OF TELECOMMUNICATIONS INC.,103222,"CIMT COLLEGE, BRAMPTON",BRAMPTON,L6Y0P6,MEDICAL OFFICE ADMINISTRATION,Business,Office Administration,Y,0.78,0.50,0.00,0.00,ND,ND
201034,CANADIAN INSTITUTE OF TELECOMMUNICATIONS INC.,103222,"CIMT COLLEGE, BRAMPTON",BRAMPTON,L6Y0P6,NACC EARLY CHILDHOOD ASSISTANT,Human Services,Early Childhood Assistant,Y,ND,ND,ND,ND,ND,ND
201034,CANADIAN INSTITUTE OF TELECOMMUNICATIONS INC.,103222,"CIMT COLLEGE, BRAMPTON",BRAMPTON,L6Y0P6,NACC PERSONAL SUPPORT WORKER DE 2022,Health Services,Personal Support Worker/Personal Attendant,Y,ND,SS,SS,SS,ND,ND
201034,CANADIAN INSTITUTE OF TELECOMMUNICATIONS INC.,103222,"CIMT COLLEGE, BRAMPTON",BRAMPTON,L6Y0P6,NETWORK ADMINISTRATION (PART TIME),Computer and Information Technology,Information Technology,Y,0.73,ND,ND,ND,ND,ND
201034,CANADIAN INSTITUTE OF TELECOMMUNICATIONS INC.,103222,"CIMT COLLEGE, BRAMPTON",BRAMPTON,L6Y0P6,PARALEGAL,Law and Public Safety,Paralegal,Y,0.57,0.83,0.50,0.75,1.00,ND
201034,CANADIAN INSTITUTE OF TELECOMMUNICATIONS INC.,103222,"CIMT COLLEGE, BRAMPTON",BRAMPTON,L6Y0P6,PERSONAL SUPPORT WORKER (PART TIME),Health Services,Personal Support Worker/Personal Attendant,Y,0.88,ND,ND,ND,ND,ND
201034,CANADIAN INSTITUTE OF TELECOMMUNICATIONS INC.,103222,"CIMT COLLEGE, BRAMPTON",BRAMPTON,L6Y0P6,PERSONAL SUPPORT WORKER BRIDGING,Health Services,Personal Support Worker/Personal Attendant,Y,SS,ND,ND,ND,ND,ND
201034,CANADIAN INSTITUTE OF TELECOMMUNICATIONS INC.,103222,"CIMT COLLEGE, BRAMPTON",BRAMPTON,L6Y0P6,PERSONAL SUPPORT WORKER,Health Services,Personal Support Worker/Personal Attendant,Y,0.71,0.56,0.31,0.79,ND,ND
201034,CANADIAN INSTITUTE OF TELECOMMUNICATIONS INC.,103222,"CIMT COLLEGE, BRAMPTON",BRAMPTON,L6Y0P6,SUPPLY CHAIN AND LOGISTICS MANAGEMENT,Business,Other - Business,Y,SS,SS,SS,SS,ND,ND
201034,CANADIAN INSTITUTE OF TELECOMMUNICATIONS INC.,146554,"CIMT COLLEGE, MISSISSAUGA",MISSISSAUGA,L5B3J2,+,,,Y,0.65,0.67,0.63,0.63,1.00,ND
201034,CANADIAN INSTITUTE OF TELECOMMUNICATIONS INC.,146554,"CIMT COLLEGE, MISSISSAUGA",MISSISSAUGA,L5B3J2,ACCOUNTING ADMINISTRATION,Business,Accounting and Payroll Administration,Y,SS,SS,SS,SS,ND,ND
201034,CANADIAN INSTITUTE OF TELECOMMUNICATIONS INC.,146554,"CIMT COLLEGE, MISSISSAUGA",MISSISSAUGA,L5B3J2,BUSINESS ADMINISTRATION,Business,Office Administration,Y,SS,ND,ND,ND,ND,ND
201034,CANADIAN INSTITUTE OF TELECOMMUNICATIONS INC.,146554,"CIMT COLLEGE, MISSISSAUGA",MISSISSAUGA,L5B3J2,BUSINESS MANAGEMENT,Business,Business Administration,Y,SS,ND,ND,ND,ND,ND
201034,CANADIAN INSTITUTE OF TELECOMMUNICATIONS INC.,146554,"CIMT COLLEGE, MISSISSAUGA",MISSISSAUGA,L5B3J2,DENTAL OFFICE ADMINISTRATION,Health Services,Dental Office Administration,Y,0.89,0.75,0.75,0.50,ND,ND
201034,CANADIAN INSTITUTE OF TELECOMMUNICATIONS INC.,146554,"CIMT COLLEGE, MISSISSAUGA",MISSISSAUGA,L5B3J2,EARLY CHILDCARE ASSISTANT,Human Services,Early Childhood Assistant,Y,0.57,SS,SS,SS,ND,ND
201034,CANADIAN INSTITUTE OF TELECOMMUNICATIONS INC.,146554,"CIMT COLLEGE, MISSISSAUGA",MISSISSAUGA,L5B3J2,FOOD SERVICE WORKER (PART TIME),Services,Customer Service/Retail Sales,Y,SS,ND,ND,ND,ND,ND
201034,CANADIAN INSTITUTE OF TELECOMMUNICATIONS INC.,146554,"CIMT COLLEGE, MISSISSAUGA",MISSISSAUGA,L5B3J2,FOOD SERVICE WORKER,Services,Customer Service/Retail Sales,Y,0.55,0.67,0.33,1.00,ND,ND
201034,CANADIAN INSTITUTE OF TELECOMMUNICATIONS INC.,146554,"CIMT COLLEGE, MISSISSAUGA",MISSISSAUGA,L5B3J2,MEDICAL OFFICE ADMINISTRATION WITH HEALTH UNIT COORDINATING,Health Services,Medical Office Administration/Management,Y,SS,SS,SS,SS,ND,ND
201034,CANADIAN INSTITUTE OF TELECOMMUNICATIONS INC.,146554,"CIMT COLLEGE, MISSISSAUGA",MISSISSAUGA,L5B3J2,MEDICAL OFFICE ADMINISTRATION,Business,Office Administration,Y,1.00,1.00,1.00,0.00,ND,ND
201034,CANADIAN INSTITUTE OF TELECOMMUNICATIONS INC.,146554,"CIMT COLLEGE, MISSISSAUGA",MISSISSAUGA,L5B3J2,NETWORK ADMINISTRATION,Computer and Information Technology,Information Technology,Y,0.67,SS,SS,SS,ND,ND
201034,CANADIAN INSTITUTE OF TELECOMMUNICATIONS INC.,146554,"CIMT COLLEGE, MISSISSAUGA",MISSISSAUGA,L5B3J2,PERSONAL SUPPORT WORKER (PART TIME),Health Services,Personal Support Worker/Personal Attendant,Y,SS,ND,ND,ND,ND,ND
201034,CANADIAN INSTITUTE OF TELECOMMUNICATIONS INC.,146554,"CIMT COLLEGE, MISSISSAUGA",MISSISSAUGA,L5B3J2,PERSONAL SUPPORT WORKER BRIDGING,Health Services,Personal Support Worker/Personal Attendant,Y,SS,SS,SS,SS,ND,ND
201034,CANADIAN INSTITUTE OF TELECOMMUNICATIONS INC.,146554,"CIMT COLLEGE, MISSISSAUGA",MISSISSAUGA,L5B3J2,PERSONAL SUPPORT WORKER,Health Services,Personal Support Worker/Personal Attendant,Y,0.63,0.80,0.80,0.64,1.00,ND
201034,CANADIAN INSTITUTE OF TELECOMMUNICATIONS INC.,165755,"CIMT COLLEGE, SCARBOROUGH",SCARBOROUGH,M1S3L1,+,,,Y,0.84,0.78,0.61,0.86,1.00,ND
201034,CANADIAN INSTITUTE OF TELECOMMUNICATIONS INC.,165755,"CIMT COLLEGE, SCARBOROUGH",SCARBOROUGH,M1S3L1,BUSINESS MANAGEMENT,Business,Business Administration,Y,SS,ND,ND,ND,ND,ND
201034,CANADIAN INSTITUTE OF TELECOMMUNICATIONS INC.,165755,"CIMT COLLEGE, SCARBOROUGH",SCARBOROUGH,M1S3L1,COMMUNITY SERVICE AND ADDICTIONS WORKER,Health Services,Other - Health Services,Y,SS,SS,SS,SS,ND,ND
201034,CANADIAN INSTITUTE OF TELECOMMUNICATIONS INC.,165755,"CIMT COLLEGE, SCARBOROUGH",SCARBOROUGH,M1S3L1,DENTAL OFFICE ADMINISTRATION,Health Services,Dental Office Administration,Y,SS,SS,SS,SS,ND,ND
201034,CANADIAN INSTITUTE OF TELECOMMUNICATIONS INC.,165755,"CIMT COLLEGE, SCARBOROUGH",SCARBOROUGH,M1S3L1,EARLY CHILDCARE ASSISTANT,Human Services,Early Childhood Assistant,Y,SS,ND,ND,ND,ND,ND
201034,CANADIAN INSTITUTE OF TELECOMMUNICATIONS INC.,165755,"CIMT COLLEGE, SCARBOROUGH",SCARBOROUGH,M1S3L1,FOOD SERVICE WORKER (PART TIME),Services,Customer Service/Retail Sales,Y,SS,ND,ND,ND,ND,ND
201034,CANADIAN INSTITUTE OF TELECOMMUNICATIONS INC.,165755,"CIMT COLLEGE, SCARBOROUGH",SCARBOROUGH,M1S3L1,FOOD SERVICE WORKER,Services,Customer Service/Retail Sales,Y,0.95,0.94,0.77,1.00,1.00,ND
201034,CANADIAN INSTITUTE OF TELECOMMUNICATIONS INC.,165755,"CIMT COLLEGE, SCARBOROUGH",SCARBOROUGH,M1S3L1,MEDICAL OFFICE ADMINISTRATION WITH HEALTH UNIT COORDINATING,Health Services,Medical Office Administration/Management,Y,SS,SS,SS,SS,1.00,ND
201034,CANADIAN INSTITUTE OF TELECOMMUNICATIONS INC.,165755,"CIMT COLLEGE, SCARBOROUGH",SCARBOROUGH,M1S3L1,MEDICAL OFFICE ADMINISTRATION,Business,Office Administration,Y,SS,SS,SS,SS,ND,ND
201034,CANADIAN INSTITUTE OF TELECOMMUNICATIONS INC.,165755,"CIMT COLLEGE, SCARBOROUGH",SCARBOROUGH,M1S3L1,NACC PERSONAL SUPPORT WORKER DE 2022,Health Services,Personal Support Worker/Personal Attendant,Y,ND,SS,SS,SS,ND,ND
201034,CANADIAN INSTITUTE OF TELECOMMUNICATIONS INC.,165755,"CIMT COLLEGE, SCARBOROUGH",SCARBOROUGH,M1S3L1,NETWORK ADMINISTRATION,Computer and Information Technology,Information Technology,Y,1.00,1.00,0.00,1.00,ND,ND
201034,CANADIAN INSTITUTE OF TELECOMMUNICATIONS INC.,165755,"CIMT COLLEGE, SCARBOROUGH",SCARBOROUGH,M1S3L1,PERSONAL SUPPORT WORKER,Health Services,Personal Support Worker/Personal Attendant,Y,0.70,0.83,0.83,0.83,ND,ND
201034,CANADIAN INSTITUTE OF TELECOMMUNICATIONS INC.,204668,"CIMT COLLEGE, MISSISSAUGA TRADES",MISSISSAUGA,L4T3T2,+,,,Y,0.69,0.67,0.47,0.56,1.00,ND
201034,CANADIAN INSTITUTE OF TELECOMMUNICATIONS INC.,204668,"CIMT COLLEGE, MISSISSAUGA TRADES",MISSISSAUGA,L4T3T2,CABINETRY AND FURNITURE TECHNICIAN,Construction Trade,Other - Construction Trade,Y,SS,SS,SS,SS,ND,ND
201034,CANADIAN INSTITUTE OF TELECOMMUNICATIONS INC.,204668,"CIMT COLLEGE, MISSISSAUGA TRADES",MISSISSAUGA,L4T3T2,RENOVATION AND CONSTRUCTION TECHNICIAN WITH INTERNSHIP,Service Trade,Other- Service Trade,Y,SS,SS,SS,SS,ND,ND
201034,CANADIAN INSTITUTE OF TELECOMMUNICATIONS INC.,204668,"CIMT COLLEGE, MISSISSAUGA TRADES",MISSISSAUGA,L4T3T2,RENOVATION AND CONSTRUCTION TECHNICIAN,Service Trade,Other- Service Trade,Y,0.73,0.69,0.46,0.50,1.00,ND
201035,GENERAL WELDING SCHOOL LTD.,+,+,,,+,,,Y,0.91,0.85,0.70,0.83,ND,ND
201035,GENERAL WELDING SCHOOL LTD.,101298,"GENERAL WELDING SCHOOL LTD., TORONTO",TORONTO,M3J3H5,+,,,Y,0.91,0.85,0.70,0.83,ND,ND
201035,GENERAL WELDING SCHOOL LTD.,101298,"GENERAL WELDING SCHOOL LTD., TORONTO",TORONTO,M3J3H5,COMPREHENSIVE WELDING,Industrial Trade,Welder,Y,1.00,0.71,0.57,0.86,ND,ND
201035,GENERAL WELDING SCHOOL LTD.,101298,"GENERAL WELDING SCHOOL LTD., TORONTO",TORONTO,M3J3H5,GENERAL WELDING PROGRAM,Industrial Trade,Welder,Y,0.80,1.00,0.75,0.75,ND,ND
201035,GENERAL WELDING SCHOOL LTD.,101298,"GENERAL WELDING SCHOOL LTD., TORONTO",TORONTO,M3J3H5,INDUSTRIAL WELDING,Industrial Trade,Welder,Y,0.90,0.91,0.77,0.83,ND,ND
201082,WELDTECH TRAINING INC.,+,+,,,+,,,Y,0.98,0.90,0.83,0.93,1.00,ND
201082,WELDTECH TRAINING INC.,101634,"WELDTECH TRAINING INC., MISSISSAUGA",MISSISSAUGA,L5N3A9,+,,,Y,0.98,0.90,0.83,0.93,1.00,ND
201082,WELDTECH TRAINING INC.,101634,"WELDTECH TRAINING INC., MISSISSAUGA",MISSISSAUGA,L5N3A9,WELDER - COMBINATION (MIG-TIG-STICK),Industrial Trade,Welder,Y,0.98,0.90,0.83,0.93,1.00,ND
201116,1458928 ONTARIO INC.,+,+,,,+,,,Y,SS,ND,ND,ND,ND,ND
201116,1458928 ONTARIO INC.,101442,"THE FIORIO BEAUTY ACADEMY, TORONTO",TORONTO,M4L1J1,+,,,Y,SS,ND,ND,ND,ND,ND
201116,1458928 ONTARIO INC.,101442,"THE FIORIO BEAUTY ACADEMY, TORONTO",TORONTO,M4L1J1,HAIRSTYLING,Service Trade,Hairstylist,Y,SS,ND,ND,ND,ND,ND
201134,CARSON DUNLOP & ASSOCIATES LTD.,+,+,,,+,,,Y,0.33,0.86,0.52,0.70,ND,ND
201134,CARSON DUNLOP & ASSOCIATES LTD.,101310,"CARSON DUNLOP & ASSOCIATES LTD., TORONTO",TORONTO,M5A4K2,+,,,Y,0.33,0.86,0.52,0.70,ND,ND
201134,CARSON DUNLOP & ASSOCIATES LTD.,101310,"CARSON DUNLOP & ASSOCIATES LTD., TORONTO",TORONTO,M5A4K2,HOME INSPECTION TRAINING PROGRAM - DISTANCE EDUCATION,Service Trade,Other- Service Trade,Y,0.33,0.86,0.52,0.70,ND,ND
201149,"CANADIAN COLLEGE OF BUSINESS, SCIENCE & TECHNOLOGY INC.",+,+,,,+,,,Y,0.86,0.66,0.43,0.84,0.86,ND
201149,"CANADIAN COLLEGE OF BUSINESS, SCIENCE & TECHNOLOGY INC.",102301,"CANADIAN COLLEGE OF BUSINESS, SCIENCE & TECHNOLOGY INC., SCARBOROUGH",SCARBOROUGH,M1S4A7,+,,,Y,0.79,0.64,0.44,0.83,1.00,0.06
201149,"CANADIAN COLLEGE OF BUSINESS, SCIENCE & TECHNOLOGY INC.",102301,"CANADIAN COLLEGE OF BUSINESS, SCIENCE & TECHNOLOGY INC., SCARBOROUGH",SCARBOROUGH,M1S4A7,ADMINISTRATIVE ASSISTANT - DISTANCE EDUCATION,Business,Office Administration,Y,ND,ND,ND,SS,ND,ND
201149,"CANADIAN COLLEGE OF BUSINESS, SCIENCE & TECHNOLOGY INC.",102301,"CANADIAN COLLEGE OF BUSINESS, SCIENCE & TECHNOLOGY INC., SCARBOROUGH",SCARBOROUGH,M1S4A7,ADMINISTRATIVE ASSISTANT,Business,Office Administration,Y,ND,ND,ND,ND,ND,ND
201149,"CANADIAN COLLEGE OF BUSINESS, SCIENCE & TECHNOLOGY INC.",102301,"CANADIAN COLLEGE OF BUSINESS, SCIENCE & TECHNOLOGY INC., SCARBOROUGH",SCARBOROUGH,M1S4A7,ARTIFICIAL INTELLIGENCE,Computer and Information Technology,Information Technology,Y,ND,SS,SS,SS,ND,ND
201149,"CANADIAN COLLEGE OF BUSINESS, SCIENCE & TECHNOLOGY INC.",102301,"CANADIAN COLLEGE OF BUSINESS, SCIENCE & TECHNOLOGY INC., SCARBOROUGH",SCARBOROUGH,M1S4A7,BANKING AND FINANCIAL SERVICES- CUSTOMER SERVICE REPRESENTATIVE,Business,Banking and Financial Services,Y,SS,ND,ND,ND,ND,ND
201149,"CANADIAN COLLEGE OF BUSINESS, SCIENCE & TECHNOLOGY INC.",102301,"CANADIAN COLLEGE OF BUSINESS, SCIENCE & TECHNOLOGY INC., SCARBOROUGH",SCARBOROUGH,M1S4A7,BIG DATA ANALYTICS - DISTANCE EDUCATION,Business,Other - Business,Y,ND,SS,SS,SS,ND,ND
201149,"CANADIAN COLLEGE OF BUSINESS, SCIENCE & TECHNOLOGY INC.",102301,"CANADIAN COLLEGE OF BUSINESS, SCIENCE & TECHNOLOGY INC., SCARBOROUGH",SCARBOROUGH,M1S4A7,BIG DATA ANALYTICS,Business,Other - Business,Y,1.00,0.50,0.50,0.60,ND,ND
201149,"CANADIAN COLLEGE OF BUSINESS, SCIENCE & TECHNOLOGY INC.",102301,"CANADIAN COLLEGE OF BUSINESS, SCIENCE & TECHNOLOGY INC., SCARBOROUGH",SCARBOROUGH,M1S4A7,BUSINESS ADMINISTRATION -ACCOUNTING AND PAYROLL(INTERNSHIP) - DISTANCE EDUCATION,Business,Business Administration,Y,ND,SS,SS,SS,ND,ND
201149,"CANADIAN COLLEGE OF BUSINESS, SCIENCE & TECHNOLOGY INC.",102301,"CANADIAN COLLEGE OF BUSINESS, SCIENCE & TECHNOLOGY INC., SCARBOROUGH",SCARBOROUGH,M1S4A7,BUSINESS ADMINISTRATION -ACCOUNTING AND PAYROLL(INTERNSHIP),Business,Business Administration,Y,1.00,0.50,0.50,0.50,ND,ND
201149,"CANADIAN COLLEGE OF BUSINESS, SCIENCE & TECHNOLOGY INC.",102301,"CANADIAN COLLEGE OF BUSINESS, SCIENCE & TECHNOLOGY INC., SCARBOROUGH",SCARBOROUGH,M1S4A7,EARLY CHILDCARE ASSISTANT(INTERNSHIP),Human Services,Early Childhood Assistant,Y,0.14,SS,SS,SS,ND,ND
201149,"CANADIAN COLLEGE OF BUSINESS, SCIENCE & TECHNOLOGY INC.",102301,"CANADIAN COLLEGE OF BUSINESS, SCIENCE & TECHNOLOGY INC., SCARBOROUGH",SCARBOROUGH,M1S4A7,GRAPHICS & WEB DESIGN/DEVELOPMENT (INTERNSHIP) - DISTANCE EDUCATION,Applied Arts and Science,Other - Applied Arts and Sciences,Y,ND,SS,SS,SS,ND,ND
201149,"CANADIAN COLLEGE OF BUSINESS, SCIENCE & TECHNOLOGY INC.",102301,"CANADIAN COLLEGE OF BUSINESS, SCIENCE & TECHNOLOGY INC., SCARBOROUGH",SCARBOROUGH,M1S4A7,GRAPHICS & WEB DESIGN/DEVELOPMENT (INTERNSHIP),Applied Arts and Science,Other - Applied Arts and Sciences,Y,ND,ND,ND,ND,ND,ND
201149,"CANADIAN COLLEGE OF BUSINESS, SCIENCE & TECHNOLOGY INC.",102301,"CANADIAN COLLEGE OF BUSINESS, SCIENCE & TECHNOLOGY INC., SCARBOROUGH",SCARBOROUGH,M1S4A7,HUMAN RESOURCE MANAGEMENT (INTERNSHIP) - DISTANCE EDUCATION,Business,Business Administration,Y,ND,0.54,0.31,0.81,ND,ND
201149,"CANADIAN COLLEGE OF BUSINESS, SCIENCE & TECHNOLOGY INC.",102301,"CANADIAN COLLEGE OF BUSINESS, SCIENCE & TECHNOLOGY INC., SCARBOROUGH",SCARBOROUGH,M1S4A7,HUMAN RESOURCE MANAGEMENT (INTERNSHIP),Business,Business Administration,Y,0.75,0.63,0.13,0.69,ND,ND
201149,"CANADIAN COLLEGE OF BUSINESS, SCIENCE & TECHNOLOGY INC.",102301,"CANADIAN COLLEGE OF BUSINESS, SCIENCE & TECHNOLOGY INC., SCARBOROUGH",SCARBOROUGH,M1S4A7,IMMIGRATION ASSISTANT,Law and Public Safety,Other - Law & Public Safety,Y,ND,ND,ND,ND,ND,ND
201149,"CANADIAN COLLEGE OF BUSINESS, SCIENCE & TECHNOLOGY INC.",102301,"CANADIAN COLLEGE OF BUSINESS, SCIENCE & TECHNOLOGY INC., SCARBOROUGH",SCARBOROUGH,M1S4A7,LOGISTICS & SUPPLY CHAIN MANAGEMENT - DISTANCE EDUCATION,Business,Supply Chain Management and Logistics,Y,ND,0.81,0.63,0.88,ND,ND
201149,"CANADIAN COLLEGE OF BUSINESS, SCIENCE & TECHNOLOGY INC.",102301,"CANADIAN COLLEGE OF BUSINESS, SCIENCE & TECHNOLOGY INC., SCARBOROUGH",SCARBOROUGH,M1S4A7,LOGISTICS & SUPPLY CHAIN MANAGEMENT,Business,Supply Chain Management and Logistics,Y,1.00,0.33,0.11,1.00,ND,ND
201149,"CANADIAN COLLEGE OF BUSINESS, SCIENCE & TECHNOLOGY INC.",102301,"CANADIAN COLLEGE OF BUSINESS, SCIENCE & TECHNOLOGY INC., SCARBOROUGH",SCARBOROUGH,M1S4A7,MARKETING - DIGITAL ENGAGEMENT STRATEGY,Business,Marketing/Advertising,Y,SS,ND,ND,ND,ND,ND
201149,"CANADIAN COLLEGE OF BUSINESS, SCIENCE & TECHNOLOGY INC.",102301,"CANADIAN COLLEGE OF BUSINESS, SCIENCE & TECHNOLOGY INC., SCARBOROUGH",SCARBOROUGH,M1S4A7,MEDICAL OFFICE ADMINISTRATOR(INTERNSHIP) - DISTANCE EDUCATION,Health Services,Medical Office Administration/Management,Y,ND,0.40,0.20,0.71,ND,ND
201149,"CANADIAN COLLEGE OF BUSINESS, SCIENCE & TECHNOLOGY INC.",102301,"CANADIAN COLLEGE OF BUSINESS, SCIENCE & TECHNOLOGY INC., SCARBOROUGH",SCARBOROUGH,M1S4A7,MEDICAL OFFICE ADMINISTRATOR(INTERNSHIP),Health Services,Medical Office Administration/Management,Y,SS,0.77,0.62,0.93,ND,ND
201149,"CANADIAN COLLEGE OF BUSINESS, SCIENCE & TECHNOLOGY INC.",102301,"CANADIAN COLLEGE OF BUSINESS, SCIENCE & TECHNOLOGY INC., SCARBOROUGH",SCARBOROUGH,M1S4A7,MOBILE APPLICATION DEVELOPER,Computer and Information Technology,Information Technology,Y,ND,ND,ND,ND,ND,ND
201149,"CANADIAN COLLEGE OF BUSINESS, SCIENCE & TECHNOLOGY INC.",102301,"CANADIAN COLLEGE OF BUSINESS, SCIENCE & TECHNOLOGY INC., SCARBOROUGH",SCARBOROUGH,M1S4A7,NETWORK TECHNICIAN - DISTANCE EDUCATION,Computer and Information Technology,Information Technology,Y,ND,ND,ND,ND,ND,ND
201149,"CANADIAN COLLEGE OF BUSINESS, SCIENCE & TECHNOLOGY INC.",102301,"CANADIAN COLLEGE OF BUSINESS, SCIENCE & TECHNOLOGY INC., SCARBOROUGH",SCARBOROUGH,M1S4A7,NETWORK TECHNICIAN,Computer and Information Technology,Information Technology,Y,SS,ND,ND,ND,ND,ND
201149,"CANADIAN COLLEGE OF BUSINESS, SCIENCE & TECHNOLOGY INC.",102301,"CANADIAN COLLEGE OF BUSINESS, SCIENCE & TECHNOLOGY INC., SCARBOROUGH",SCARBOROUGH,M1S4A7,PERSONAL SUPPORT WORKER ( INTERNSHIP),Health Services,Personal Support Worker/Personal Attendant,Y,0.77,0.86,0.79,0.88,1.00,ND
201149,"CANADIAN COLLEGE OF BUSINESS, SCIENCE & TECHNOLOGY INC.",102301,"CANADIAN COLLEGE OF BUSINESS, SCIENCE & TECHNOLOGY INC., SCARBOROUGH",SCARBOROUGH,M1S4A7,POST GRADUATE DIPLOMA IN BUSINESS SYSTEMS ANALYSIS & PROJECT MANAGEMENT,Computer and Information Technology,Information Technology,Y,ND,SS,SS,SS,ND,ND
201149,"CANADIAN COLLEGE OF BUSINESS, SCIENCE & TECHNOLOGY INC.",137974,"CANADIAN COLLEGE OF BUSINESS, SCIENCE & TECHNOLOGY, NORTH YORK",NORTH YORK,M2N6P6,+,,,Y,0.82,0.62,0.32,0.77,1.00,0.00
201149,"CANADIAN COLLEGE OF BUSINESS, SCIENCE & TECHNOLOGY INC.",137974,"CANADIAN COLLEGE OF BUSINESS, SCIENCE & TECHNOLOGY, NORTH YORK",NORTH YORK,M2N6P6,ADMINISTRATIVE ASSISTANT,Business,Office Administration,Y,SS,ND,ND,ND,ND,ND
201149,"CANADIAN COLLEGE OF BUSINESS, SCIENCE & TECHNOLOGY INC.",137974,"CANADIAN COLLEGE OF BUSINESS, SCIENCE & TECHNOLOGY, NORTH YORK",NORTH YORK,M2N6P6,ARTIFICIAL INTELLIGENCE - DISTANCE EDUCATION,Computer and Information Technology,Information Technology,Y,ND,SS,SS,SS,ND,ND
201149,"CANADIAN COLLEGE OF BUSINESS, SCIENCE & TECHNOLOGY INC.",137974,"CANADIAN COLLEGE OF BUSINESS, SCIENCE & TECHNOLOGY, NORTH YORK",NORTH YORK,M2N6P6,BANKING AND FINANCIAL SERVICES- CUSTOMER SERVICE REPRESENTATIVE,Business,Banking and Financial Services,Y,ND,SS,SS,SS,ND,ND
201149,"CANADIAN COLLEGE OF BUSINESS, SCIENCE & TECHNOLOGY INC.",137974,"CANADIAN COLLEGE OF BUSINESS, SCIENCE & TECHNOLOGY, NORTH YORK",NORTH YORK,M2N6P6,BIG DATA ANALYTICS - DISTANCE EDUCATION,Business,Other - Business,Y,ND,SS,SS,SS,1.00,ND
201149,"CANADIAN COLLEGE OF BUSINESS, SCIENCE & TECHNOLOGY INC.",137974,"CANADIAN COLLEGE OF BUSINESS, SCIENCE & TECHNOLOGY, NORTH YORK",NORTH YORK,M2N6P6,BIG DATA ANALYTICS,Business,Other - Business,Y,SS,SS,SS,SS,ND,ND
201149,"CANADIAN COLLEGE OF BUSINESS, SCIENCE & TECHNOLOGY INC.",137974,"CANADIAN COLLEGE OF BUSINESS, SCIENCE & TECHNOLOGY, NORTH YORK",NORTH YORK,M2N6P6,BUSINESS ADMINISTRATION -ACCOUNTING AND PAYROLL(INTERNSHIP) - DISTANCE EDUCATION,Business,Business Administration,Y,1.00,0.00,0.00,0.00,ND,ND
201149,"CANADIAN COLLEGE OF BUSINESS, SCIENCE & TECHNOLOGY INC.",137974,"CANADIAN COLLEGE OF BUSINESS, SCIENCE & TECHNOLOGY, NORTH YORK",NORTH YORK,M2N6P6,BUSINESS ADMINISTRATION -ACCOUNTING AND PAYROLL(INTERNSHIP),Business,Business Administration,Y,ND,SS,SS,SS,ND,ND
201149,"CANADIAN COLLEGE OF BUSINESS, SCIENCE & TECHNOLOGY INC.",137974,"CANADIAN COLLEGE OF BUSINESS, SCIENCE & TECHNOLOGY, NORTH YORK",NORTH YORK,M2N6P6,EARLY CHILDCARE ASSISTANT(INTERNSHIP),Human Services,Early Childhood Assistant,Y,SS,ND,ND,ND,ND,ND
201149,"CANADIAN COLLEGE OF BUSINESS, SCIENCE & TECHNOLOGY INC.",137974,"CANADIAN COLLEGE OF BUSINESS, SCIENCE & TECHNOLOGY, NORTH YORK",NORTH YORK,M2N6P6,HUMAN RESOURCE MANAGEMENT (INTERNSHIP),Business,Business Administration,Y,SS,SS,SS,SS,ND,ND
201149,"CANADIAN COLLEGE OF BUSINESS, SCIENCE & TECHNOLOGY INC.",137974,"CANADIAN COLLEGE OF BUSINESS, SCIENCE & TECHNOLOGY, NORTH YORK",NORTH YORK,M2N6P6,LOGISTICS & SUPPLY CHAIN MANAGEMENT - DISTANCE EDUCATION,Business,Supply Chain Management and Logistics,Y,ND,SS,SS,SS,ND,ND
201149,"CANADIAN COLLEGE OF BUSINESS, SCIENCE & TECHNOLOGY INC.",137974,"CANADIAN COLLEGE OF BUSINESS, SCIENCE & TECHNOLOGY, NORTH YORK",NORTH YORK,M2N6P6,LOGISTICS & SUPPLY CHAIN MANAGEMENT,Business,Supply Chain Management and Logistics,Y,SS,SS,SS,SS,ND,ND
201149,"CANADIAN COLLEGE OF BUSINESS, SCIENCE & TECHNOLOGY INC.",137974,"CANADIAN COLLEGE OF BUSINESS, SCIENCE & TECHNOLOGY, NORTH YORK",NORTH YORK,M2N6P6,MEDICAL OFFICE ADMINISTRATOR,Health Services,Medical Office Administration/Management,Y,ND,0.60,0.40,1.00,ND,ND
201149,"CANADIAN COLLEGE OF BUSINESS, SCIENCE & TECHNOLOGY INC.",137974,"CANADIAN COLLEGE OF BUSINESS, SCIENCE & TECHNOLOGY, NORTH YORK",NORTH YORK,M2N6P6,MEDICAL OFFICE ADMINISTRATOR(INTERNSHIP) - DISTANCE EDUCATION,Health Services,Medical Office Administration/Management,Y,ND,ND,ND,ND,ND,ND
201149,"CANADIAN COLLEGE OF BUSINESS, SCIENCE & TECHNOLOGY INC.",137974,"CANADIAN COLLEGE OF BUSINESS, SCIENCE & TECHNOLOGY, NORTH YORK",NORTH YORK,M2N6P6,MOBILE APPLICATION DEVELOPER,Computer and Information Technology,Information Technology,Y,SS,ND,ND,ND,ND,ND
201149,"CANADIAN COLLEGE OF BUSINESS, SCIENCE & TECHNOLOGY INC.",137974,"CANADIAN COLLEGE OF BUSINESS, SCIENCE & TECHNOLOGY, NORTH YORK",NORTH YORK,M2N6P6,NETWORK TECHNICIAN(INTERNSHIP),Computer and Information Technology,Information Technology,Y,SS,ND,ND,SS,ND,ND
201149,"CANADIAN COLLEGE OF BUSINESS, SCIENCE & TECHNOLOGY INC.",137974,"CANADIAN COLLEGE OF BUSINESS, SCIENCE & TECHNOLOGY, NORTH YORK",NORTH YORK,M2N6P6,PERSONAL SUPPORT WORKER ( INTERNSHIP),Health Services,Personal Support Worker/Personal Attendant,Y,0.79,1.00,0.78,0.89,ND,ND
201149,"CANADIAN COLLEGE OF BUSINESS, SCIENCE & TECHNOLOGY INC.",137974,"CANADIAN COLLEGE OF BUSINESS, SCIENCE & TECHNOLOGY, NORTH YORK",NORTH YORK,M2N6P6,POST GRADUATE DIPLOMA IN BUSINESS SYSTEMS ANALYSIS & PROJECT MANAGEMENT,Computer and Information Technology,Information Technology,Y,SS,SS,SS,SS,ND,ND
201149,"CANADIAN COLLEGE OF BUSINESS, SCIENCE & TECHNOLOGY INC.",138655,"CANADIAN COLLEGE OF BUSINESS, SCIENCE & TECHNOLOGY, BRAMPTON",BRAMPTON,L6W4N6,+,,,Y,0.89,0.68,0.47,0.87,0.50,0.03
201149,"CANADIAN COLLEGE OF BUSINESS, SCIENCE & TECHNOLOGY INC.",138655,"CANADIAN COLLEGE OF BUSINESS, SCIENCE & TECHNOLOGY, BRAMPTON",BRAMPTON,L6W4N6,ADMINISTRATIVE ASSISTANT - DISTANCE EDUCATION,Business,Office Administration,Y,1.00,0.44,0.11,1.00,ND,ND
201149,"CANADIAN COLLEGE OF BUSINESS, SCIENCE & TECHNOLOGY INC.",138655,"CANADIAN COLLEGE OF BUSINESS, SCIENCE & TECHNOLOGY, BRAMPTON",BRAMPTON,L6W4N6,ADMINISTRATIVE ASSISTANT,Business,Office Administration,Y,0.75,0.67,0.33,0.67,ND,ND
201149,"CANADIAN COLLEGE OF BUSINESS, SCIENCE & TECHNOLOGY INC.",138655,"CANADIAN COLLEGE OF BUSINESS, SCIENCE & TECHNOLOGY, BRAMPTON",BRAMPTON,L6W4N6,ARTIFICIAL INTELLIGENCE - DISTANCE EDUCATION,Computer and Information Technology,Information Technology,Y,ND,ND,ND,ND,ND,ND
201149,"CANADIAN COLLEGE OF BUSINESS, SCIENCE & TECHNOLOGY INC.",138655,"CANADIAN COLLEGE OF BUSINESS, SCIENCE & TECHNOLOGY, BRAMPTON",BRAMPTON,L6W4N6,BANKING AND FINANCIAL SERVICES- CUSTOMER SERVICE REPRESENTATIVE,Business,Banking and Financial Services,Y,SS,ND,ND,ND,ND,ND
201149,"CANADIAN COLLEGE OF BUSINESS, SCIENCE & TECHNOLOGY INC.",138655,"CANADIAN COLLEGE OF BUSINESS, SCIENCE & TECHNOLOGY, BRAMPTON",BRAMPTON,L6W4N6,BIG DATA ANALYTICS - DISTANCE EDUCATION,Business,Other - Business,Y,ND,SS,SS,SS,ND,ND
201149,"CANADIAN COLLEGE OF BUSINESS, SCIENCE & TECHNOLOGY INC.",138655,"CANADIAN COLLEGE OF BUSINESS, SCIENCE & TECHNOLOGY, BRAMPTON",BRAMPTON,L6W4N6,BIG DATA ANALYTICS,Business,Other - Business,Y,SS,SS,SS,SS,ND,ND
201149,"CANADIAN COLLEGE OF BUSINESS, SCIENCE & TECHNOLOGY INC.",138655,"CANADIAN COLLEGE OF BUSINESS, SCIENCE & TECHNOLOGY, BRAMPTON",BRAMPTON,L6W4N6,BUSINESS ADMINISTRATION -ACCOUNTING AND PAYROLL(INTERNSHIP) - DISTANCE EDUCATION,Business,Business Administration,Y,ND,SS,SS,SS,ND,ND
201149,"CANADIAN COLLEGE OF BUSINESS, SCIENCE & TECHNOLOGY INC.",138655,"CANADIAN COLLEGE OF BUSINESS, SCIENCE & TECHNOLOGY, BRAMPTON",BRAMPTON,L6W4N6,BUSINESS ADMINISTRATION -ACCOUNTING AND PAYROLL(INTERNSHIP),Business,Business Administration,Y,1.00,1.00,1.00,0.00,ND,ND
201149,"CANADIAN COLLEGE OF BUSINESS, SCIENCE & TECHNOLOGY INC.",138655,"CANADIAN COLLEGE OF BUSINESS, SCIENCE & TECHNOLOGY, BRAMPTON",BRAMPTON,L6W4N6,EARLY CHILDCARE ASSISTANT,Human Services,Early Childhood Assistant,Y,1.00,1.00,1.00,1.00,ND,ND
201149,"CANADIAN COLLEGE OF BUSINESS, SCIENCE & TECHNOLOGY INC.",138655,"CANADIAN COLLEGE OF BUSINESS, SCIENCE & TECHNOLOGY, BRAMPTON",BRAMPTON,L6W4N6,GRAPHICS & WEB DESIGN/DEVELOPMENT (INTERNSHIP),Applied Arts and Science,Other - Applied Arts and Sciences,Y,SS,0.71,0.57,0.71,0.00,ND
201149,"CANADIAN COLLEGE OF BUSINESS, SCIENCE & TECHNOLOGY INC.",138655,"CANADIAN COLLEGE OF BUSINESS, SCIENCE & TECHNOLOGY, BRAMPTON",BRAMPTON,L6W4N6,HUMAN RESOURCE MANAGEMENT (INTERNSHIP),Business,Business Administration,Y,1.00,0.60,0.20,1.00,ND,ND
201149,"CANADIAN COLLEGE OF BUSINESS, SCIENCE & TECHNOLOGY INC.",138655,"CANADIAN COLLEGE OF BUSINESS, SCIENCE & TECHNOLOGY, BRAMPTON",BRAMPTON,L6W4N6,IMMIGRATION ASSISTANT,Law and Public Safety,Other - Law & Public Safety,Y,ND,ND,ND,ND,ND,ND
201149,"CANADIAN COLLEGE OF BUSINESS, SCIENCE & TECHNOLOGY INC.",138655,"CANADIAN COLLEGE OF BUSINESS, SCIENCE & TECHNOLOGY, BRAMPTON",BRAMPTON,L6W4N6,LOGISTICS & SUPPLY CHAIN MANAGEMENT - DISTANCE EDUCATION,Business,Supply Chain Management and Logistics,Y,ND,SS,SS,SS,ND,ND
201149,"CANADIAN COLLEGE OF BUSINESS, SCIENCE & TECHNOLOGY INC.",138655,"CANADIAN COLLEGE OF BUSINESS, SCIENCE & TECHNOLOGY, BRAMPTON",BRAMPTON,L6W4N6,LOGISTICS & SUPPLY CHAIN MANAGEMENT,Business,Supply Chain Management and Logistics,Y,0.93,0.50,0.00,1.00,ND,ND
201149,"CANADIAN COLLEGE OF BUSINESS, SCIENCE & TECHNOLOGY INC.",138655,"CANADIAN COLLEGE OF BUSINESS, SCIENCE & TECHNOLOGY, BRAMPTON",BRAMPTON,L6W4N6,MARKETING - DIGITAL ENGAGEMENT STRATEGY,Business,Marketing/Advertising,Y,1.00,0.33,0.00,0.75,ND,ND
201149,"CANADIAN COLLEGE OF BUSINESS, SCIENCE & TECHNOLOGY INC.",138655,"CANADIAN COLLEGE OF BUSINESS, SCIENCE & TECHNOLOGY, BRAMPTON",BRAMPTON,L6W4N6,MEDICAL OFFICE ADMINISTRATOR(INTERNSHIP),Health Services,Medical Office Administration/Management,Y,1.00,0.50,0.00,0.92,ND,ND
201149,"CANADIAN COLLEGE OF BUSINESS, SCIENCE & TECHNOLOGY INC.",138655,"CANADIAN COLLEGE OF BUSINESS, SCIENCE & TECHNOLOGY, BRAMPTON",BRAMPTON,L6W4N6,MOBILE APPLICATION DEVELOPER,Computer and Information Technology,Information Technology,Y,SS,ND,ND,ND,ND,ND
201149,"CANADIAN COLLEGE OF BUSINESS, SCIENCE & TECHNOLOGY INC.",138655,"CANADIAN COLLEGE OF BUSINESS, SCIENCE & TECHNOLOGY, BRAMPTON",BRAMPTON,L6W4N6,NETWORK TECHNICIAN - DISTANCE EDUCATION,Computer and Information Technology,Information Technology,Y,ND,SS,SS,SS,ND,ND
201149,"CANADIAN COLLEGE OF BUSINESS, SCIENCE & TECHNOLOGY INC.",138655,"CANADIAN COLLEGE OF BUSINESS, SCIENCE & TECHNOLOGY, BRAMPTON",BRAMPTON,L6W4N6,NETWORK TECHNICIAN,Computer and Information Technology,Information Technology,Y,SS,ND,ND,ND,ND,ND
201149,"CANADIAN COLLEGE OF BUSINESS, SCIENCE & TECHNOLOGY INC.",138655,"CANADIAN COLLEGE OF BUSINESS, SCIENCE & TECHNOLOGY, BRAMPTON",BRAMPTON,L6W4N6,PERSONAL SUPPORT WORKER ( INTERNSHIP),Health Services,Personal Support Worker/Personal Attendant,Y,0.83,0.71,0.56,0.89,1.00,ND
201149,"CANADIAN COLLEGE OF BUSINESS, SCIENCE & TECHNOLOGY INC.",138655,"CANADIAN COLLEGE OF BUSINESS, SCIENCE & TECHNOLOGY, BRAMPTON",BRAMPTON,L6W4N6,PERSONAL SUPPORT WORKER BRIDGING,Health Services,Personal Support Worker/Personal Attendant,Y,SS,SS,SS,SS,ND,ND
201149,"CANADIAN COLLEGE OF BUSINESS, SCIENCE & TECHNOLOGY INC.",138655,"CANADIAN COLLEGE OF BUSINESS, SCIENCE & TECHNOLOGY, BRAMPTON",BRAMPTON,L6W4N6,POST GRADUATE DIPLOMA IN BUSINESS SYSTEMS ANALYSIS & PROJECT MANAGEMENT,Computer and Information Technology,Information Technology,Y,1.00,0.67,0.67,0.67,ND,ND
201149,"CANADIAN COLLEGE OF BUSINESS, SCIENCE & TECHNOLOGY INC.",172755,"CANADIAN COLLEGE OF BUSINESS, SCIENCE & TECHNOLOGY, MISSISSAUGA",MISSISSAUGA,L5B3C2,+,,,Y,0.91,0.66,0.38,0.81,1.00,0.05
201149,"CANADIAN COLLEGE OF BUSINESS, SCIENCE & TECHNOLOGY INC.",172755,"CANADIAN COLLEGE OF BUSINESS, SCIENCE & TECHNOLOGY, MISSISSAUGA",MISSISSAUGA,L5B3C2,ADMINISTRATIVE ASSISTANT,Business,Office Administration,Y,ND,ND,ND,ND,ND,ND
201149,"CANADIAN COLLEGE OF BUSINESS, SCIENCE & TECHNOLOGY INC.",172755,"CANADIAN COLLEGE OF BUSINESS, SCIENCE & TECHNOLOGY, MISSISSAUGA",MISSISSAUGA,L5B3C2,ARTIFICIAL INTELLIGENCE,Computer and Information Technology,Information Technology,Y,ND,SS,SS,SS,ND,ND
201149,"CANADIAN COLLEGE OF BUSINESS, SCIENCE & TECHNOLOGY INC.",172755,"CANADIAN COLLEGE OF BUSINESS, SCIENCE & TECHNOLOGY, MISSISSAUGA",MISSISSAUGA,L5B3C2,BANKING AND FINANCIAL SERVICES- CUSTOMER SERVICE REPRESENTATIVE,Business,Banking and Financial Services,Y,SS,ND,ND,ND,ND,ND
201149,"CANADIAN COLLEGE OF BUSINESS, SCIENCE & TECHNOLOGY INC.",172755,"CANADIAN COLLEGE OF BUSINESS, SCIENCE & TECHNOLOGY, MISSISSAUGA",MISSISSAUGA,L5B3C2,BIG DATA ANALYTICS - DISTANCE EDUCATION,Business,Other - Business,Y,ND,SS,SS,SS,ND,ND
201149,"CANADIAN COLLEGE OF BUSINESS, SCIENCE & TECHNOLOGY INC.",172755,"CANADIAN COLLEGE OF BUSINESS, SCIENCE & TECHNOLOGY, MISSISSAUGA",MISSISSAUGA,L5B3C2,BIG DATA ANALYTICS,Business,Other - Business,Y,SS,SS,SS,SS,ND,ND
201149,"CANADIAN COLLEGE OF BUSINESS, SCIENCE & TECHNOLOGY INC.",172755,"CANADIAN COLLEGE OF BUSINESS, SCIENCE & TECHNOLOGY, MISSISSAUGA",MISSISSAUGA,L5B3C2,BUSINESS ADMINISTRATION -ACCOUNTING AND PAYROLL(INTERNSHIP) - DISTANCE EDUCATION,Business,Business Administration,Y,ND,SS,SS,SS,1.00,ND
201149,"CANADIAN COLLEGE OF BUSINESS, SCIENCE & TECHNOLOGY INC.",172755,"CANADIAN COLLEGE OF BUSINESS, SCIENCE & TECHNOLOGY, MISSISSAUGA",MISSISSAUGA,L5B3C2,BUSINESS ADMINISTRATION -ACCOUNTING AND PAYROLL(INTERNSHIP),Business,Business Administration,Y,SS,ND,ND,SS,ND,ND
201149,"CANADIAN COLLEGE OF BUSINESS, SCIENCE & TECHNOLOGY INC.",172755,"CANADIAN COLLEGE OF BUSINESS, SCIENCE & TECHNOLOGY, MISSISSAUGA",MISSISSAUGA,L5B3C2,EARLY CHILDCARE ASSISTANT(INTERNSHIP),Human Services,Early Childhood Assistant,Y,ND,SS,SS,SS,ND,ND
201149,"CANADIAN COLLEGE OF BUSINESS, SCIENCE & TECHNOLOGY INC.",172755,"CANADIAN COLLEGE OF BUSINESS, SCIENCE & TECHNOLOGY, MISSISSAUGA",MISSISSAUGA,L5B3C2,GRAPHICS & WEB DESIGN/DEVELOPMENT (INTERNSHIP) - DISTANCE EDUCATION,Applied Arts and Science,Other - Applied Arts and Sciences,Y,ND,0.43,0.14,0.86,ND,ND
201149,"CANADIAN COLLEGE OF BUSINESS, SCIENCE & TECHNOLOGY INC.",172755,"CANADIAN COLLEGE OF BUSINESS, SCIENCE & TECHNOLOGY, MISSISSAUGA",MISSISSAUGA,L5B3C2,GRAPHICS & WEB DESIGN/DEVELOPMENT (INTERNSHIP),Applied Arts and Science,Other - Applied Arts and Sciences,Y,ND,SS,SS,SS,ND,ND
201149,"CANADIAN COLLEGE OF BUSINESS, SCIENCE & TECHNOLOGY INC.",172755,"CANADIAN COLLEGE OF BUSINESS, SCIENCE & TECHNOLOGY, MISSISSAUGA",MISSISSAUGA,L5B3C2,HUMAN RESOURCE MANAGEMENT (INTERNSHIP),Business,Business Administration,Y,SS,0.33,0.17,0.75,ND,ND
201149,"CANADIAN COLLEGE OF BUSINESS, SCIENCE & TECHNOLOGY INC.",172755,"CANADIAN COLLEGE OF BUSINESS, SCIENCE & TECHNOLOGY, MISSISSAUGA",MISSISSAUGA,L5B3C2,LOGISTICS & SUPPLY CHAIN MANAGEMENT - DISTANCE EDUCATION,Business,Supply Chain Management and Logistics,Y,ND,SS,SS,SS,ND,ND
201149,"CANADIAN COLLEGE OF BUSINESS, SCIENCE & TECHNOLOGY INC.",172755,"CANADIAN COLLEGE OF BUSINESS, SCIENCE & TECHNOLOGY, MISSISSAUGA",MISSISSAUGA,L5B3C2,LOGISTICS & SUPPLY CHAIN MANAGEMENT,Business,Supply Chain Management and Logistics,Y,SS,SS,SS,SS,ND,ND
201149,"CANADIAN COLLEGE OF BUSINESS, SCIENCE & TECHNOLOGY INC.",172755,"CANADIAN COLLEGE OF BUSINESS, SCIENCE & TECHNOLOGY, MISSISSAUGA",MISSISSAUGA,L5B3C2,MARKETING - DIGITAL ENGAGEMENT STRATEGY,Business,Marketing/Advertising,Y,SS,ND,ND,ND,ND,ND
201149,"CANADIAN COLLEGE OF BUSINESS, SCIENCE & TECHNOLOGY INC.",172755,"CANADIAN COLLEGE OF BUSINESS, SCIENCE & TECHNOLOGY, MISSISSAUGA",MISSISSAUGA,L5B3C2,MEDICAL OFFICE ADMINISTRATOR(INTERNSHIP) - DISTANCE EDUCATION,Health Services,Medical Office Administration/Management,Y,ND,SS,SS,SS,ND,ND
201149,"CANADIAN COLLEGE OF BUSINESS, SCIENCE & TECHNOLOGY INC.",172755,"CANADIAN COLLEGE OF BUSINESS, SCIENCE & TECHNOLOGY, MISSISSAUGA",MISSISSAUGA,L5B3C2,MEDICAL OFFICE ADMINISTRATOR(INTERNSHIP),Health Services,Medical Office Administration/Management,Y,SS,ND,ND,SS,ND,ND
201149,"CANADIAN COLLEGE OF BUSINESS, SCIENCE & TECHNOLOGY INC.",172755,"CANADIAN COLLEGE OF BUSINESS, SCIENCE & TECHNOLOGY, MISSISSAUGA",MISSISSAUGA,L5B3C2,NETWORK TECHNICIAN,Computer and Information Technology,Information Technology,Y,SS,ND,ND,ND,ND,ND
201149,"CANADIAN COLLEGE OF BUSINESS, SCIENCE & TECHNOLOGY INC.",172755,"CANADIAN COLLEGE OF BUSINESS, SCIENCE & TECHNOLOGY, MISSISSAUGA",MISSISSAUGA,L5B3C2,PERSONAL SUPPORT WORKER ( INTERNSHIP),Health Services,Personal Support Worker/Personal Attendant,Y,0.82,0.80,0.73,0.93,1.00,ND
201149,"CANADIAN COLLEGE OF BUSINESS, SCIENCE & TECHNOLOGY INC.",172755,"CANADIAN COLLEGE OF BUSINESS, SCIENCE & TECHNOLOGY, MISSISSAUGA",MISSISSAUGA,L5B3C2,POST GRADUATE DIPLOMA IN BUSINESS SYSTEMS ANALYSIS & PROJECT MANAGEMENT,Computer and Information Technology,Information Technology,Y,SS,SS,SS,SS,ND,ND
201150,NATIONAL INSTITUTE OF HAIRSTYLING AND ADVANCED AESTHETICS INC.,+,+,,,+,,,Y,0.80,0.91,0.55,0.77,ND,ND
201150,NATIONAL INSTITUTE OF HAIRSTYLING AND ADVANCED AESTHETICS INC.,102313,"NATIONAL INSTITUTE, BRAMPTON",BRAMPTON,L6T5B9,+,,,Y,0.80,0.91,0.55,0.77,ND,ND
201150,NATIONAL INSTITUTE OF HAIRSTYLING AND ADVANCED AESTHETICS INC.,102313,"NATIONAL INSTITUTE, BRAMPTON",BRAMPTON,L6T5B9,HAIRSTYLING,Service Trade,Hairstylist,Y,0.57,SS,SS,SS,ND,ND
201150,NATIONAL INSTITUTE OF HAIRSTYLING AND ADVANCED AESTHETICS INC.,102313,"NATIONAL INSTITUTE, BRAMPTON",BRAMPTON,L6T5B9,MASSAGE THERAPY (FULL-TIME) 69 WEEKS,Health Services,Massage Therapist,Y,0.83,0.80,0.60,0.86,ND,ND
201150,NATIONAL INSTITUTE OF HAIRSTYLING AND ADVANCED AESTHETICS INC.,102313,"NATIONAL INSTITUTE, BRAMPTON",BRAMPTON,L6T5B9,"MASSAGE THERAPY (PART-TIME, WEEKENDS) 96 WEEKS",Health Services,Massage Therapist,Y,0.83,1.00,0.00,1.00,ND,ND
201150,NATIONAL INSTITUTE OF HAIRSTYLING AND ADVANCED AESTHETICS INC.,102313,"NATIONAL INSTITUTE, BRAMPTON",BRAMPTON,L6T5B9,NACC PERSONAL SUPPORT WORKER 2022,Health Services,Personal Support Worker/Personal Attendant,Y,ND,SS,SS,SS,ND,ND
201152,MLC SOLUTIONS INC.,+,+,,,+,,,Y,0.04,SS,SS,SS,ND,ND
201152,MLC SOLUTIONS INC.,102309,"MLC COLLEGE OF BUSINESS, TECHNOLOGY AND HEALTHCARE, MISSISSAUGA",MISSISSAUGA,L5C1Y5,+,,,Y,0.04,ND,ND,ND,ND,ND
201152,MLC SOLUTIONS INC.,102309,"MLC COLLEGE OF BUSINESS, TECHNOLOGY AND HEALTHCARE, MISSISSAUGA",MISSISSAUGA,L5C1Y5,DIPLOMA IN FINANCIAL MANAGEMENT,Business,Banking and Financial Services,Y,SS,ND,ND,ND,ND,ND
201152,MLC SOLUTIONS INC.,102309,"MLC COLLEGE OF BUSINESS, TECHNOLOGY AND HEALTHCARE, MISSISSAUGA",MISSISSAUGA,L5C1Y5,DIPLOMA IN HEALTH INFORMATION MANAGEMENT,Health Services,Other - Health Services,Y,SS,ND,ND,ND,ND,ND
201152,MLC SOLUTIONS INC.,102309,"MLC COLLEGE OF BUSINESS, TECHNOLOGY AND HEALTHCARE, MISSISSAUGA",MISSISSAUGA,L5C1Y5,DIPLOMA IN HOSPITALITY AND TOURISM MANAGEMENT,Services,Travel and Tourism,Y,SS,ND,ND,ND,ND,ND
201152,MLC SOLUTIONS INC.,102309,"MLC COLLEGE OF BUSINESS, TECHNOLOGY AND HEALTHCARE, MISSISSAUGA",MISSISSAUGA,L5C1Y5,DIPLOMA IN SUPPLY CHAIN MANAGEMENT,Business,Business Administration,Y,SS,ND,ND,ND,ND,ND
201152,MLC SOLUTIONS INC.,102309,"MLC COLLEGE OF BUSINESS, TECHNOLOGY AND HEALTHCARE, MISSISSAUGA",MISSISSAUGA,L5C1Y5,EARLY CHILDCARE ASSISTANT,Human Services,Early Childhood Assistant,Y,SS,ND,ND,ND,ND,ND
201152,MLC SOLUTIONS INC.,102309,"MLC COLLEGE OF BUSINESS, TECHNOLOGY AND HEALTHCARE, MISSISSAUGA",MISSISSAUGA,L5C1Y5,PG DIPLOMA IN MEDICAL AND DENTAL OFFICE ADMINISTRATIVE SKILLS AND TECHNOLOGY,Health Services,Medical Office Administration/Management,Y,0.00,ND,ND,ND,ND,ND
201152,MLC SOLUTIONS INC.,102309,"MLC COLLEGE OF BUSINESS, TECHNOLOGY AND HEALTHCARE, MISSISSAUGA",MISSISSAUGA,L5C1Y5,POST GRADUATE DIPLOMA IN INFORMATION TECHNOLOGY MANAGEMENT,Business,Other - Business,Y,0.00,ND,ND,ND,ND,ND
201152,MLC SOLUTIONS INC.,102309,"MLC COLLEGE OF BUSINESS, TECHNOLOGY AND HEALTHCARE, MISSISSAUGA",MISSISSAUGA,L5C1Y5,POST GRADUATION DIPLOMA IN BUSINESS MANAGEMENT,Health Services,Medical Office Administration/Management,Y,0.00,ND,ND,ND,ND,ND
201152,MLC SOLUTIONS INC.,204286,"MLC COLLEGE OF BUSINESS, TECHNOLOGY AND HEALTHCARE, MLC001",MISSISSAUGA,L5R3V5,+,,,Y,ND,SS,SS,SS,ND,ND
201152,MLC SOLUTIONS INC.,204286,"MLC COLLEGE OF BUSINESS, TECHNOLOGY AND HEALTHCARE, MLC001",MISSISSAUGA,L5R3V5,DIPLOMA IN FINANCE MANAGEMENT,Business,Banking and Financial Services,Y,ND,SS,SS,SS,ND,ND
201154,T.T.H.E. INC.,+,+,,,+,,,Y,0.92,0.87,0.87,0.82,ND,ND
201154,T.T.H.E. INC.,102364,"SOUTHERN ONTARIO DENTAL COLLEGE, ANCASTER",ANCASTER,L9G2B8,+,,,Y,0.92,0.87,0.87,0.82,ND,0.00
201154,T.T.H.E. INC.,102364,"SOUTHERN ONTARIO DENTAL COLLEGE, ANCASTER",ANCASTER,L9G2B8,DENTAL ASSISTANT - LEVEL I & II,Health Services,Office/Clerical/Administration - Dental/Medical,Y,0.92,1.00,1.00,1.00,ND,ND
201154,T.T.H.E. INC.,102364,"SOUTHERN ONTARIO DENTAL COLLEGE, ANCASTER",ANCASTER,L9G2B8,DENTAL HYGIENE,Health Services,Dental Hygienist,Y,0.92,0.83,0.83,0.79,ND,ND
201161,4032322 CANADA INC.,+,+,,,+,,,Y,SS,SS,SS,SS,ND,ND
201161,4032322 CANADA INC.,102394,"WORLD WIDE TRUCK DRIVING & FORKLIFT SCHOOL, TORONTO",TORONTO,M9W1N7,+,,,Y,SS,SS,SS,SS,ND,ND
201161,4032322 CANADA INC.,102394,"WORLD WIDE TRUCK DRIVING & FORKLIFT SCHOOL, TORONTO",TORONTO,M9W1N7,TRACTOR-TRAILER DRIVER M.E.L.T.,Tractor-Trailer / Driver Licensing,A Class Truck Driver,Y,SS,SS,SS,SS,ND,ND
201167,1630737 ONTARIO INC.,+,+,,,+,,,Y,0.52,0.80,0.63,0.98,1.00,ND
201167,1630737 ONTARIO INC.,102444,"JYOT'S AESTHETICS ACADEMY, BRAMPTON",BRAMPTON,L6R1A2,+,,,Y,0.52,0.80,0.63,0.98,1.00,ND
201167,1630737 ONTARIO INC.,102444,"JYOT'S AESTHETICS ACADEMY, BRAMPTON",BRAMPTON,L6R1A2,ADVANCED AESTHETICS,Human Services,Esthetics/Medical Esthetics,Y,0.52,0.80,0.60,0.96,1.00,ND
201167,1630737 ONTARIO INC.,102444,"JYOT'S AESTHETICS ACADEMY, BRAMPTON",BRAMPTON,L6R1A2,HAIRSTYLING,Service Trade,Hairstylist,Y,SS,0.80,0.67,1.00,ND,ND
201167,1630737 ONTARIO INC.,102444,"JYOT'S AESTHETICS ACADEMY, BRAMPTON",BRAMPTON,L6R1A2,NACC PSW 2015,Health Services,Personal Support Worker/Personal Attendant,Y,ND,ND,ND,ND,ND,ND
201172,INSTITUTE OF MACHINE TOOL TECHNOLOGY INC.,+,+,,,+,,,Y,0.53,0.77,0.71,0.79,ND,ND
201172,INSTITUTE OF MACHINE TOOL TECHNOLOGY INC.,102339,"INSTITUTE OF MACHINE TOOL TECHNOLOGY, MISSISSAUGA",MISSISSAUGA,L4V1V5,+,,,Y,0.53,0.77,0.71,0.79,ND,ND
201172,INSTITUTE OF MACHINE TOOL TECHNOLOGY INC.,102339,"INSTITUTE OF MACHINE TOOL TECHNOLOGY, MISSISSAUGA",MISSISSAUGA,L4V1V5,CNC MACHINE TOOL OPERATOR AND PROGRAMMER,Computer and Information Technology,Information Technology,Y,0.57,0.73,0.67,0.77,ND,ND
201172,INSTITUTE OF MACHINE TOOL TECHNOLOGY INC.,102339,"INSTITUTE OF MACHINE TOOL TECHNOLOGY, MISSISSAUGA",MISSISSAUGA,L4V1V5,CNC PROGRAMMER/OPERATOR/SETUP,Computer and Information Technology,Information Technology,Y,0.33,SS,SS,SS,ND,ND
201173,6425518 CANADA INC.,+,+,,,+,,,Y,0.81,0.75,0.60,0.80,ND,ND
201173,6425518 CANADA INC.,101305,"ANDERSON COLLEGE OF HEALTH, BUSINESS AND TECHNOLOGY, MISSISSAUGA",MISSISSAUGA,L5A2H1,+,,,Y,0.81,0.75,0.60,0.80,ND,0.03
201173,6425518 CANADA INC.,101305,"ANDERSON COLLEGE OF HEALTH, BUSINESS AND TECHNOLOGY, MISSISSAUGA",MISSISSAUGA,L5A2H1,ACCOUNTING AND PAYROLL ADMINISTRATOR,Business,Accounting,Y,SS,ND,ND,ND,ND,ND
201173,6425518 CANADA INC.,101305,"ANDERSON COLLEGE OF HEALTH, BUSINESS AND TECHNOLOGY, MISSISSAUGA",MISSISSAUGA,L5A2H1,BUSINESS MANAGEMENT,Business,Business Administration,Y,SS,ND,ND,ND,ND,ND
201173,6425518 CANADA INC.,101305,"ANDERSON COLLEGE OF HEALTH, BUSINESS AND TECHNOLOGY, MISSISSAUGA",MISSISSAUGA,L5A2H1,LAW CLERK,Law and Public Safety,Legal Office Administration,Y,SS,ND,ND,ND,ND,ND
201173,6425518 CANADA INC.,101305,"ANDERSON COLLEGE OF HEALTH, BUSINESS AND TECHNOLOGY, MISSISSAUGA",MISSISSAUGA,L5A2H1,MEDICAL LABORATORY ASSISTANT/TECHNICIAN,Health Services,Medical Laboratory Technician,Y,0.95,ND,ND,ND,ND,ND
201173,6425518 CANADA INC.,101305,"ANDERSON COLLEGE OF HEALTH, BUSINESS AND TECHNOLOGY, MISSISSAUGA",MISSISSAUGA,L5A2H1,MEDICAL OFFICE ASSISTANT,Health Services,Medical Office Administration/Management,Y,SS,ND,ND,ND,ND,ND
201173,6425518 CANADA INC.,101305,"ANDERSON COLLEGE OF HEALTH, BUSINESS AND TECHNOLOGY, MISSISSAUGA",MISSISSAUGA,L5A2H1,PARALEGAL,Law and Public Safety,Paralegal,Y,0.73,1.00,0.33,0.67,ND,ND
201173,6425518 CANADA INC.,101305,"ANDERSON COLLEGE OF HEALTH, BUSINESS AND TECHNOLOGY, MISSISSAUGA",MISSISSAUGA,L5A2H1,PERSONAL SUPPORT WORKER - HYBRID,Health Services,Personal Support Worker/Personal Attendant,Y,0.88,0.70,0.70,0.93,ND,ND
201173,6425518 CANADA INC.,101305,"ANDERSON COLLEGE OF HEALTH, BUSINESS AND TECHNOLOGY, MISSISSAUGA",MISSISSAUGA,L5A2H1,PHARMACY ASSISTANT,Health Services,Pharmaceutical Technology,Y,SS,ND,ND,ND,ND,ND
201173,6425518 CANADA INC.,101305,"ANDERSON COLLEGE OF HEALTH, BUSINESS AND TECHNOLOGY, MISSISSAUGA",MISSISSAUGA,L5A2H1,PHARMACY TECHNICIAN,Health Services,Pharmaceutical Technology,Y,0.81,0.71,0.57,0.57,ND,ND
201187,NET + COMPUTER TRAINING SALES & SERVICE INC.,+,+,,,+,,,Y,0.83,0.67,0.43,0.92,ND,ND
201187,NET + COMPUTER TRAINING SALES & SERVICE INC.,102387,"NETPLUS COLLEGE OF INFORMATION TECHNOLOGY, TORONTO",TORONTO,M1P2L9,+,,,Y,0.83,0.67,0.43,0.92,ND,ND
201187,NET + COMPUTER TRAINING SALES & SERVICE INC.,102387,"NETPLUS COLLEGE OF INFORMATION TECHNOLOGY, TORONTO",TORONTO,M1P2L9,CLOUD AND SYSTEMS ADMINISTRATOR (INTERNSHIP),Computer and Information Technology,Other - Information Technology,Y,SS,ND,ND,ND,ND,ND
201187,NET + COMPUTER TRAINING SALES & SERVICE INC.,102387,"NETPLUS COLLEGE OF INFORMATION TECHNOLOGY, TORONTO",TORONTO,M1P2L9,DIPLOMA IN ACCOUNTING & PAYROLL,Business,Accounting,Y,SS,ND,ND,SS,ND,ND
201187,NET + COMPUTER TRAINING SALES & SERVICE INC.,102387,"NETPLUS COLLEGE OF INFORMATION TECHNOLOGY, TORONTO",TORONTO,M1P2L9,DIPLOMA IN NETWORKING,Computer and Information Technology,Information Technology,Y,SS,ND,ND,ND,ND,ND
201187,NET + COMPUTER TRAINING SALES & SERVICE INC.,102387,"NETPLUS COLLEGE OF INFORMATION TECHNOLOGY, TORONTO",TORONTO,M1P2L9,ENTERPRISE NETWORK ADMINISTRATOR,Computer and Information Technology,Other - Information Technology,Y,SS,SS,SS,SS,ND,ND
201187,NET + COMPUTER TRAINING SALES & SERVICE INC.,102387,"NETPLUS COLLEGE OF INFORMATION TECHNOLOGY, TORONTO",TORONTO,M1P2L9,ENTERPRISE SYSTEM ADMINISTRATOR,Business,Other - Business,Y,SS,SS,SS,SS,ND,ND
201187,NET + COMPUTER TRAINING SALES & SERVICE INC.,102387,"NETPLUS COLLEGE OF INFORMATION TECHNOLOGY, TORONTO",TORONTO,M1P2L9,HIGHER DIPLOMA IN SOFTWARE ENGINEERING,Computer and Information Technology,Information Technology,Y,ND,ND,ND,ND,ND,ND
201187,NET + COMPUTER TRAINING SALES & SERVICE INC.,102387,"NETPLUS COLLEGE OF INFORMATION TECHNOLOGY, TORONTO",TORONTO,M1P2L9,NACC PSW 2015,Health Services,Personal Support Worker/Personal Attendant,Y,0.80,0.75,0.42,0.92,ND,ND
201187,NET + COMPUTER TRAINING SALES & SERVICE INC.,102387,"NETPLUS COLLEGE OF INFORMATION TECHNOLOGY, TORONTO",TORONTO,M1P2L9,NETWORK SPECIALIST,Computer and Information Technology,Information Technology,Y,SS,0.67,0.50,0.88,ND,ND
201196,1458128 ONTARIO LTD.,+,+,,,+,,,Y,0.91,0.53,0.27,0.88,0.82,ND
201196,1458128 ONTARIO LTD.,102495,"COMPUTEK COLLEGE OF BUSINESS, HEALTHCARE & TECHNOLOGY, TORONTO/KENNEDY RD.",TORONTO,M1K5G8,+,,,Y,0.92,0.52,0.26,0.86,0.82,0.01
201196,1458128 ONTARIO LTD.,102495,"COMPUTEK COLLEGE OF BUSINESS, HEALTHCARE & TECHNOLOGY, TORONTO/KENNEDY RD.",TORONTO,M1K5G8,ACCOUNTING & PAYROLL ADMINISTRATOR,Business,Accounting and Payroll Administration,Y,0.96,ND,ND,ND,ND,ND
201196,1458128 ONTARIO LTD.,102495,"COMPUTEK COLLEGE OF BUSINESS, HEALTHCARE & TECHNOLOGY, TORONTO/KENNEDY RD.",TORONTO,M1K5G8,"ACCOUNTING, PAYROLL AND TAX",Business,Accounting and Payroll Administration,Y,SS,0.54,0.23,0.86,0.50,ND
201196,1458128 ONTARIO LTD.,102495,"COMPUTEK COLLEGE OF BUSINESS, HEALTHCARE & TECHNOLOGY, TORONTO/KENNEDY RD.",TORONTO,M1K5G8,BUSINESS ADMINISTRATION,Business,Business Administration,Y,0.98,0.48,0.12,0.72,0.50,ND
201196,1458128 ONTARIO LTD.,102495,"COMPUTEK COLLEGE OF BUSINESS, HEALTHCARE & TECHNOLOGY, TORONTO/KENNEDY RD.",TORONTO,M1K5G8,COMMUNITY SERVICES WORKER,Community and Social Services,Community Services Worker,Y,0.81,0.76,0.43,0.96,1.00,ND
201196,1458128 ONTARIO LTD.,102495,"COMPUTEK COLLEGE OF BUSINESS, HEALTHCARE & TECHNOLOGY, TORONTO/KENNEDY RD.",TORONTO,M1K5G8,COMPUTER NETWORK AND CYBER SECURITY ENGINEER WITH PRACTICUM,Computer and Information Technology,Information Technology,Y,0.85,0.61,0.13,0.79,ND,ND
201196,1458128 ONTARIO LTD.,102495,"COMPUTEK COLLEGE OF BUSINESS, HEALTHCARE & TECHNOLOGY, TORONTO/KENNEDY RD.",TORONTO,M1K5G8,COMPUTER NETWORK AND CYBER SECURITY ENGINEER,Computer and Information Technology,Information Technology,Y,ND,SS,SS,SS,ND,ND
201196,1458128 ONTARIO LTD.,102495,"COMPUTEK COLLEGE OF BUSINESS, HEALTHCARE & TECHNOLOGY, TORONTO/KENNEDY RD.",TORONTO,M1K5G8,EARLY CHILDCARE ASSISTANT,Human Services,Early Childhood Assistant,Y,0.61,0.50,0.40,0.86,ND,ND
201196,1458128 ONTARIO LTD.,102495,"COMPUTEK COLLEGE OF BUSINESS, HEALTHCARE & TECHNOLOGY, TORONTO/KENNEDY RD.",TORONTO,M1K5G8,ENTERPRISE NETWORK ENIGNEERING,Computer and Information Technology,Information Technology,Y,0.95,0.71,0.43,1.00,1.00,ND
201196,1458128 ONTARIO LTD.,102495,"COMPUTEK COLLEGE OF BUSINESS, HEALTHCARE & TECHNOLOGY, TORONTO/KENNEDY RD.",TORONTO,M1K5G8,INTEGRATED APPLICATION DEVELOPMENT,Computer and Information Technology,Information Technology,Y,0.97,0.33,0.33,1.00,ND,ND
201196,1458128 ONTARIO LTD.,102495,"COMPUTEK COLLEGE OF BUSINESS, HEALTHCARE & TECHNOLOGY, TORONTO/KENNEDY RD.",TORONTO,M1K5G8,MEDICAL OFFICE ADMINISTRATION,Health Services,Medical Office Administration/Management,Y,0.96,0.27,0.12,0.86,ND,ND
201196,1458128 ONTARIO LTD.,102495,"COMPUTEK COLLEGE OF BUSINESS, HEALTHCARE & TECHNOLOGY, TORONTO/KENNEDY RD.",TORONTO,M1K5G8,MOBILE APPLICATION DEVELOPER,Computer and Information Technology,Other - Information Technology,Y,0.92,1.00,0.00,1.00,ND,ND
201196,1458128 ONTARIO LTD.,102495,"COMPUTEK COLLEGE OF BUSINESS, HEALTHCARE & TECHNOLOGY, TORONTO/KENNEDY RD.",TORONTO,M1K5G8,PERSONAL SUPPORT WORKER,Health Services,Personal Support Worker/Personal Attendant,Y,0.88,0.48,0.38,0.89,1.00,ND
201196,1458128 ONTARIO LTD.,106421,"COMPUTEK COLLEGE OF BUSINESS, HEALTHCARE & TECHNOLOGY, MARKHAM",MARKHAM,L3S4N8,+,,,Y,0.83,0.57,0.30,0.93,ND,0.01
201196,1458128 ONTARIO LTD.,106421,"COMPUTEK COLLEGE OF BUSINESS, HEALTHCARE & TECHNOLOGY, MARKHAM",MARKHAM,L3S4N8,"ACCOUNTING, PAYROLL AND TAX",Business,Accounting and Payroll Administration,Y,1.00,0.62,0.23,0.93,ND,ND
201196,1458128 ONTARIO LTD.,106421,"COMPUTEK COLLEGE OF BUSINESS, HEALTHCARE & TECHNOLOGY, MARKHAM",MARKHAM,L3S4N8,COMMUNITY SERVICES WORKER,Community and Social Services,Community Services Worker,Y,0.86,0.55,0.28,0.91,ND,ND
201196,1458128 ONTARIO LTD.,106421,"COMPUTEK COLLEGE OF BUSINESS, HEALTHCARE & TECHNOLOGY, MARKHAM",MARKHAM,L3S4N8,EARLY CHILDCARE ASSISTANT,Human Services,Early Childhood Assistant,Y,0.50,0.67,0.67,1.00,ND,ND
201196,1458128 ONTARIO LTD.,106421,"COMPUTEK COLLEGE OF BUSINESS, HEALTHCARE & TECHNOLOGY, MARKHAM",MARKHAM,L3S4N8,PERSONAL SUPPORT WORKER,Health Services,Personal Support Worker/Personal Attendant,Y,0.81,0.60,0.40,1.00,ND,ND
201201,PROGRESSIVE TRAINING CENTRE INC.,+,+,,,+,,,Y,0.77,0.61,0.42,0.59,1.00,ND
201201,PROGRESSIVE TRAINING CENTRE INC.,102472,"PROGRESSIVE TRAINING COLLEGE OF BUSINESS & HEALTH, VAUGHAN",VAUGHAN,L4K4G7,+,,,Y,0.67,0.43,0.29,0.38,ND,ND
201201,PROGRESSIVE TRAINING CENTRE INC.,102472,"PROGRESSIVE TRAINING COLLEGE OF BUSINESS & HEALTH, VAUGHAN",VAUGHAN,L4K4G7,ACCOUNTING AND OFFICE ADMINISTRATION,Business,Accounting,Y,ND,SS,SS,SS,ND,ND
201201,PROGRESSIVE TRAINING CENTRE INC.,102472,"PROGRESSIVE TRAINING COLLEGE OF BUSINESS & HEALTH, VAUGHAN",VAUGHAN,L4K4G7,"ACCOUNTING, BUSINESS MANAGEMENT AND BUSINESS ADMINISTRATION",Business,Accounting,Y,SS,SS,SS,SS,ND,ND
201201,PROGRESSIVE TRAINING CENTRE INC.,102472,"PROGRESSIVE TRAINING COLLEGE OF BUSINESS & HEALTH, VAUGHAN",VAUGHAN,L4K4G7,AUTO SERVICE ADVISOR,Motive Power Trade,Automotive Service Technician,Y,SS,ND,ND,ND,ND,ND
201201,PROGRESSIVE TRAINING CENTRE INC.,102472,"PROGRESSIVE TRAINING COLLEGE OF BUSINESS & HEALTH, VAUGHAN",VAUGHAN,L4K4G7,AUTOMOTIVE SERVICE ADVISOR,Motive Power Trade,Automotive Service Technician,Y,ND,SS,SS,SS,ND,ND
201201,PROGRESSIVE TRAINING CENTRE INC.,102472,"PROGRESSIVE TRAINING COLLEGE OF BUSINESS & HEALTH, VAUGHAN",VAUGHAN,L4K4G7,BUSINESS ADMINISTRATION,Business,Business Administration,Y,SS,SS,SS,SS,ND,ND
201201,PROGRESSIVE TRAINING CENTRE INC.,102472,"PROGRESSIVE TRAINING COLLEGE OF BUSINESS & HEALTH, VAUGHAN",VAUGHAN,L4K4G7,CUSTOMER SERVICE FOR THE CANNABIS INDUSTRY,Services,Customer Service/Retail Sales,Y,SS,ND,ND,ND,ND,ND
201201,PROGRESSIVE TRAINING CENTRE INC.,102472,"PROGRESSIVE TRAINING COLLEGE OF BUSINESS & HEALTH, VAUGHAN",VAUGHAN,L4K4G7,CUSTOMER SERVICE,Services,Customer Service/Retail Sales,Y,SS,SS,SS,SS,ND,ND
201201,PROGRESSIVE TRAINING CENTRE INC.,102472,"PROGRESSIVE TRAINING COLLEGE OF BUSINESS & HEALTH, VAUGHAN",VAUGHAN,L4K4G7,DISPATCH,Services,Other - Services,Y,SS,SS,SS,SS,ND,ND
201201,PROGRESSIVE TRAINING CENTRE INC.,102472,"PROGRESSIVE TRAINING COLLEGE OF BUSINESS & HEALTH, VAUGHAN",VAUGHAN,L4K4G7,"HUMAN RESOURCES, BUSINESS MANAGEMENT AND BUSINESS ADMINISTRATION",Business,Business Administration,Y,ND,ND,ND,ND,ND,ND
201201,PROGRESSIVE TRAINING CENTRE INC.,102472,"PROGRESSIVE TRAINING COLLEGE OF BUSINESS & HEALTH, VAUGHAN",VAUGHAN,L4K4G7,LAW AND SECURITY OFFICER,Law and Public Safety,Law Enforcement/Police Foundations,Y,ND,ND,ND,ND,ND,ND
201201,PROGRESSIVE TRAINING CENTRE INC.,102472,"PROGRESSIVE TRAINING COLLEGE OF BUSINESS & HEALTH, VAUGHAN",VAUGHAN,L4K4G7,OFFICE ADMINISTRATION - GENERAL,Business,Office Administration,Y,SS,SS,SS,SS,ND,ND
201201,PROGRESSIVE TRAINING CENTRE INC.,102472,"PROGRESSIVE TRAINING COLLEGE OF BUSINESS & HEALTH, VAUGHAN",VAUGHAN,L4K4G7,PRODUCTION CLERK,Services,Other - Services,Y,SS,ND,ND,ND,ND,ND
201201,PROGRESSIVE TRAINING CENTRE INC.,102472,"PROGRESSIVE TRAINING COLLEGE OF BUSINESS & HEALTH, VAUGHAN",VAUGHAN,L4K4G7,"SUPPLY CHAIN MANAGEMENT, PURCHASING AND PRODUCTION",Services,Other - Services,Y,ND,ND,ND,ND,ND,ND
201201,PROGRESSIVE TRAINING CENTRE INC.,103221,"PROGRESSIVE TRAINING COLLEGE OF BUSINESS & HEALTH, TORONTO/SCARBOROUGH",TORONTO,M1V0B8,+,,,Y,0.70,0.50,0.00,0.60,ND,ND
201201,PROGRESSIVE TRAINING CENTRE INC.,103221,"PROGRESSIVE TRAINING COLLEGE OF BUSINESS & HEALTH, TORONTO/SCARBOROUGH",TORONTO,M1V0B8,ACCOUNTING AND OFFICE ADMINISTRATION,Business,Accounting,Y,SS,ND,ND,ND,ND,ND
201201,PROGRESSIVE TRAINING CENTRE INC.,103221,"PROGRESSIVE TRAINING COLLEGE OF BUSINESS & HEALTH, TORONTO/SCARBOROUGH",TORONTO,M1V0B8,AUTO SERVICE ADVISOR,Motive Power Trade,Automotive Service Technician,Y,SS,ND,ND,ND,ND,ND
201201,PROGRESSIVE TRAINING CENTRE INC.,103221,"PROGRESSIVE TRAINING COLLEGE OF BUSINESS & HEALTH, TORONTO/SCARBOROUGH",TORONTO,M1V0B8,CUSTOMER SERVICE,Services,Customer Service/Retail Sales,Y,SS,SS,SS,SS,ND,ND
201201,PROGRESSIVE TRAINING CENTRE INC.,103221,"PROGRESSIVE TRAINING COLLEGE OF BUSINESS & HEALTH, TORONTO/SCARBOROUGH",TORONTO,M1V0B8,CUSTOMER SERVICE: EXPRESS LANE,Services,Customer Service/Retail Sales,Y,SS,ND,ND,ND,ND,ND
201201,PROGRESSIVE TRAINING CENTRE INC.,103221,"PROGRESSIVE TRAINING COLLEGE OF BUSINESS & HEALTH, TORONTO/SCARBOROUGH",TORONTO,M1V0B8,DISPATCH,Services,Other - Services,Y,ND,SS,SS,SS,ND,ND
201201,PROGRESSIVE TRAINING CENTRE INC.,103221,"PROGRESSIVE TRAINING COLLEGE OF BUSINESS & HEALTH, TORONTO/SCARBOROUGH",TORONTO,M1V0B8,OFFICE ADMINISTRATION - GENERAL,Business,Office Administration,Y,SS,SS,SS,SS,ND,ND
201201,PROGRESSIVE TRAINING CENTRE INC.,103221,"PROGRESSIVE TRAINING COLLEGE OF BUSINESS & HEALTH, TORONTO/SCARBOROUGH",TORONTO,M1V0B8,PRODUCTION CLERK,Services,Other - Services,Y,SS,SS,SS,SS,ND,ND
201201,PROGRESSIVE TRAINING CENTRE INC.,104639,"PROGRESSIVE TRAINING COLLEGE OF BUSINESS & HEALTH, BARRIE",BARRIE,L4N1K9,+,,,Y,0.71,0.40,0.20,0.36,1.00,ND
201201,PROGRESSIVE TRAINING CENTRE INC.,104639,"PROGRESSIVE TRAINING COLLEGE OF BUSINESS & HEALTH, BARRIE",BARRIE,L4N1K9,ACCOUNTING AND OFFICE ADMINISTRATION,Business,Accounting,Y,SS,SS,SS,SS,ND,ND
201201,PROGRESSIVE TRAINING CENTRE INC.,104639,"PROGRESSIVE TRAINING COLLEGE OF BUSINESS & HEALTH, BARRIE",BARRIE,L4N1K9,AUTO SERVICE ADVISOR,Motive Power Trade,Automotive Service Technician,Y,SS,SS,SS,SS,1.00,ND
201201,PROGRESSIVE TRAINING CENTRE INC.,104639,"PROGRESSIVE TRAINING COLLEGE OF BUSINESS & HEALTH, BARRIE",BARRIE,L4N1K9,BUSINESS ADMINISTRATION,Business,Business Administration,Y,SS,ND,ND,ND,ND,ND
201201,PROGRESSIVE TRAINING CENTRE INC.,104639,"PROGRESSIVE TRAINING COLLEGE OF BUSINESS & HEALTH, BARRIE",BARRIE,L4N1K9,CUSTOMER SERVICE,Services,Customer Service/Retail Sales,Y,SS,ND,ND,ND,ND,ND
201201,PROGRESSIVE TRAINING CENTRE INC.,104639,"PROGRESSIVE TRAINING COLLEGE OF BUSINESS & HEALTH, BARRIE",BARRIE,L4N1K9,DISPATCH,Services,Other - Services,Y,SS,ND,ND,ND,ND,ND
201201,PROGRESSIVE TRAINING CENTRE INC.,104639,"PROGRESSIVE TRAINING COLLEGE OF BUSINESS & HEALTH, BARRIE",BARRIE,L4N1K9,HUMAN RESOURCES AND OFFICE ADMINISTRATION,Business,Office Administration,Y,SS,ND,ND,ND,ND,ND
201201,PROGRESSIVE TRAINING CENTRE INC.,104639,"PROGRESSIVE TRAINING COLLEGE OF BUSINESS & HEALTH, BARRIE",BARRIE,L4N1K9,"HUMAN RESOURCES, BUSINESS MANAGEMENT AND BUSINESS ADMINISTRATION",Business,Business Administration,Y,SS,SS,SS,SS,ND,ND
201201,PROGRESSIVE TRAINING CENTRE INC.,104639,"PROGRESSIVE TRAINING COLLEGE OF BUSINESS & HEALTH, BARRIE",BARRIE,L4N1K9,OFFICE ADMINISTRATION - GENERAL,Business,Office Administration,Y,1.00,0.75,0.25,0.25,ND,ND
201201,PROGRESSIVE TRAINING CENTRE INC.,104639,"PROGRESSIVE TRAINING COLLEGE OF BUSINESS & HEALTH, BARRIE",BARRIE,L4N1K9,PRODUCTION CLERK,Services,Other - Services,Y,SS,SS,SS,SS,ND,ND
201201,PROGRESSIVE TRAINING CENTRE INC.,104761,"PROGRESSIVE TRAINING COLLEGE OF BUSINESS & HEALTH, SAULT STE. MARIE",SAULT STE. MARIE,P6A1A6,+,,,Y,0.90,0.77,0.64,0.77,1.00,ND
201201,PROGRESSIVE TRAINING CENTRE INC.,104761,"PROGRESSIVE TRAINING COLLEGE OF BUSINESS & HEALTH, SAULT STE. MARIE",SAULT STE. MARIE,P6A1A6,ACCOUNTING AND OFFICE ADMINISTRATION,Business,Office Administration,Y,SS,0.50,0.33,0.83,ND,ND
201201,PROGRESSIVE TRAINING CENTRE INC.,104761,"PROGRESSIVE TRAINING COLLEGE OF BUSINESS & HEALTH, SAULT STE. MARIE",SAULT STE. MARIE,P6A1A6,HUMAN RESOURCES AND OFFICE ADMINISTRATION,Business,Office Administration,Y,0.88,0.75,0.75,0.50,ND,ND
201201,PROGRESSIVE TRAINING CENTRE INC.,104761,"PROGRESSIVE TRAINING COLLEGE OF BUSINESS & HEALTH, SAULT STE. MARIE",SAULT STE. MARIE,P6A1A6,LAW AND SECURITY OFFICER,Law and Public Safety,Law Enforcement/Police Foundations,Y,SS,SS,SS,SS,ND,ND
201201,PROGRESSIVE TRAINING CENTRE INC.,104761,"PROGRESSIVE TRAINING COLLEGE OF BUSINESS & HEALTH, SAULT STE. MARIE",SAULT STE. MARIE,P6A1A6,MARKETING AND OFFICE ADMINISTRATION,Services,Other - Services,Y,SS,SS,SS,SS,ND,ND
201201,PROGRESSIVE TRAINING CENTRE INC.,104761,"PROGRESSIVE TRAINING COLLEGE OF BUSINESS & HEALTH, SAULT STE. MARIE",SAULT STE. MARIE,P6A1A6,OFFICE ADMINISTRATION - EXPRESS,Business,Office Administration,Y,SS,ND,ND,ND,ND,ND
201201,PROGRESSIVE TRAINING CENTRE INC.,104761,"PROGRESSIVE TRAINING COLLEGE OF BUSINESS & HEALTH, SAULT STE. MARIE",SAULT STE. MARIE,P6A1A6,OFFICE ADMINISTRATION - GENERAL,Business,Office Administration,Y,SS,ND,ND,ND,ND,ND
201201,PROGRESSIVE TRAINING CENTRE INC.,104761,"PROGRESSIVE TRAINING COLLEGE OF BUSINESS & HEALTH, SAULT STE. MARIE",SAULT STE. MARIE,P6A1A6,PERSONAL SUPPORT WORKER,Health Services,Personal Support Worker/Personal Attendant,Y,0.93,0.90,0.80,0.80,1.00,ND
201206,CANADIAN NATIONAL INSTITUTE OF HEALTH INC.,+,+,,,+,,,Y,0.92,ND,ND,ND,ND,ND
201206,CANADIAN NATIONAL INSTITUTE OF HEALTH INC.,102468,"CANADIAN NATIONAL INSTITUTE OF HEALTH INC., OTTAWA",OTTAWA,K1N7E8,+,,,Y,0.92,ND,ND,ND,ND,0.06
201206,CANADIAN NATIONAL INSTITUTE OF HEALTH INC.,102468,"CANADIAN NATIONAL INSTITUTE OF HEALTH INC., OTTAWA",OTTAWA,K1N7E8,DENTAL HYGIENE,Health Services,Dental Hygienist,Y,0.94,ND,ND,ND,ND,ND
201206,CANADIAN NATIONAL INSTITUTE OF HEALTH INC.,102468,"CANADIAN NATIONAL INSTITUTE OF HEALTH INC., OTTAWA",OTTAWA,K1N7E8,DIAGNOSTIC MEDICAL SONOGRAPHY,Health Services,Medical Sonography/Ultrasound Technology,Y,0.83,ND,ND,ND,ND,ND
201220,YEETECH TECHNOLOGY INC.,+,+,,,+,,,Y,0.78,0.93,0.90,0.96,1.00,ND
201220,YEETECH TECHNOLOGY INC.,102462,"PHARMA-MEDICAL SCIENCE COLLEGE OF CANADA, TORONTO",TORONTO,M2J4V8,+,,,Y,0.77,0.93,0.90,0.96,1.00,0.02
201220,YEETECH TECHNOLOGY INC.,102462,"PHARMA-MEDICAL SCIENCE COLLEGE OF CANADA, TORONTO",TORONTO,M2J4V8,ADVANCED ESTHETICS DIPLOMA,Human Services,Esthetics/Medical Esthetics,Y,ND,SS,SS,SS,ND,ND
201220,YEETECH TECHNOLOGY INC.,102462,"PHARMA-MEDICAL SCIENCE COLLEGE OF CANADA, TORONTO",TORONTO,M2J4V8,DIAGNOSTIC CARDIAC SONOGRAPHY,Health Services,Medical Sonography/Ultrasound Technology,Y,0.75,0.75,0.69,0.94,1.00,ND
201220,YEETECH TECHNOLOGY INC.,102462,"PHARMA-MEDICAL SCIENCE COLLEGE OF CANADA, TORONTO",TORONTO,M2J4V8,DIAGNOSTIC MEDICAL SONOGRAPHY,Health Services,Medical Sonography/Ultrasound Technology,Y,0.24,1.00,1.00,1.00,1.00,ND
201220,YEETECH TECHNOLOGY INC.,102462,"PHARMA-MEDICAL SCIENCE COLLEGE OF CANADA, TORONTO",TORONTO,M2J4V8,DIPLOMA OF MEDICAL OFFICE ADMINISTRATION,Health Services,Medical Office Administration/Management,Y,0.88,1.00,0.80,1.00,ND,ND
201220,YEETECH TECHNOLOGY INC.,102462,"PHARMA-MEDICAL SCIENCE COLLEGE OF CANADA, TORONTO",TORONTO,M2J4V8,EARLY CHILDCARE ASSISTANT,Human Services,Early Childhood Assistant,Y,0.86,0.82,0.64,0.92,ND,ND
201220,YEETECH TECHNOLOGY INC.,102462,"PHARMA-MEDICAL SCIENCE COLLEGE OF CANADA, TORONTO",TORONTO,M2J4V8,"FOOD, NUTRITION AND HEALTH DIPLOMA",Health Services,Other - Health Services,Y,0.80,0.91,0.91,0.80,1.00,ND
201220,YEETECH TECHNOLOGY INC.,102462,"PHARMA-MEDICAL SCIENCE COLLEGE OF CANADA, TORONTO",TORONTO,M2J4V8,MASSAGE THERAPY,Health Services,Massage Therapist,Y,0.74,0.94,0.89,0.96,1.00,ND
201220,YEETECH TECHNOLOGY INC.,102462,"PHARMA-MEDICAL SCIENCE COLLEGE OF CANADA, TORONTO",TORONTO,M2J4V8,MEDICAL ESTHETICS DIPLOMA (64 WEEKS)*,Human Services,Esthetics/Medical Esthetics,Y,SS,See combined program results below,See combined program results below,See combined program results below,See combined program results below,ND
201220,YEETECH TECHNOLOGY INC.,102462,"PHARMA-MEDICAL SCIENCE COLLEGE OF CANADA, TORONTO",TORONTO,M2J4V8,MEDICAL ESTHETICS DIPLOMA (66 WEEKS)*,Human Services,Esthetics/Medical Esthetics,Y,0.89,See combined program results below,See combined program results below,See combined program results below,See combined program results below,ND
201220,YEETECH TECHNOLOGY INC.,102462,"PHARMA-MEDICAL SCIENCE COLLEGE OF CANADA, TORONTO",TORONTO,M2J4V8,MEDICAL ESTHETICS DIPLOMA (COMBINED 64 WEEKS AND 66 WEEKS)**,Human Services,Esthetics/Medical Esthetics,Y,See program results above,1.00,1.00,0.80,ND,See program results above
201220,YEETECH TECHNOLOGY INC.,102462,"PHARMA-MEDICAL SCIENCE COLLEGE OF CANADA, TORONTO",TORONTO,M2J4V8,MEDICAL LABORATORY ASSISTANT/TECHNICIAN,Health Services,Medical Laboratory Technician,Y,0.93,ND,ND,ND,ND,ND
201220,YEETECH TECHNOLOGY INC.,102462,"PHARMA-MEDICAL SCIENCE COLLEGE OF CANADA, TORONTO",TORONTO,M2J4V8,PERSONAL SUPPORT WORKER,Health Services,Personal Support Worker/Personal Attendant,Y,0.80,0.94,0.93,0.98,1.00,ND
201220,YEETECH TECHNOLOGY INC.,102462,"PHARMA-MEDICAL SCIENCE COLLEGE OF CANADA, TORONTO",TORONTO,M2J4V8,PHARMACY ASSISTANT,Health Services,Pharmacy Assistant,Y,0.89,1.00,1.00,1.00,ND,ND
201220,YEETECH TECHNOLOGY INC.,203997,PHARMA-MEDICAL SCIENCE COLLEGE OF CANADA,TORONTO,M9B6E1,+,,,Y,0.92,1.00,0.89,0.97,1.00,ND
201220,YEETECH TECHNOLOGY INC.,203997,PHARMA-MEDICAL SCIENCE COLLEGE OF CANADA,TORONTO,M9B6E1,MASSAGE THERAPY,Health Services,Massage Therapist,Y,ND,SS,SS,SS,ND,ND
201220,YEETECH TECHNOLOGY INC.,203997,PHARMA-MEDICAL SCIENCE COLLEGE OF CANADA,TORONTO,M9B6E1,PERSONAL SUPPORT WORKER,Health Services,Personal Support Worker/Personal Attendant,Y,0.92,1.00,0.87,1.00,1.00,ND
201234,TRONTARIO TRUCK DRIVING SCHOOL LTD,+,+,,,+,,,Y,0.31,0.77,0.53,0.82,ND,ND
201234,TRONTARIO TRUCK DRIVING SCHOOL LTD,102637,"TRONTARIO TRUCK DRIVING SCHOOL, TORONTO",TORONTO,M9M3A4,+,,,Y,0.31,0.77,0.53,0.82,ND,ND
201234,TRONTARIO TRUCK DRIVING SCHOOL LTD,102637,"TRONTARIO TRUCK DRIVING SCHOOL, TORONTO",TORONTO,M9M3A4,TRACTOR TRAILER (A) DRIVER (MELT COMPLIANT),Tractor-Trailer / Driver Licensing,A Class Truck Driver,Y,0.31,0.77,0.53,0.82,ND,ND
201247,CANADIAN WELDING SKILLS INC.,+,+,,,+,,,Y,1.00,0.88,0.85,0.94,1.00,ND
201247,CANADIAN WELDING SKILLS INC.,102673,CANADIAN WELDING SKILLS,ENNISMORE,K0L1T0,+,,,Y,1.00,0.88,0.85,0.94,1.00,ND
201247,CANADIAN WELDING SKILLS INC.,102673,CANADIAN WELDING SKILLS,ENNISMORE,K0L1T0,ENTRY LEVEL MULTI PROCESS WELDER PART TIME,Industrial Trade,Welder,Y,1.00,1.00,1.00,1.00,ND,ND
201247,CANADIAN WELDING SKILLS INC.,102673,CANADIAN WELDING SKILLS,ENNISMORE,K0L1T0,ENTRY LEVEL MULTI PROCESS WELDER,Industrial Trade,Welder,Y,1.00,0.87,0.83,0.94,1.00,ND
201258,PASSION BEAUTY ACADEMY INC.,+,+,,,+,,,Y,0.60,0.25,0.25,0.75,ND,ND
201258,PASSION BEAUTY ACADEMY INC.,102582,"PASSION BEAUTY ACADEMY INC., MISSISSAUGA",MISSISSAUGA,L4W4J7,+,,,Y,0.60,0.25,0.25,0.75,ND,ND
201258,PASSION BEAUTY ACADEMY INC.,102582,"PASSION BEAUTY ACADEMY INC., MISSISSAUGA",MISSISSAUGA,L4W4J7,HAIRSTYLING,Service Trade,Hairstylist,Y,0.80,0.33,0.33,0.67,ND,ND
201258,PASSION BEAUTY ACADEMY INC.,102582,"PASSION BEAUTY ACADEMY INC., MISSISSAUGA",MISSISSAUGA,L4W4J7,MAKE UP COURSE,Human Services,Esthetics/Medical Esthetics,Y,0.00,SS,SS,SS,ND,ND
201262,FRIENDLY LOGISTICS INC.,+,+,,,+,,,Y,0.97,0.73,0.48,0.86,1.00,ND
201262,FRIENDLY LOGISTICS INC.,102795,"FRIENDLY TRUCK DRIVING SCHOOL, TORONTO",TORONTO,M1X1N4,+,,,Y,0.97,0.73,0.48,0.86,1.00,ND
201262,FRIENDLY LOGISTICS INC.,102795,"FRIENDLY TRUCK DRIVING SCHOOL, TORONTO",TORONTO,M1X1N4,AZ PROGRAM,Tractor-Trailer / Driver Licensing,AZ Class Truck Driver,Y,0.90,0.52,0.33,0.74,1.00,ND
201262,FRIENDLY LOGISTICS INC.,102795,"FRIENDLY TRUCK DRIVING SCHOOL, TORONTO",TORONTO,M1X1N4,TRACTOR-TRAILER MELT,Tractor-Trailer / Driver Licensing,A Class Truck Driver,Y,0.99,0.87,0.58,0.94,ND,ND
201270,WORKING SKILLS CENTRE,+,+,,,+,,,Y,0.52,0.71,0.71,0.71,ND,ND
201270,WORKING SKILLS CENTRE,102942,"ACADEMY OF COMPUTER & EMPLOYMENT SKILLS, TORONTO",TORONTO,M4P1G8,+,,,Y,0.52,0.71,0.71,0.71,ND,ND
201270,WORKING SKILLS CENTRE,102942,"ACADEMY OF COMPUTER & EMPLOYMENT SKILLS, TORONTO",TORONTO,M4P1G8,ADMINISTRATIVE ASSISTANT WITH DESKTOP PUBLISHING,Business,Office Administration,Y,0.52,0.71,0.71,0.71,ND,ND
201272,THE SCHOOL OF TORONTO DANCE THEATRE,+,+,,,+,,,Y,0.61,1.00,0.67,1.00,1.00,ND
201272,THE SCHOOL OF TORONTO DANCE THEATRE,102881,"THE SCHOOL OF TORONTO DANCE THEATRE, TORONTO",TORONTO,M4X1B2,+,,,Y,0.61,1.00,0.67,1.00,1.00,ND
201272,THE SCHOOL OF TORONTO DANCE THEATRE,102881,"THE SCHOOL OF TORONTO DANCE THEATRE, TORONTO",TORONTO,M4X1B2,PROFESSIONAL TRAINING PROGRAM (DANCE),Applied Arts and Science,Performing Arts,Y,0.61,1.00,0.67,1.00,1.00,ND
201273,BIZTECH INSTITUTE INC.,+,+,,,+,,,Y,0.69,0.77,0.69,0.86,1.00,ND
201273,BIZTECH INSTITUTE INC.,102844,"BIZTECH COLLEGE OF HEALTH SCIENCES, BUSINESS AND TECHNOLOGY, MISSISSAUGA",MISSISSAUGA,L5R3R1,+,,,Y,0.69,0.77,0.69,0.86,1.00,0.09
201273,BIZTECH INSTITUTE INC.,102844,"BIZTECH COLLEGE OF HEALTH SCIENCES, BUSINESS AND TECHNOLOGY, MISSISSAUGA",MISSISSAUGA,L5R3R1,DIAGNOSTIC CARDIAC SONOGRAPHY,Health Services,Medical Sonography/Ultrasound Technology,Y,0.56,0.80,0.70,0.80,1.00,ND
201273,BIZTECH INSTITUTE INC.,102844,"BIZTECH COLLEGE OF HEALTH SCIENCES, BUSINESS AND TECHNOLOGY, MISSISSAUGA",MISSISSAUGA,L5R3R1,EXECUTIVE MANAGEMENT IN BUSINESS ADMINISTRATION,Business,Business Administration,Y,SS,ND,ND,ND,ND,ND
201273,BIZTECH INSTITUTE INC.,102844,"BIZTECH COLLEGE OF HEALTH SCIENCES, BUSINESS AND TECHNOLOGY, MISSISSAUGA",MISSISSAUGA,L5R3R1,MEDICAL LABORATORY ASSISTANT /TECHNICIAN,Health Services,Medical Laboratory Technician,Y,0.80,SS,SS,SS,1.00,ND
201273,BIZTECH INSTITUTE INC.,102844,"BIZTECH COLLEGE OF HEALTH SCIENCES, BUSINESS AND TECHNOLOGY, MISSISSAUGA",MISSISSAUGA,L5R3R1,PRIMARY CARE PARAMEDIC,Health Services,Paramedic,Y,0.72,ND,ND,ND,ND,ND
201273,BIZTECH INSTITUTE INC.,102844,"BIZTECH COLLEGE OF HEALTH SCIENCES, BUSINESS AND TECHNOLOGY, MISSISSAUGA",MISSISSAUGA,L5R3R1,PROFESSIONAL ACCOUNTING & PAYROLL ADMINISTRATION,Business,Accounting,Y,SS,ND,ND,ND,ND,ND
201275,1388912 ONTARIO LTD.,+,+,,,+,,,Y,0.72,0.72,0.46,0.86,0.93,ND
201275,1388912 ONTARIO LTD.,102994,"CJ HEALTH CARE COLLEGE, TORONTO EAST",TORONTO,M1B4Z8,+,,,Y,0.70,0.72,0.42,0.88,1.00,0.07
201275,1388912 ONTARIO LTD.,102994,"CJ HEALTH CARE COLLEGE, TORONTO EAST",TORONTO,M1B4Z8,BUSINESS MANAGEMENT,Business,Business Management,Y,0.82,0.67,0.33,0.88,1.00,ND
201275,1388912 ONTARIO LTD.,102994,"CJ HEALTH CARE COLLEGE, TORONTO EAST",TORONTO,M1B4Z8,COMMUNITY SERVICES WORKER,Community and Social Services,Community Services Worker,Y,0.83,0.56,0.44,0.70,ND,ND
201275,1388912 ONTARIO LTD.,102994,"CJ HEALTH CARE COLLEGE, TORONTO EAST",TORONTO,M1B4Z8,LOGISTICS AND SUPPLY CHAIN MANAGEMENT,Business,Supply Chain Management and Logistics,Y,ND,SS,SS,SS,ND,ND
201275,1388912 ONTARIO LTD.,102994,"CJ HEALTH CARE COLLEGE, TORONTO EAST",TORONTO,M1B4Z8,MEDICAL LABORATORY ASSISTANT/ TECHNICIAN,Health Services,Other - Health Services,Y,0.85,0.75,0.34,0.85,1.00,ND
201275,1388912 ONTARIO LTD.,102994,"CJ HEALTH CARE COLLEGE, TORONTO EAST",TORONTO,M1B4Z8,MEDICAL OFFICE ADMINISTRATOR WITH HOSPITAL UNIT SPECIALTY,Health Services,Medical Office Administration/Management,Y,ND,ND,ND,ND,ND,ND
201275,1388912 ONTARIO LTD.,102994,"CJ HEALTH CARE COLLEGE, TORONTO EAST",TORONTO,M1B4Z8,MEDICAL OFFICE ADMINISTRATOR,Health Services,Medical Office Administration/Management,Y,0.86,0.88,0.50,1.00,ND,ND
201275,1388912 ONTARIO LTD.,102994,"CJ HEALTH CARE COLLEGE, TORONTO EAST",TORONTO,M1B4Z8,PERSONAL SUPPORT WORKER,Health Services,Personal Support Worker/Personal Attendant,Y,0.58,0.78,0.60,0.95,1.00,ND
201275,1388912 ONTARIO LTD.,102994,"CJ HEALTH CARE COLLEGE, TORONTO EAST",TORONTO,M1B4Z8,PHARMACY ASSISTANT,Health Services,Pharmaceutical Technology,Y,0.48,0.80,0.00,0.40,ND,ND
201275,1388912 ONTARIO LTD.,116990,"CJ HEALTH CARE COLLEGE, TORONTO WEST",NORTH YORK,M3J3K2,+,,,Y,0.74,0.73,0.50,0.85,0.90,0.06
201275,1388912 ONTARIO LTD.,116990,"CJ HEALTH CARE COLLEGE, TORONTO WEST",NORTH YORK,M3J3K2,BUSINESS MANAGEMENT,Business,Business Management,Y,0.83,0.71,0.14,0.78,ND,ND
201275,1388912 ONTARIO LTD.,116990,"CJ HEALTH CARE COLLEGE, TORONTO WEST",NORTH YORK,M3J3K2,COMMUNITY SERVICES WORKER,Community and Social Services,Community Services Worker,Y,0.75,0.56,0.44,0.83,0.00,ND
201275,1388912 ONTARIO LTD.,116990,"CJ HEALTH CARE COLLEGE, TORONTO WEST",NORTH YORK,M3J3K2,LOGISTICS AND SUPPLY CHAIN MANAGEMENT,Business,Supply Chain Management and Logistics,Y,ND,0.60,0.20,0.78,ND,ND
201275,1388912 ONTARIO LTD.,116990,"CJ HEALTH CARE COLLEGE, TORONTO WEST",NORTH YORK,M3J3K2,MEDICAL LABORATORY ASSISTANT/ TECHNICIAN,Health Services,Other - Health Services,Y,0.89,0.50,0.25,0.79,1.00,ND
201275,1388912 ONTARIO LTD.,116990,"CJ HEALTH CARE COLLEGE, TORONTO WEST",NORTH YORK,M3J3K2,MEDICAL OFFICE ADMINISTRATOR,Health Services,Medical Office Administration/Management,Y,0.74,0.67,0.42,0.78,1.00,ND
201275,1388912 ONTARIO LTD.,116990,"CJ HEALTH CARE COLLEGE, TORONTO WEST",NORTH YORK,M3J3K2,PERSONAL SUPPORT WORKER,Health Services,Personal Support Worker/Personal Attendant,Y,0.69,0.84,0.67,0.91,1.00,ND
201276,FOUNDATION FOR MONTESSORI EDUCATION,+,+,,,+,,,Y,ND,0.86,0.86,0.86,1.00,ND
201276,FOUNDATION FOR MONTESSORI EDUCATION,102852,"FOUNDATION FOR MONTESSORI EDUCATION, TORONTO",TORONTO,M6S1M7,+,,,Y,ND,0.86,0.86,0.86,1.00,ND
201276,FOUNDATION FOR MONTESSORI EDUCATION,102852,"FOUNDATION FOR MONTESSORI EDUCATION, TORONTO",TORONTO,M6S1M7,A.M.I. PRIMARY TEACHER TRAINING PROGRAMME,Human Services,Educator,Y,ND,0.86,0.86,0.86,1.00,ND
201277,CANADIAN MOTHERCRAFT SOCIETY,+,+,,,+,,,Y,0.98,ND,ND,ND,ND,ND
201277,CANADIAN MOTHERCRAFT SOCIETY,102902,"MOTHERCRAFT COLLEGE OF EARLY CHILDHOOD EDUCATION, TORONTO",TORONTO,M6C1A9,+,,,Y,0.98,ND,ND,ND,ND,0.00
201277,CANADIAN MOTHERCRAFT SOCIETY,102902,"MOTHERCRAFT COLLEGE OF EARLY CHILDHOOD EDUCATION, TORONTO",TORONTO,M6C1A9,EARLY CHILDHOOD EDUCATION - FULL-TIME,Human Services,Educator,Y,0.98,ND,ND,ND,ND,ND
201286,ST. THOMAS FLIGHT CENTRE LTD.,+,+,,,+,,,Y,0.35,0.50,0.50,0.86,ND,ND
201286,ST. THOMAS FLIGHT CENTRE LTD.,103072,"ST. THOMAS FLIGHT CENTRE, LONDON",ST. THOMAS,N5P3S7,+,,,Y,0.35,0.50,0.50,0.86,ND,ND
201286,ST. THOMAS FLIGHT CENTRE LTD.,103072,"ST. THOMAS FLIGHT CENTRE, LONDON",ST. THOMAS,N5P3S7,COMMERCIAL PILOT - AEROPLANE,Flight Training,Commercial Pilot,Y,0.29,0.50,0.50,1.00,ND,ND
201286,ST. THOMAS FLIGHT CENTRE LTD.,103072,"ST. THOMAS FLIGHT CENTRE, LONDON",ST. THOMAS,N5P3S7,FLIGHT INSTRUCTOR RATING - AEROPLANE,Flight Training,Flight Instructor,Y,0.50,SS,SS,SS,ND,ND
201291,BRAMPTON FLYING CLUB,+,+,,,+,,,Y,0.55,0.89,0.64,0.93,1.00,ND
201291,BRAMPTON FLYING CLUB,103092,"BRAMPTON FLIGHT CENTRE, CALEDON",CALEDON,L7C3L7,+,,,Y,0.55,0.89,0.64,0.93,1.00,ND
201291,BRAMPTON FLYING CLUB,103092,"BRAMPTON FLIGHT CENTRE, CALEDON",CALEDON,L7C3L7,AIRLINE TRANSPORT PILOT - ATP(A) INTEGRATED COURSE,Flight Training,Other - Flight Training,Y,0.59,ND,ND,ND,ND,ND
201291,BRAMPTON FLYING CLUB,103092,"BRAMPTON FLIGHT CENTRE, CALEDON",CALEDON,L7C3L7,COMMERCIAL PILOT LICENCE - AEROPLANE,Flight Training,Commercial Pilot,Y,0.41,0.88,0.50,0.94,ND,ND
201291,BRAMPTON FLYING CLUB,103092,"BRAMPTON FLIGHT CENTRE, CALEDON",CALEDON,L7C3L7,FLIGHT INSTRUCTOR RATING TRAINING,Flight Training,Flight Instructor,Y,0.72,0.92,0.83,0.92,1.00,ND
201291,BRAMPTON FLYING CLUB,103092,"BRAMPTON FLIGHT CENTRE, CALEDON",CALEDON,L7C3L7,PROFESSIONAL PILOT TRAINING,Flight Training,Commercial Pilot,Y,0.54,ND,ND,ND,ND,ND
201293,CANADA'S NATIONAL BALLET SCHOOL,+,+,,,+,,,Y,0.63,1.00,1.00,1.00,ND,ND
201293,CANADA'S NATIONAL BALLET SCHOOL,103093,"CANADA'S NATIONAL BALLET SCHOOL, TORONTO",TORONTO,M4Y2G6,+,,,Y,0.63,1.00,1.00,1.00,ND,ND
201293,CANADA'S NATIONAL BALLET SCHOOL,103093,"CANADA'S NATIONAL BALLET SCHOOL, TORONTO",TORONTO,M4Y2G6,TEACHER TRAINING CERTIFICATE IN PEDAGOGICAL STUDIES,Applied Arts and Science,Performing Arts,Y,0.17,ND,ND,ND,ND,ND
201293,CANADA'S NATIONAL BALLET SCHOOL,103093,"CANADA'S NATIONAL BALLET SCHOOL, TORONTO",TORONTO,M4Y2G6,TEACHER TRAINING PROGRAM 3 YEAR DIPLOMA,Applied Arts and Science,Performing Arts,Y,0.90,1.00,1.00,1.00,ND,ND
201294,COMPLECTIONS INTERNATIONAL ACADEMY INC.,+,+,,,+,,,Y,0.86,0.79,0.50,0.73,1.00,ND
201294,COMPLECTIONS INTERNATIONAL ACADEMY INC.,103097,"CMU COLLEGE OF MAKEUP ART AND DESIGN, TORONTO",TORONTO,M5C 1M,+,,,Y,0.86,0.79,0.50,0.73,1.00,0.05
201294,COMPLECTIONS INTERNATIONAL ACADEMY INC.,103097,"CMU COLLEGE OF MAKEUP ART AND DESIGN, TORONTO",TORONTO,M5C 1M,DIGITAL MAKEUP EFFECTS ARTIST PROGRAM: CREATURE AND CHARACTER DESIGN,Computer and Information Technology,Other - Information Technology,Y,0.67,ND,ND,ND,ND,ND
201294,COMPLECTIONS INTERNATIONAL ACADEMY INC.,103097,"CMU COLLEGE OF MAKEUP ART AND DESIGN, TORONTO",TORONTO,M5C 1M,FASHION PHOTOGRAPHIC MAKE-UP ARTIST,Human Services,Esthetics/Medical Esthetics,Y,SS,SS,SS,SS,ND,ND
201294,COMPLECTIONS INTERNATIONAL ACADEMY INC.,103097,"CMU COLLEGE OF MAKEUP ART AND DESIGN, TORONTO",TORONTO,M5C 1M,THE COMPLETE MAKE-UP ARTIST,Human Services,Cosmetology/Make-up Application,Y,0.87,0.81,0.61,0.81,ND,ND
201294,COMPLECTIONS INTERNATIONAL ACADEMY INC.,103097,"CMU COLLEGE OF MAKEUP ART AND DESIGN, TORONTO",TORONTO,M5C 1M,THE COMPREHENSIVE MAKE-UP ARTIST PROGRAM,Human Services,Esthetics/Medical Esthetics,Y,1.00,0.83,0.33,0.46,1.00,ND
201294,COMPLECTIONS INTERNATIONAL ACADEMY INC.,103097,"CMU COLLEGE OF MAKEUP ART AND DESIGN, TORONTO",TORONTO,M5C 1M,THE GLOBAL MAKEUP ARTIST PROGRAM,Human Services,Cosmetology/Make-up Application,Y,0.83,0.50,0.00,0.50,ND,ND
201294,COMPLECTIONS INTERNATIONAL ACADEMY INC.,103097,"CMU COLLEGE OF MAKEUP ART AND DESIGN, TORONTO",TORONTO,M5C 1M,TOTAL FASHION MAKE-UP,Human Services,Cosmetology/Make-up Application,Y,0.71,1.00,0.00,1.00,ND,ND
201295,CANADIAN CENTRE FOR SKILLS DEVELOPMENT,+,+,,,+,,,Y,SS,ND,ND,SS,ND,ND
201295,CANADIAN CENTRE FOR SKILLS DEVELOPMENT,103101,"TRAVEL COLLEGE CANADA, TORONTO",TORONTO,M6A3B4,+,,,Y,SS,ND,ND,SS,ND,ND
201295,CANADIAN CENTRE FOR SKILLS DEVELOPMENT,103101,"TRAVEL COLLEGE CANADA, TORONTO",TORONTO,M6A3B4,INTERNATIONAL TOURISM MANAGEMENT DE,Services,Travel and Tourism,Y,SS,ND,ND,SS,ND,ND
201297,1399361 ONTARIO INC.,+,+,,,+,,,Y,0.72,0.67,0.33,1.00,ND,ND
201297,1399361 ONTARIO INC.,102995,"ABC ACCESS BUSINESS COLLEGE, TORONTO","NORTH YORK , TORONTO",M2M3V7,+,,,Y,0.72,0.67,0.33,1.00,ND,ND
201297,1399361 ONTARIO INC.,102995,"ABC ACCESS BUSINESS COLLEGE, TORONTO","NORTH YORK , TORONTO",M2M3V7,ADMINISTRATIVE ASSISTANT (AA),Business,Office Administration,Y,SS,ND,ND,ND,ND,ND
201297,1399361 ONTARIO INC.,102995,"ABC ACCESS BUSINESS COLLEGE, TORONTO","NORTH YORK , TORONTO",M2M3V7,BUSINESS ADMINISTRATION (BA),Business,Business Administration,Y,1.00,1.00,0.00,1.00,ND,ND
201297,1399361 ONTARIO INC.,102995,"ABC ACCESS BUSINESS COLLEGE, TORONTO","NORTH YORK , TORONTO",M2M3V7,FOOD AND BEVERAGE MANAGEMENT,Business,Hospitality Administration/Management,Y,SS,ND,ND,ND,ND,ND
201297,1399361 ONTARIO INC.,102995,"ABC ACCESS BUSINESS COLLEGE, TORONTO","NORTH YORK , TORONTO",M2M3V7,GRAPHIC AND WEB DESIGN,Applied Arts and Science,Animations,Y,SS,ND,ND,ND,ND,ND
201297,1399361 ONTARIO INC.,102995,"ABC ACCESS BUSINESS COLLEGE, TORONTO","NORTH YORK , TORONTO",M2M3V7,MEDICAL OFFICE ASSISTANT,Health Services,Medical Office Administration/Management,Y,SS,SS,SS,ND,ND,ND
201297,1399361 ONTARIO INC.,102995,"ABC ACCESS BUSINESS COLLEGE, TORONTO","NORTH YORK , TORONTO",M2M3V7,PROPERTY ADMINISTRATOR,Business,Business Administration,Y,SS,SS,SS,SS,ND,ND
201301,STRATFORD AIR SERVICES LTD.,+,+,,,+,,,Y,SS,ND,ND,ND,ND,ND
201301,STRATFORD AIR SERVICES LTD.,103114,"STRATFORD AIR SERVICES LTD., STRATFORD",STRATFORD,N5A6S2,+,,,Y,SS,ND,ND,ND,ND,ND
201301,STRATFORD AIR SERVICES LTD.,103114,"STRATFORD AIR SERVICES LTD., STRATFORD",STRATFORD,N5A6S2,COMMERCIAL PILOT,Flight Training,Commercial Pilot,Y,SS,ND,ND,ND,ND,ND
201305,BRANTFORD FLYING CLUB,+,+,,,+,,,Y,0.23,SS,SS,SS,ND,ND
201305,BRANTFORD FLYING CLUB,103117,"BRANTFORD FLIGHT CENTRE, BRANTFORD",BRANTFORD,N3T5L7,+,,,Y,0.23,SS,SS,SS,ND,ND
201305,BRANTFORD FLYING CLUB,103117,"BRANTFORD FLIGHT CENTRE, BRANTFORD",BRANTFORD,N3T5L7,COMMERCIAL PILOT LICENCE - AEROPLANE,Flight Training,Commercial Pilot,Y,0.20,SS,SS,SS,ND,ND
201305,BRANTFORD FLYING CLUB,103117,"BRANTFORD FLIGHT CENTRE, BRANTFORD",BRANTFORD,N3T5L7,FLIGHT INSTRUCTOR RATING,Flight Training,Flight Instructor,Y,SS,SS,SS,SS,ND,ND
201307,OTTAWA SCHOOL OF ART/ECOLE D'ART D'OTTAWA,+,+,,,+,,,Y,0.11,0.50,0.50,1.00,ND,ND
201307,OTTAWA SCHOOL OF ART/ECOLE D'ART D'OTTAWA,103046,"OTTAWA SCHOOL OF ART/ECOLE D'ART D'OTTAWA, OTTAWA",OTTAWA,K1N8W5,+,,,Y,0.11,0.50,0.50,1.00,ND,ND
201307,OTTAWA SCHOOL OF ART/ECOLE D'ART D'OTTAWA,103046,"OTTAWA SCHOOL OF ART/ECOLE D'ART D'OTTAWA, OTTAWA",OTTAWA,K1N8W5,FINE ARTS (FULL TIME),Applied Arts and Science,Illustration,Y,0.18,0.50,0.50,1.00,ND,ND
201307,OTTAWA SCHOOL OF ART/ECOLE D'ART D'OTTAWA,103046,"OTTAWA SCHOOL OF ART/ECOLE D'ART D'OTTAWA, OTTAWA",OTTAWA,K1N8W5,FINE ARTS DIPLOMA (PART TIME),Applied Arts and Science,Illustration,Y,0.00,ND,ND,ND,ND,ND
201309,TORONTO AIRWAYS INC.,+,+,,,+,,,Y,0.31,0.50,0.00,0.33,ND,ND
201309,TORONTO AIRWAYS INC.,103120,"TORONTO AIRWAYS INC., OSHAWA",OSHAWA,L1J8P5,+,,,Y,0.31,0.50,0.00,0.33,ND,ND
201309,TORONTO AIRWAYS INC.,103120,"TORONTO AIRWAYS INC., OSHAWA",OSHAWA,L1J8P5,COMMERCIAL PILOT,Flight Training,Commercial Pilot,Y,0.35,0.00,0.00,0.33,ND,ND
201309,TORONTO AIRWAYS INC.,103120,"TORONTO AIRWAYS INC., OSHAWA",OSHAWA,L1J8P5,INSTRUCTOR RATING,Flight Training,Flight Instructor,Y,0.18,ND,ND,ND,ND,ND
201309,TORONTO AIRWAYS INC.,103120,"TORONTO AIRWAYS INC., OSHAWA",OSHAWA,L1J8P5,INTEGRATED AIRLINE TRANSPORT PILOT LICENCE,Flight Training,Other - Flight Training,Y,ND,SS,SS,SS,ND,ND
201310,514744 ONTARIO LIMITED,+,+,,,+,,,Y,0.20,1.00,0.70,0.80,ND,ND
201310,514744 ONTARIO LIMITED,103121,"SPECTRUM AIRWAYS, MILTON",BURLINGTON,L7MOP1,+,,,Y,0.20,1.00,0.70,0.80,ND,ND
201310,514744 ONTARIO LIMITED,103121,"SPECTRUM AIRWAYS, MILTON",BURLINGTON,L7MOP1,CIVIL FLIGHT INSTRUCTOR RATING,Flight Training,Flight Instructor,Y,0.13,1.00,0.80,1.00,ND,ND
201310,514744 ONTARIO LIMITED,103121,"SPECTRUM AIRWAYS, MILTON",BURLINGTON,L7MOP1,COMMERCIAL PILOT PROGRAM,Flight Training,Commercial Pilot,Y,0.25,1.00,0.60,0.60,ND,ND
201313,EDUCATIONAL RESOURCE NETWORK LTD.,+,+,,,+,,,Y,0.95,ND,ND,ND,ND,ND
201313,EDUCATIONAL RESOURCE NETWORK LTD.,102931,"MONTESSORI TEACHERS COLLEGE, HAMILTON",STONEY CREEK,L8E2K7,+,,,Y,0.95,ND,ND,ND,ND,ND
201313,EDUCATIONAL RESOURCE NETWORK LTD.,102931,"MONTESSORI TEACHERS COLLEGE, HAMILTON",STONEY CREEK,L8E2K7,EARLY CHILDHOOD MONTESSORI DIPLOMA PROGRAM,Human Services,Educator,Y,0.95,ND,ND,ND,ND,ND
201313,EDUCATIONAL RESOURCE NETWORK LTD.,102931,"MONTESSORI TEACHERS COLLEGE, HAMILTON",STONEY CREEK,L8E2K7,INFANT TODDLER MONTESSORI DIPLOMA PROGRAM,Human Services,Educator,Y,0.95,ND,ND,ND,ND,ND
201316,JRS COLLEGE OF BUSINESS AND HEALTH CARE INC.,+,+,,,+,,,Y,0.22,0.50,0.50,1.00,0.00,ND
201316,JRS COLLEGE OF BUSINESS AND HEALTH CARE INC.,102723,"JRS COLLEGE OF BUSINESS AND HEALTH CARE INC., TORONTO",TORONTO,M1S5H6,+,,,Y,0.22,0.50,0.50,1.00,0.00,ND
201316,JRS COLLEGE OF BUSINESS AND HEALTH CARE INC.,102723,"JRS COLLEGE OF BUSINESS AND HEALTH CARE INC., TORONTO",TORONTO,M1S5H6,ACCOUNTING AND PAYROLL ADMINISTRATION 2017,Business,Accounting,Y,ND,SS,SS,SS,ND,ND
201316,JRS COLLEGE OF BUSINESS AND HEALTH CARE INC.,102723,"JRS COLLEGE OF BUSINESS AND HEALTH CARE INC., TORONTO",TORONTO,M1S5H6,EARLY CHILDCARE ASSISTANT,Human Services,Early Childhood Assistant,Y,SS,0.60,0.60,1.00,0.00,ND
201316,JRS COLLEGE OF BUSINESS AND HEALTH CARE INC.,102723,"JRS COLLEGE OF BUSINESS AND HEALTH CARE INC., TORONTO",TORONTO,M1S5H6,NACC PSW 2015,Health Services,Personal Support Worker/Personal Attendant,Y,0.00,ND,ND,ND,ND,ND
201320,ST. CATHARINES FLYING CLUB,+,+,,,+,,,Y,0.30,1.00,0.80,SS,ND,ND
201320,ST. CATHARINES FLYING CLUB,102930,"ST. CATHARINES FLYING CLUB, NIAGARA-ON-THE-LAKE",NIAGARA-ON-THE-LAKE,L0S1J0,+,,,Y,0.30,1.00,0.80,SS,ND,ND
201320,ST. CATHARINES FLYING CLUB,102930,"ST. CATHARINES FLYING CLUB, NIAGARA-ON-THE-LAKE",NIAGARA-ON-THE-LAKE,L0S1J0,COMMERCIAL PILOT LICENCE - AEROPLANE/INSTRUMENT RATING [CPL(A)/IR],Flight Training,Commercial Pilot,Y,0.60,SS,SS,SS,ND,ND
201320,ST. CATHARINES FLYING CLUB,102930,"ST. CATHARINES FLYING CLUB, NIAGARA-ON-THE-LAKE",NIAGARA-ON-THE-LAKE,L0S1J0,FLIGHT INSTRUCTOR - ALL RATINGS,Flight Training,Flight Instructor,Y,0.00,SS,SS,SS,ND,ND
201338,1734957 ONTARIO LTD.,+,+,,,+,,,Y,SS,ND,ND,ND,ND,ND
201338,1734957 ONTARIO LTD.,103223,"OAKLEAF COLLEGE OF BUSINESS AND TECHNOLOGY, OAKVILLE",OAKVILLE,L6J7X8,+,,,Y,SS,ND,ND,ND,ND,ND
201338,1734957 ONTARIO LTD.,103223,"OAKLEAF COLLEGE OF BUSINESS AND TECHNOLOGY, OAKVILLE",OAKVILLE,L6J7X8,CULINARY & HOSPITALITY OPERATIONS MANAGEMENT,Service Trade,Chef,Y,SS,ND,ND,ND,ND,ND
201340,CORNWALL AVIATION (1979) LTD.,+,+,,,+,,,Y,0.53,1.00,1.00,0.70,1.00,ND
201340,CORNWALL AVIATION (1979) LTD.,103228,"CORNWALL AVIATION (1979) LTD., SUMMERSTOWN",SUMMERSTOWN,K0C2E0,+,,,Y,0.53,1.00,1.00,0.70,1.00,ND
201340,CORNWALL AVIATION (1979) LTD.,103228,"CORNWALL AVIATION (1979) LTD., SUMMERSTOWN",SUMMERSTOWN,K0C2E0,COMMERCIAL PILOT - AEROPLANE,Flight Training,Commercial Pilot,Y,0.30,1.00,1.00,0.60,ND,ND
201340,CORNWALL AVIATION (1979) LTD.,103228,"CORNWALL AVIATION (1979) LTD., SUMMERSTOWN",SUMMERSTOWN,K0C2E0,FLIGHT INSTRUCTOR - ALL RATINGS,Flight Training,Flight Instructor,Y,0.92,1.00,1.00,0.80,1.00,ND
202372,J.A.Z. LOGISTICS INC.,+,+,,,+,,,Y,0.89,ND,ND,ND,ND,ND
202372,J.A.Z. LOGISTICS INC.,102797,"J.A.Z. TRUCK, BUS & FORKLIFT DRIVING SCHOOL, SCARBOROUGH",SCARBOROUGH,M1P4X7,+,,,Y,0.89,ND,ND,ND,ND,ND
202372,J.A.Z. LOGISTICS INC.,102797,"J.A.Z. TRUCK, BUS & FORKLIFT DRIVING SCHOOL, SCARBOROUGH",SCARBOROUGH,M1P4X7,COMMERCIAL TRUCK DRIVER TRAINING STANDARD (CLASS A),Tractor-Trailer / Driver Licensing,A Class Truck Driver,Y,0.89,ND,ND,ND,ND,ND
202401,COLLEGE OF TRADITIONAL CHINESE MEDICINE & PHARMACOLOGY OF CANADA INC.,+,+,,,+,,,Y,0.72,0.89,0.67,0.73,ND,ND
202401,COLLEGE OF TRADITIONAL CHINESE MEDICINE & PHARMACOLOGY OF CANADA INC.,102913,"COLLEGE OF TRADITIONAL CHINESE MEDICINE CANADA, TORONTO",TORONTO,M1T3J3,+,,,Y,0.72,0.89,0.67,0.73,ND,ND
202401,COLLEGE OF TRADITIONAL CHINESE MEDICINE & PHARMACOLOGY OF CANADA INC.,102913,"COLLEGE OF TRADITIONAL CHINESE MEDICINE CANADA, TORONTO",TORONTO,M1T3J3,MASSAGE THERAPY,Health Services,Massage Therapist,Y,0.72,0.89,0.67,0.73,ND,ND
202479,SUMMIT LEARNING CENTRES INC.,+,+,,,+,,,Y,0.87,0.18,0.18,0.44,1.00,ND
202479,SUMMIT LEARNING CENTRES INC.,108821,"SUMMIT COLLEGE, ACADEMIC AND CAREER STUDIES, CAMBRIDGE",CAMBRIDGE,N1R8B5,+,,,Y,SS,ND,ND,ND,ND,ND
202479,SUMMIT LEARNING CENTRES INC.,108821,"SUMMIT COLLEGE, ACADEMIC AND CAREER STUDIES, CAMBRIDGE",CAMBRIDGE,N1R8B5,CUSTOMER SERVICE PROGRAM,Services,Customer Service/Retail Sales,Y,SS,ND,ND,ND,ND,ND
202479,SUMMIT LEARNING CENTRES INC.,108821,"SUMMIT COLLEGE, ACADEMIC AND CAREER STUDIES, CAMBRIDGE",CAMBRIDGE,N1R8B5,OFFICE ADMINISTRATION - GENERAL,Business,Office Administration,Y,SS,ND,ND,ND,ND,ND
202479,SUMMIT LEARNING CENTRES INC.,108823,"SUMMIT COLLEGE, ACADEMIC AND CAREER STUDIES, HAMILTON MOUNTAIN",HAMILTON,L8T1S2,+,,,Y,0.91,0.33,0.33,0.50,1.00,ND
202479,SUMMIT LEARNING CENTRES INC.,108823,"SUMMIT COLLEGE, ACADEMIC AND CAREER STUDIES, HAMILTON MOUNTAIN",HAMILTON,L8T1S2,CUSTOMER SERVICE PROGRAM,Services,Customer Service/Retail Sales,Y,0.86,0.50,0.50,1.00,ND,ND
202479,SUMMIT LEARNING CENTRES INC.,108823,"SUMMIT COLLEGE, ACADEMIC AND CAREER STUDIES, HAMILTON MOUNTAIN",HAMILTON,L8T1S2,MEDICAL OFFICE ADMINISTRATION,Health Services,Medical Office Administration/Management,Y,SS,SS,SS,SS,ND,ND
202479,SUMMIT LEARNING CENTRES INC.,108823,"SUMMIT COLLEGE, ACADEMIC AND CAREER STUDIES, HAMILTON MOUNTAIN",HAMILTON,L8T1S2,OFFICE ADMINISTRATION - GENERAL,Business,Office Administration,Y,SS,SS,SS,SS,ND,ND
202479,SUMMIT LEARNING CENTRES INC.,108823,"SUMMIT COLLEGE, ACADEMIC AND CAREER STUDIES, HAMILTON MOUNTAIN",HAMILTON,L8T1S2,SECURITY GUARD,Law and Public Safety,Law Enforcement/Police Foundations,Y,SS,SS,SS,SS,1.00,ND
202479,SUMMIT LEARNING CENTRES INC.,108823,"SUMMIT COLLEGE, ACADEMIC AND CAREER STUDIES, HAMILTON MOUNTAIN",HAMILTON,L8T1S2,SUPPLY CHAIN RESOURCE MANAGEMENT (SCRM),Computer and Information Technology,Software Quality Assurance and Testing,Y,0.86,ND,ND,ND,ND,ND
202479,SUMMIT LEARNING CENTRES INC.,109240,"SUMMIT COLLEGE, ACADEMIC AND CAREER STUDIES, BRANTFORD",BRANTFORD,N3S7V9,+,,,Y,1.00,0.00,0.00,0.00,ND,ND
202479,SUMMIT LEARNING CENTRES INC.,109240,"SUMMIT COLLEGE, ACADEMIC AND CAREER STUDIES, BRANTFORD",BRANTFORD,N3S7V9,CUSTOMER SERVICE PROGRAM,Services,Customer Service/Retail Sales,Y,SS,SS,SS,SS,ND,ND
202479,SUMMIT LEARNING CENTRES INC.,109240,"SUMMIT COLLEGE, ACADEMIC AND CAREER STUDIES, BRANTFORD",BRANTFORD,N3S7V9,MEDICAL OFFICE ADMINISTRATION,Health Services,Medical Office Administration/Management,Y,SS,ND,ND,ND,ND,ND
202479,SUMMIT LEARNING CENTRES INC.,109240,"SUMMIT COLLEGE, ACADEMIC AND CAREER STUDIES, BRANTFORD",BRANTFORD,N3S7V9,SECURITY GUARD,Law and Public Safety,Law Enforcement/Police Foundations,Y,SS,ND,ND,ND,ND,ND
202479,SUMMIT LEARNING CENTRES INC.,109240,"SUMMIT COLLEGE, ACADEMIC AND CAREER STUDIES, BRANTFORD",BRANTFORD,N3S7V9,SUPPLY CHAIN RESOURCE MANAGEMENT (SCRM),Computer and Information Technology,Software Quality Assurance and Testing,Y,SS,ND,ND,ND,ND,ND
202479,SUMMIT LEARNING CENTRES INC.,110580,"SUMMIT COLLEGE,  ACADEMIC AND CAREER STUDIES, GUELPH",GUELPH,N1H6J2,+,,,Y,SS,ND,ND,ND,ND,ND
202479,SUMMIT LEARNING CENTRES INC.,110580,"SUMMIT COLLEGE,  ACADEMIC AND CAREER STUDIES, GUELPH",GUELPH,N1H6J2,OFFICE ADMINISTRATION - GENERAL,Business,Office Administration,Y,SS,ND,ND,ND,ND,ND
202479,SUMMIT LEARNING CENTRES INC.,122511,"SUMMIT COLLEGE, ACADEMIC AND CAREER STUDIES, ST. CATHERINES",ST. CATHARINES,L2P1M3,+,,,Y,0.79,0.00,0.00,0.67,ND,ND
202479,SUMMIT LEARNING CENTRES INC.,122511,"SUMMIT COLLEGE, ACADEMIC AND CAREER STUDIES, ST. CATHERINES",ST. CATHARINES,L2P1M3,CUSTOMER SERVICE PROGRAM,Services,Customer Service/Retail Sales,Y,SS,ND,ND,ND,ND,ND
202479,SUMMIT LEARNING CENTRES INC.,122511,"SUMMIT COLLEGE, ACADEMIC AND CAREER STUDIES, ST. CATHERINES",ST. CATHARINES,L2P1M3,GUEST SERVICES AGENT (GSA),Business,Hospitality Administration/Management,Y,SS,SS,SS,SS,ND,ND
202479,SUMMIT LEARNING CENTRES INC.,122511,"SUMMIT COLLEGE, ACADEMIC AND CAREER STUDIES, ST. CATHERINES",ST. CATHARINES,L2P1M3,OFFICE ADMINISTRATION - GENERAL,Business,Office Administration,Y,0.60,SS,SS,SS,ND,ND
202479,SUMMIT LEARNING CENTRES INC.,122511,"SUMMIT COLLEGE, ACADEMIC AND CAREER STUDIES, ST. CATHERINES",ST. CATHARINES,L2P1M3,RETAIL SALES DIPLOMA,Services,Customer Service/Retail Sales,Y,SS,ND,ND,ND,ND,ND
202479,SUMMIT LEARNING CENTRES INC.,122511,"SUMMIT COLLEGE, ACADEMIC AND CAREER STUDIES, ST. CATHERINES",ST. CATHARINES,L2P1M3,SUPPLY CHAIN RESOURCE MANAGEMENT (SCRM),Computer and Information Technology,Software Quality Assurance and Testing,Y,0.83,ND,ND,ND,ND,ND
202580,TORONTO ART THERAPY INSTITUTE,+,+,,,+,,,Y,ND,0.92,0.85,0.69,ND,ND
202580,TORONTO ART THERAPY INSTITUTE,103066,"TORONTO ART THERAPY INSTITUTE (THE), TORONTO",TORONTO,M5R1A9,+,,,Y,ND,0.92,0.85,0.69,ND,ND
202580,TORONTO ART THERAPY INSTITUTE,103066,"TORONTO ART THERAPY INSTITUTE (THE), TORONTO",TORONTO,M5R1A9,DISTANCE LEARNING GRADUATE LEVEL DIPLOMA IN ART THERAPY,Health Services,Other - Health Services,Y,ND,SS,SS,SS,ND,ND
202580,TORONTO ART THERAPY INSTITUTE,103066,"TORONTO ART THERAPY INSTITUTE (THE), TORONTO",TORONTO,M5R1A9,GRADUATE LEVEL DIPLOMA IN ART THERAPY,Health Services,Other - Health Services,Y,ND,0.90,0.80,0.80,ND,ND
202600,HI-MARK OCCUPATIONAL SKILLS TRAINING CENTRE LTD.,+,+,,,+,,,Y,0.68,0.89,0.79,0.84,0.98,ND
202600,HI-MARK OCCUPATIONAL SKILLS TRAINING CENTRE LTD.,103070,"HI-MARK OCCUPATIONAL SKILLS TRAINING CENTRE LTD., TORONTO",TORONTO,M9W4N6,+,,,Y,0.71,0.84,0.75,0.88,1.00,ND
202600,HI-MARK OCCUPATIONAL SKILLS TRAINING CENTRE LTD.,103070,"HI-MARK OCCUPATIONAL SKILLS TRAINING CENTRE LTD., TORONTO",TORONTO,M9W4N6,GAS TECHNICIAN 1,Technical Standards and Safety Authority (TSSA) Restricted Tradesperson,Gas Technician,Y,0.40,0.91,0.91,0.90,ND,ND
202600,HI-MARK OCCUPATIONAL SKILLS TRAINING CENTRE LTD.,103070,"HI-MARK OCCUPATIONAL SKILLS TRAINING CENTRE LTD., TORONTO",TORONTO,M9W4N6,GAS TECHNICIAN 2 CO-OP,Technical Standards and Safety Authority (TSSA) Restricted Tradesperson,Gas Technician,Y,0.62,0.93,0.86,0.89,1.00,ND
202600,HI-MARK OCCUPATIONAL SKILLS TRAINING CENTRE LTD.,103070,"HI-MARK OCCUPATIONAL SKILLS TRAINING CENTRE LTD., TORONTO",TORONTO,M9W4N6,GAS TECHNICIAN 2 EVENING,Technical Standards and Safety Authority (TSSA) Restricted Tradesperson,Gas Technician,Y,0.92,0.86,0.64,0.77,1.00,ND
202600,HI-MARK OCCUPATIONAL SKILLS TRAINING CENTRE LTD.,103070,"HI-MARK OCCUPATIONAL SKILLS TRAINING CENTRE LTD., TORONTO",TORONTO,M9W4N6,GAS TECHNICIAN 3 CO-OP,Technical Standards and Safety Authority (TSSA) Restricted Tradesperson,Gas Technician,Y,0.82,0.74,0.69,0.90,1.00,ND
202600,HI-MARK OCCUPATIONAL SKILLS TRAINING CENTRE LTD.,103070,"HI-MARK OCCUPATIONAL SKILLS TRAINING CENTRE LTD., TORONTO",TORONTO,M9W4N6,GAS TECHNICIAN 3 EVENING,Technical Standards and Safety Authority (TSSA) Restricted Tradesperson,Gas Technician,Y,0.99,0.79,0.59,0.83,1.00,ND
202600,HI-MARK OCCUPATIONAL SKILLS TRAINING CENTRE LTD.,103070,"HI-MARK OCCUPATIONAL SKILLS TRAINING CENTRE LTD., TORONTO",TORONTO,M9W4N6,HVAC CO-OP,Service Trade,Other- Service Trade,Y,0.36,0.86,0.71,1.00,ND,ND
202600,HI-MARK OCCUPATIONAL SKILLS TRAINING CENTRE LTD.,106359,"HI-MARK OCCUPATIONAL SKILLS TRAINING CENTRE LTD., CAMBRIDGE",CAMBRIDGE,N1R5R5,+,,,Y,0.72,0.93,0.83,0.86,1.00,ND
202600,HI-MARK OCCUPATIONAL SKILLS TRAINING CENTRE LTD.,106359,"HI-MARK OCCUPATIONAL SKILLS TRAINING CENTRE LTD., CAMBRIDGE",CAMBRIDGE,N1R5R5,GAS TECHNICIAN 1,Technical Standards and Safety Authority (TSSA) Restricted Tradesperson,Gas Technician,Y,0.40,1.00,1.00,0.50,ND,ND
202600,HI-MARK OCCUPATIONAL SKILLS TRAINING CENTRE LTD.,106359,"HI-MARK OCCUPATIONAL SKILLS TRAINING CENTRE LTD., CAMBRIDGE",CAMBRIDGE,N1R5R5,GAS TECHNICIAN 2 CO-OP,Technical Standards and Safety Authority (TSSA) Restricted Tradesperson,Gas Technician,Y,0.48,0.98,0.95,0.98,1.00,ND
202600,HI-MARK OCCUPATIONAL SKILLS TRAINING CENTRE LTD.,106359,"HI-MARK OCCUPATIONAL SKILLS TRAINING CENTRE LTD., CAMBRIDGE",CAMBRIDGE,N1R5R5,GAS TECHNICIAN 2 EVENING,Technical Standards and Safety Authority (TSSA) Restricted Tradesperson,Gas Technician,Y,0.92,1.00,0.80,0.70,ND,ND
202600,HI-MARK OCCUPATIONAL SKILLS TRAINING CENTRE LTD.,106359,"HI-MARK OCCUPATIONAL SKILLS TRAINING CENTRE LTD., CAMBRIDGE",CAMBRIDGE,N1R5R5,GAS TECHNICIAN 3 CO-OP,Technical Standards and Safety Authority (TSSA) Restricted Tradesperson,Gas Technician,Y,0.98,0.84,0.70,0.78,1.00,ND
202600,HI-MARK OCCUPATIONAL SKILLS TRAINING CENTRE LTD.,106359,"HI-MARK OCCUPATIONAL SKILLS TRAINING CENTRE LTD., CAMBRIDGE",CAMBRIDGE,N1R5R5,GAS TECHNICIAN 3 EVENING,Technical Standards and Safety Authority (TSSA) Restricted Tradesperson,Gas Technician,Y,0.96,1.00,0.83,1.00,1.00,ND
202600,HI-MARK OCCUPATIONAL SKILLS TRAINING CENTRE LTD.,106359,"HI-MARK OCCUPATIONAL SKILLS TRAINING CENTRE LTD., CAMBRIDGE",CAMBRIDGE,N1R5R5,HVAC CO-OP,Service Trade,Other- Service Trade,Y,0.45,1.00,1.00,1.00,ND,ND
202600,HI-MARK OCCUPATIONAL SKILLS TRAINING CENTRE LTD.,106379,"HI-MARK OCCUPATIONAL SKILLS TRAINING CENTRE LTD., ORO",ORO,L0L2X0,+,,,Y,0.67,0.88,0.73,0.81,1.00,ND
202600,HI-MARK OCCUPATIONAL SKILLS TRAINING CENTRE LTD.,106379,"HI-MARK OCCUPATIONAL SKILLS TRAINING CENTRE LTD., ORO",ORO,L0L2X0,GAS TECHNICIAN 2 CO-OP,Technical Standards and Safety Authority (TSSA) Restricted Tradesperson,Gas Technician,Y,0.59,0.88,0.85,0.85,1.00,ND
202600,HI-MARK OCCUPATIONAL SKILLS TRAINING CENTRE LTD.,106379,"HI-MARK OCCUPATIONAL SKILLS TRAINING CENTRE LTD., ORO",ORO,L0L2X0,GAS TECHNICIAN 3 CO-OP,Technical Standards and Safety Authority (TSSA) Restricted Tradesperson,Gas Technician,Y,0.78,0.83,0.70,0.70,1.00,ND
202600,HI-MARK OCCUPATIONAL SKILLS TRAINING CENTRE LTD.,106379,"HI-MARK OCCUPATIONAL SKILLS TRAINING CENTRE LTD., ORO",ORO,L0L2X0,GAS TECHNICIAN 3 EVENING,Technical Standards and Safety Authority (TSSA) Restricted Tradesperson,Gas Technician,Y,1.00,1.00,0.40,1.00,1.00,ND
202600,HI-MARK OCCUPATIONAL SKILLS TRAINING CENTRE LTD.,106379,"HI-MARK OCCUPATIONAL SKILLS TRAINING CENTRE LTD., ORO",ORO,L0L2X0,HVAC CO-OP,Service Trade,Other- Service Trade,Y,0.33,1.00,1.00,1.00,ND,ND
202600,HI-MARK OCCUPATIONAL SKILLS TRAINING CENTRE LTD.,106399,"HI-MARK OCCUPATIONAL SKILLS TRAINING CENTRE LTD., OTTAWA",OTTAWA,K1T3V7,+,,,Y,0.66,0.95,0.89,0.81,1.00,ND
202600,HI-MARK OCCUPATIONAL SKILLS TRAINING CENTRE LTD.,106399,"HI-MARK OCCUPATIONAL SKILLS TRAINING CENTRE LTD., OTTAWA",OTTAWA,K1T3V7,GAS TECHNICIAN 1,Technical Standards and Safety Authority (TSSA) Restricted Tradesperson,Gas Technician,Y,0.00,SS,SS,SS,1.00,ND
202600,HI-MARK OCCUPATIONAL SKILLS TRAINING CENTRE LTD.,106399,"HI-MARK OCCUPATIONAL SKILLS TRAINING CENTRE LTD., OTTAWA",OTTAWA,K1T3V7,GAS TECHNICIAN 2 CO-OP,Technical Standards and Safety Authority (TSSA) Restricted Tradesperson,Gas Technician,Y,0.40,1.00,0.94,0.77,1.00,ND
202600,HI-MARK OCCUPATIONAL SKILLS TRAINING CENTRE LTD.,106399,"HI-MARK OCCUPATIONAL SKILLS TRAINING CENTRE LTD., OTTAWA",OTTAWA,K1T3V7,GAS TECHNICIAN 2 EVENING,Technical Standards and Safety Authority (TSSA) Restricted Tradesperson,Gas Technician,Y,0.93,1.00,1.00,0.91,1.00,ND
202600,HI-MARK OCCUPATIONAL SKILLS TRAINING CENTRE LTD.,106399,"HI-MARK OCCUPATIONAL SKILLS TRAINING CENTRE LTD., OTTAWA",OTTAWA,K1T3V7,GAS TECHNICIAN 3 CO-OP,Technical Standards and Safety Authority (TSSA) Restricted Tradesperson,Gas Technician,Y,0.97,0.90,0.83,0.78,1.00,ND
202600,HI-MARK OCCUPATIONAL SKILLS TRAINING CENTRE LTD.,106399,"HI-MARK OCCUPATIONAL SKILLS TRAINING CENTRE LTD., OTTAWA",OTTAWA,K1T3V7,GAS TECHNICIAN 3 EVENING,Technical Standards and Safety Authority (TSSA) Restricted Tradesperson,Gas Technician,Y,1.00,1.00,0.89,0.78,1.00,ND
202600,HI-MARK OCCUPATIONAL SKILLS TRAINING CENTRE LTD.,106399,"HI-MARK OCCUPATIONAL SKILLS TRAINING CENTRE LTD., OTTAWA",OTTAWA,K1T3V7,HVAC CO-OP,Service Trade,Other- Service Trade,Y,0.46,0.80,0.80,0.90,ND,ND
202600,HI-MARK OCCUPATIONAL SKILLS TRAINING CENTRE LTD.,183515,"HI-MARK OCCUPATIONAL SKILLS TRAINING CENTRE LTD., OSHAWA",OSHAWA,L1H1G5,+,,,Y,0.63,0.94,0.72,0.81,1.00,ND
202600,HI-MARK OCCUPATIONAL SKILLS TRAINING CENTRE LTD.,183515,"HI-MARK OCCUPATIONAL SKILLS TRAINING CENTRE LTD., OSHAWA",OSHAWA,L1H1G5,GAS TECHNICIAN 1,Technical Standards and Safety Authority (TSSA) Restricted Tradesperson,Gas Technician,Y,0.00,ND,ND,ND,ND,ND
202600,HI-MARK OCCUPATIONAL SKILLS TRAINING CENTRE LTD.,183515,"HI-MARK OCCUPATIONAL SKILLS TRAINING CENTRE LTD., OSHAWA",OSHAWA,L1H1G5,GAS TECHNICIAN 2 CO-OP,Technical Standards and Safety Authority (TSSA) Restricted Tradesperson,Gas Technician,Y,0.46,0.84,0.79,0.79,1.00,ND
202600,HI-MARK OCCUPATIONAL SKILLS TRAINING CENTRE LTD.,183515,"HI-MARK OCCUPATIONAL SKILLS TRAINING CENTRE LTD., OSHAWA",OSHAWA,L1H1G5,GAS TECHNICIAN 2 EVENING,Technical Standards and Safety Authority (TSSA) Restricted Tradesperson,Gas Technician,Y,0.87,ND,ND,ND,ND,ND
202600,HI-MARK OCCUPATIONAL SKILLS TRAINING CENTRE LTD.,183515,"HI-MARK OCCUPATIONAL SKILLS TRAINING CENTRE LTD., OSHAWA",OSHAWA,L1H1G5,GAS TECHNICIAN 3 CO-OP,Technical Standards and Safety Authority (TSSA) Restricted Tradesperson,Gas Technician,Y,0.86,1.00,0.69,0.69,1.00,ND
202600,HI-MARK OCCUPATIONAL SKILLS TRAINING CENTRE LTD.,183515,"HI-MARK OCCUPATIONAL SKILLS TRAINING CENTRE LTD., OSHAWA",OSHAWA,L1H1G5,GAS TECHNICIAN 3 EVENING,Technical Standards and Safety Authority (TSSA) Restricted Tradesperson,Gas Technician,Y,1.00,1.00,0.67,1.00,ND,ND
202600,HI-MARK OCCUPATIONAL SKILLS TRAINING CENTRE LTD.,183515,"HI-MARK OCCUPATIONAL SKILLS TRAINING CENTRE LTD., OSHAWA",OSHAWA,L1H1G5,HVAC CO-OP,Service Trade,Other- Service Trade,Y,0.18,SS,SS,SS,ND,ND
202600,HI-MARK OCCUPATIONAL SKILLS TRAINING CENTRE LTD.,204355,"HI-MARK OCCUPATIONAL SKILLS TRAINING CENTRE LTD., LONDON",LONDON,N6M1G9,+,,,Y,0.61,0.86,0.81,0.80,0.86,ND
202600,HI-MARK OCCUPATIONAL SKILLS TRAINING CENTRE LTD.,204355,"HI-MARK OCCUPATIONAL SKILLS TRAINING CENTRE LTD., LONDON",LONDON,N6M1G9,GAS TECHNICIAN 1,Technical Standards and Safety Authority (TSSA) Restricted Tradesperson,Gas Technician,Y,1.00,1.00,1.00,0.67,1.00,ND
202600,HI-MARK OCCUPATIONAL SKILLS TRAINING CENTRE LTD.,204355,"HI-MARK OCCUPATIONAL SKILLS TRAINING CENTRE LTD., LONDON",LONDON,N6M1G9,GAS TECHNICIAN 2 CO-OP,Technical Standards and Safety Authority (TSSA) Restricted Tradesperson,Gas Technician,Y,0.54,0.92,0.86,0.90,0.80,ND
202600,HI-MARK OCCUPATIONAL SKILLS TRAINING CENTRE LTD.,204355,"HI-MARK OCCUPATIONAL SKILLS TRAINING CENTRE LTD., LONDON",LONDON,N6M1G9,GAS TECHNICIAN 2 EVENING,Technical Standards and Safety Authority (TSSA) Restricted Tradesperson,Gas Technician,Y,1.00,ND,ND,ND,ND,ND
202600,HI-MARK OCCUPATIONAL SKILLS TRAINING CENTRE LTD.,204355,"HI-MARK OCCUPATIONAL SKILLS TRAINING CENTRE LTD., LONDON",LONDON,N6M1G9,GAS TECHNICIAN 3 CO-OP,Technical Standards and Safety Authority (TSSA) Restricted Tradesperson,Gas Technician,Y,0.61,0.69,0.62,0.57,1.00,ND
202600,HI-MARK OCCUPATIONAL SKILLS TRAINING CENTRE LTD.,204355,"HI-MARK OCCUPATIONAL SKILLS TRAINING CENTRE LTD., LONDON",LONDON,N6M1G9,GAS TECHNICIAN 3 EVENING,Technical Standards and Safety Authority (TSSA) Restricted Tradesperson,Gas Technician,Y,SS,SS,SS,SS,ND,ND
202600,HI-MARK OCCUPATIONAL SKILLS TRAINING CENTRE LTD.,204355,"HI-MARK OCCUPATIONAL SKILLS TRAINING CENTRE LTD., LONDON",LONDON,N6M1G9,HVAC CO-OP,Service Trade,Other- Service Trade,Y,0.25,SS,SS,SS,ND,ND
202601,THE SCHOOL OF RESTORATION ARTS AT WILLOWBANK,+,+,,,+,,,Y,0.75,1.00,1.00,1.00,ND,ND
202601,THE SCHOOL OF RESTORATION ARTS AT WILLOWBANK,103175,"WILLOWBANK, NIAGARA-QUEENSTON",QUEENSTON,L0S1L0,+,,,Y,0.75,1.00,1.00,1.00,ND,ND
202601,THE SCHOOL OF RESTORATION ARTS AT WILLOWBANK,103175,"WILLOWBANK, NIAGARA-QUEENSTON",QUEENSTON,L0S1L0,HERITAGE CONSERVATION,Services,Auctioneering,Y,0.75,1.00,1.00,1.00,ND,ND
202618,LSC INTERNATIONAL COLLEGE LTD.,+,+,,,+,,,Y,1.00,1.00,1.00,0.50,ND,ND
202618,LSC INTERNATIONAL COLLEGE LTD.,103096,"EC INTERNATIONAL COLLEGE OF TEACHER TRAINING, TORONTO",TORONTO,M4R2G8,+,,,Y,1.00,1.00,1.00,0.50,ND,ND
202618,LSC INTERNATIONAL COLLEGE LTD.,103096,"EC INTERNATIONAL COLLEGE OF TEACHER TRAINING, TORONTO",TORONTO,M4R2G8,CAMBRIDGE CERTIFICATE IN TEACHING ENGLISH (PART TIME),Human Services,Educator,Y,1.00,1.00,1.00,0.50,ND,ND
202618,LSC INTERNATIONAL COLLEGE LTD.,103096,"EC INTERNATIONAL COLLEGE OF TEACHER TRAINING, TORONTO",TORONTO,M4R2G8,CAMBRIDGE CERTIFICATE IN TEACHING ENGLISH,Human Services,Educator,Y,1.00,ND,ND,ND,ND,ND
202619,RANDOLPH SCHOOL OF ARTS,+,+,,,+,,,Y,0.78,0.78,0.44,0.55,ND,ND
202619,RANDOLPH SCHOOL OF ARTS,103109,"RANDOLPH COLLEGE FOR THE PERFORMING ARTS, TORONTO",TORONTO,M5S2R4,+,,,Y,0.78,0.78,0.44,0.55,ND,0.10
202619,RANDOLPH SCHOOL OF ARTS,103109,"RANDOLPH COLLEGE FOR THE PERFORMING ARTS, TORONTO",TORONTO,M5S2R4,PERFORMING ARTS PROGRAM,Applied Arts and Science,Performing Arts,Y,0.78,0.78,0.44,0.55,ND,ND
202647,LAKEVIEW SCHOOL,+,+,,,+,,,Y,ND,SS,SS,SS,ND,ND
202647,LAKEVIEW SCHOOL,103213,"LMS MONTESSORI TEACHER EDUCATION PROGRAM, WINDSOR",WINDSOR,N8N1B5,+,,,Y,ND,SS,SS,SS,ND,ND
202647,LAKEVIEW SCHOOL,103213,"LMS MONTESSORI TEACHER EDUCATION PROGRAM, WINDSOR",WINDSOR,N8N1B5,MONTESSORI EDUCATOR - EARLY CHILDHOOD,Human Services,Educator,Y,ND,SS,SS,SS,ND,ND
202770,CANADIAN GEMMOLOGICAL ASSOCIATION,+,+,,,+,,,Y,1.00,0.67,0.33,1.00,ND,ND
202770,CANADIAN GEMMOLOGICAL ASSOCIATION,103230,"CANADIAN GEMMOLOGICAL ASSOCIATION, TORONTO (QUEEN STREET)",TORONTO,M5C1R6,+,,,Y,1.00,0.67,0.33,1.00,ND,ND
202770,CANADIAN GEMMOLOGICAL ASSOCIATION,103230,"CANADIAN GEMMOLOGICAL ASSOCIATION, TORONTO (QUEEN STREET)",TORONTO,M5C1R6,ACCELERATED PROFESSIONAL GEMMOLOGY,Service Trade,Other- Service Trade,Y,1.00,0.67,0.33,1.00,ND,ND
204200,NACPT PHARMA COLLEGE CORP,+,+,,,+,,,Y,0.82,ND,ND,ND,ND,ND
204200,NACPT PHARMA COLLEGE CORP,104299,"NORTH AMERICAN COLLEGE OF PHARMACEUTICAL TECHNOLOGY, SCARBOROUGH",SCARBOROUGH,M1S5E8,+,,,Y,0.82,ND,ND,ND,ND,ND
204200,NACPT PHARMA COLLEGE CORP,104299,"NORTH AMERICAN COLLEGE OF PHARMACEUTICAL TECHNOLOGY, SCARBOROUGH",SCARBOROUGH,M1S5E8,ACCOUNTING AND PAYROLL ADMINISTRATION,Business,Accounting,Y,SS,ND,ND,ND,ND,ND
204200,NACPT PHARMA COLLEGE CORP,104299,"NORTH AMERICAN COLLEGE OF PHARMACEUTICAL TECHNOLOGY, SCARBOROUGH",SCARBOROUGH,M1S5E8,CANNABIS QUALITY CONTROL AND QUALITY ASSURANCE,Health Services,Pharmaceutical Technology,Y,SS,ND,ND,ND,ND,ND
204200,NACPT PHARMA COLLEGE CORP,104299,"NORTH AMERICAN COLLEGE OF PHARMACEUTICAL TECHNOLOGY, SCARBOROUGH",SCARBOROUGH,M1S5E8,INDUSTRIAL CANNABIS PRODUCTION TECHNOLOGY,Health Services,Pharmaceutical Technology,Y,0.87,ND,ND,ND,ND,ND
204200,NACPT PHARMA COLLEGE CORP,104299,"NORTH AMERICAN COLLEGE OF PHARMACEUTICAL TECHNOLOGY, SCARBOROUGH",SCARBOROUGH,M1S5E8,MEDICAL OFFICE ADMINISTRATION,Health Services,Medical Office Administration/Management,Y,SS,ND,ND,ND,ND,ND
204200,NACPT PHARMA COLLEGE CORP,104299,"NORTH AMERICAN COLLEGE OF PHARMACEUTICAL TECHNOLOGY, SCARBOROUGH",SCARBOROUGH,M1S5E8,PHARMACEUTICAL QUALITY CONTROL AND QUALITY ASSURANCE,Health Services,Pharmaceutical Technology,Y,SS,ND,ND,ND,ND,ND
204580,CANADIAN CARE ACADEMY INC.,+,+,,,+,,,Y,0.83,0.86,0.74,0.99,1.00,ND
204580,CANADIAN CARE ACADEMY INC.,104360,"CANADIAN CARE ACADEMY INC., TORONTO",TORONTO,M2R3W4,+,,,Y,0.83,0.86,0.74,0.99,1.00,ND
204580,CANADIAN CARE ACADEMY INC.,104360,"CANADIAN CARE ACADEMY INC., TORONTO",TORONTO,M2R3W4,NACC PERSONAL SUPPORT WORKER 2022,Health Services,Personal Support Worker/Personal Attendant,Y,ND,0.80,0.80,1.00,ND,ND
204580,CANADIAN CARE ACADEMY INC.,104360,"CANADIAN CARE ACADEMY INC., TORONTO",TORONTO,M2R3W4,NACC PSW 2015,Health Services,Personal Support Worker/Personal Attendant,Y,0.83,0.86,0.73,0.99,1.00,ND
204962,1578922 ONTARIO INC,+,+,,,+,,,Y,0.95,0.88,0.76,0.87,0.89,ND
204962,1578922 ONTARIO INC,105059,"NIAGARA SKILLED TRADES ACADEMY, ST. CATHARINES",ST. CATHARINES,L2M3Y2,+,,,Y,0.90,0.90,0.76,0.88,0.75,ND
204962,1578922 ONTARIO INC,105059,"NIAGARA SKILLED TRADES ACADEMY, ST. CATHARINES",ST. CATHARINES,L2M3Y2,GAS TECHNICIAN 2 (P/T),Service Trade,Other- Service Trade,Y,1.00,0.92,0.92,0.83,1.00,ND
204962,1578922 ONTARIO INC,105059,"NIAGARA SKILLED TRADES ACADEMY, ST. CATHARINES",ST. CATHARINES,L2M3Y2,GAS TECHNICIAN 2,Service Trade,Other- Service Trade,Y,1.00,0.84,0.79,0.94,1.00,ND
204962,1578922 ONTARIO INC,105059,"NIAGARA SKILLED TRADES ACADEMY, ST. CATHARINES",ST. CATHARINES,L2M3Y2,GAS TECHNICIAN 3 (P/T),Service Trade,Other- Service Trade,Y,0.52,1.00,0.77,0.82,1.00,ND
204962,1578922 ONTARIO INC,105059,"NIAGARA SKILLED TRADES ACADEMY, ST. CATHARINES",ST. CATHARINES,L2M3Y2,GAS TECHNICIAN 3,Service Trade,Other- Service Trade,Y,1.00,0.84,0.63,0.90,0.00,ND
204962,1578922 ONTARIO INC,106199,"HALTON SKILLED TRADES ACADEMY, OAKVILLE",OAKVILLE,L6L6M6,+,,,Y,1.00,0.87,0.76,0.87,1.00,ND
204962,1578922 ONTARIO INC,106199,"HALTON SKILLED TRADES ACADEMY, OAKVILLE",OAKVILLE,L6L6M6,GAS TECHNICIAN 2 (P/T),Service Trade,Other- Service Trade,Y,1.00,1.00,0.90,0.95,1.00,ND
204962,1578922 ONTARIO INC,106199,"HALTON SKILLED TRADES ACADEMY, OAKVILLE",OAKVILLE,L6L6M6,GAS TECHNICIAN 2,Service Trade,Other- Service Trade,Y,1.00,0.72,0.61,0.84,1.00,ND
204962,1578922 ONTARIO INC,106199,"HALTON SKILLED TRADES ACADEMY, OAKVILLE",OAKVILLE,L6L6M6,GAS TECHNICIAN 3 (P/T),Service Trade,Other- Service Trade,Y,1.00,0.90,0.90,0.70,1.00,ND
204962,1578922 ONTARIO INC,106199,"HALTON SKILLED TRADES ACADEMY, OAKVILLE",OAKVILLE,L6L6M6,GAS TECHNICIAN 3,Service Trade,Other- Service Trade,Y,1.00,0.86,0.64,0.89,ND,ND
205164,OTTIMISTICO CORP.,+,+,,,+,,,Y,0.95,0.80,0.80,0.93,1.00,ND
205164,OTTIMISTICO CORP.,104479,"CAPPA SCHOOL OF HAIRSTYLING & AESTHETICS, 56 ST. PAUL ST. - ST. CATHARINES",ST. CATHARINES,L2S2C2,+,,,Y,0.95,0.80,0.80,0.93,1.00,0.08
205164,OTTIMISTICO CORP.,104479,"CAPPA SCHOOL OF HAIRSTYLING & AESTHETICS, 56 ST. PAUL ST. - ST. CATHARINES",ST. CATHARINES,L2S2C2,ESTHETICS,Human Services,Esthetics/Medical Esthetics,Y,SS,SS,SS,SS,ND,ND
205164,OTTIMISTICO CORP.,104479,"CAPPA SCHOOL OF HAIRSTYLING & AESTHETICS, 56 ST. PAUL ST. - ST. CATHARINES",ST. CATHARINES,L2S2C2,HAIRSTYLING,Service Trade,Hairstylist,Y,0.95,0.77,0.77,0.92,1.00,ND
205201,PATHWAYS SKILL DEVELOPMENT & PLACEMENT CENTRE,+,+,,,+,,,Y,0.35,0.77,0.65,0.74,0.60,ND
205201,PATHWAYS SKILL DEVELOPMENT & PLACEMENT CENTRE,104519,"PATHWAYS SKILL DEVELOPMENT & PLACEMENT CENTRE, LONDON",LONDON,N6B1K8,+,,,Y,0.35,0.77,0.65,0.74,0.60,ND
205201,PATHWAYS SKILL DEVELOPMENT & PLACEMENT CENTRE,104519,"PATHWAYS SKILL DEVELOPMENT & PLACEMENT CENTRE, LONDON",LONDON,N6B1K8,ADMINISTRATIVE AND CLERICAL TRAINING PROGRAM,Business,Office Administration,Y,0.36,0.91,0.73,0.73,0.67,ND
205201,PATHWAYS SKILL DEVELOPMENT & PLACEMENT CENTRE,104519,"PATHWAYS SKILL DEVELOPMENT & PLACEMENT CENTRE, LONDON",LONDON,N6B1K8,CONSTRUCTION TECHNOLOGIES TRAINING (CTT),Construction Trade,Heavy Equipment Operator,Y,0.35,0.73,0.60,0.80,0.50,ND
205201,PATHWAYS SKILL DEVELOPMENT & PLACEMENT CENTRE,104519,"PATHWAYS SKILL DEVELOPMENT & PLACEMENT CENTRE, LONDON",LONDON,N6B1K8,LOGISTICS AND MANUFACTURING TRAINING,Service Trade,Other- Service Trade,Y,0.27,0.57,0.57,0.57,ND,ND
205201,PATHWAYS SKILL DEVELOPMENT & PLACEMENT CENTRE,104519,"PATHWAYS SKILL DEVELOPMENT & PLACEMENT CENTRE, LONDON",LONDON,N6B1K8,PROPERTY MAINTENANCE TRAINING,Services,Other - Services,Y,0.47,1.00,1.00,1.00,ND,ND
205280,CAREFIRST SENIORS AND COMMUNITY SERVICES ASSOCIATION,+,+,,,+,,,Y,SS,SS,SS,SS,ND,ND
205280,CAREFIRST SENIORS AND COMMUNITY SERVICES ASSOCIATION,104799,"CAREFIRST VOCATIONAL TRAINING CENTRE, SCARBOROUGH",SCARBOROUGH,M1V0G2,+,,,Y,SS,SS,SS,SS,ND,ND
205280,CAREFIRST SENIORS AND COMMUNITY SERVICES ASSOCIATION,104799,"CAREFIRST VOCATIONAL TRAINING CENTRE, SCARBOROUGH",SCARBOROUGH,M1V0G2,PERSONAL SUPPORT WORKER,Health Services,Personal Support Worker/Personal Attendant,Y,SS,SS,SS,SS,ND,ND
205620,CANADIAN CENTRE FOR LANGUAGE AND CULTURAL STUDIES INC.,+,+,,,+,,,Y,0.27,0.93,0.87,0.88,ND,ND
205620,CANADIAN CENTRE FOR LANGUAGE AND CULTURAL STUDIES INC.,104659,"CANADIAN CENTRE FOR LANGUAGE AND CULTURAL STUDIES, TORONTO",TORONTO,M6G2M1,+,,,Y,0.27,0.93,0.87,0.88,ND,ND
205620,CANADIAN CENTRE FOR LANGUAGE AND CULTURAL STUDIES INC.,104659,"CANADIAN CENTRE FOR LANGUAGE AND CULTURAL STUDIES, TORONTO",TORONTO,M6G2M1,TESL CANADA ACCREDITED DIPLOMA (FULL TIME),Human Services,Educator,Y,0.14,0.86,0.86,0.88,ND,ND
205620,CANADIAN CENTRE FOR LANGUAGE AND CULTURAL STUDIES INC.,104659,"CANADIAN CENTRE FOR LANGUAGE AND CULTURAL STUDIES, TORONTO",TORONTO,M6G2M1,TESL CANADA ACCREDITED DIPLOMA (PART TIME),Human Services,Educator,Y,SS,SS,SS,SS,ND,ND
205620,CANADIAN CENTRE FOR LANGUAGE AND CULTURAL STUDIES INC.,104659,"CANADIAN CENTRE FOR LANGUAGE AND CULTURAL STUDIES, TORONTO",TORONTO,M6G2M1,TESL DIPLOMA (PART TIME),Human Services,Teacher of English as a Second Language (TESL),Y,ND,SS,SS,SS,ND,ND
205620,CANADIAN CENTRE FOR LANGUAGE AND CULTURAL STUDIES INC.,104659,"CANADIAN CENTRE FOR LANGUAGE AND CULTURAL STUDIES, TORONTO",TORONTO,M6G2M1,TESL DIPLOMA,Human Services,Teacher of English as a Second Language (TESL),Y,0.50,1.00,1.00,1.00,ND,ND
205760,ROYAL CANADIAN COLLEGE OF MASSAGE THERAPY INC.,+,+,,,+,,,Y,0.83,0.89,0.83,0.95,1.00,ND
205760,ROYAL CANADIAN COLLEGE OF MASSAGE THERAPY INC.,104719,"ROYAL CANADIAN COLLEGE OF MASSAGE THERAPY INC., TORONTO",TORONTO,M3B2T5,+,,,Y,0.83,0.89,0.83,0.95,1.00,ND
205760,ROYAL CANADIAN COLLEGE OF MASSAGE THERAPY INC.,104719,"ROYAL CANADIAN COLLEGE OF MASSAGE THERAPY INC., TORONTO",TORONTO,M3B2T5,MASSAGE THERAPY,Health Services,Massage Therapist,Y,0.83,0.89,0.83,0.95,1.00,ND
205822,ONTARIO FIRE ACADEMY INC,+,+,,,+,,,Y,0.95,0.90,0.22,0.68,1.00,ND
205822,ONTARIO FIRE ACADEMY INC,106559,"ONTARIO FIRE ACADEMY, ORANGEVILLE",MONO,L9W6J1,+,,,Y,0.95,0.90,0.22,0.68,1.00,ND
205822,ONTARIO FIRE ACADEMY INC,106559,"ONTARIO FIRE ACADEMY, ORANGEVILLE",MONO,L9W6J1,FIREFIGHTER LEVEL L & LL (BLENDED),Law and Public Safety,Law Enforcement/Police Foundations,Y,0.96,0.93,0.16,0.63,1.00,ND
205822,ONTARIO FIRE ACADEMY INC,106559,"ONTARIO FIRE ACADEMY, ORANGEVILLE",MONO,L9W6J1,NFPA FIREFIGHTER LEVEL I & II,Law and Public Safety,Pre-Service Firefighter,Y,0.94,0.86,0.28,0.73,ND,ND
206241,1382221 ONTARIO LIMITED,+,+,,,+,,,Y,0.99,0.88,0.83,0.93,1.00,ND
206241,1382221 ONTARIO LIMITED,106459,"GREAT LAKES COLLEGE OF SCIENCE AND TECHNOLOGY, WINDSOR",WINDSOR,N8W5B1,+,,,Y,0.99,0.88,0.83,0.93,1.00,ND
206241,1382221 ONTARIO LIMITED,106459,"GREAT LAKES COLLEGE OF SCIENCE AND TECHNOLOGY, WINDSOR",WINDSOR,N8W5B1,GAS TECHNICIAN 1,Service Trade,Other- Service Trade,Y,1.00,1.00,1.00,1.00,ND,ND
206241,1382221 ONTARIO LIMITED,106459,"GREAT LAKES COLLEGE OF SCIENCE AND TECHNOLOGY, WINDSOR",WINDSOR,N8W5B1,GAS TECHNICIAN 2 (FT),Service Trade,Other- Service Trade,Y,0.96,0.92,0.92,1.00,1.00,ND
206241,1382221 ONTARIO LIMITED,106459,"GREAT LAKES COLLEGE OF SCIENCE AND TECHNOLOGY, WINDSOR",WINDSOR,N8W5B1,GAS TECHNICIAN 2 (PT),Service Trade,Other- Service Trade,Y,1.00,1.00,1.00,0.92,1.00,ND
206241,1382221 ONTARIO LIMITED,106459,"GREAT LAKES COLLEGE OF SCIENCE AND TECHNOLOGY, WINDSOR",WINDSOR,N8W5B1,GAS TECHNICIAN 3 (FT),Service Trade,Other- Service Trade,Y,1.00,0.91,0.82,0.82,ND,ND
206241,1382221 ONTARIO LIMITED,106459,"GREAT LAKES COLLEGE OF SCIENCE AND TECHNOLOGY, WINDSOR",WINDSOR,N8W5B1,GAS TECHNICIAN 3 (PT),Service Trade,Other- Service Trade,Y,0.98,1.00,0.89,0.90,ND,ND
206241,1382221 ONTARIO LIMITED,106459,"GREAT LAKES COLLEGE OF SCIENCE AND TECHNOLOGY, WINDSOR",WINDSOR,N8W5B1,GGAP,Service Trade,Other- Service Trade,Y,SS,SS,SS,SS,1.00,ND
206241,1382221 ONTARIO LIMITED,106459,"GREAT LAKES COLLEGE OF SCIENCE AND TECHNOLOGY, WINDSOR",WINDSOR,N8W5B1,HVAC TRAINING,Services,Other - Services,Y,1.00,0.44,0.33,1.00,ND,ND
206441,THE CREATE INSTITUTE,+,+,,,+,,,Y,0.06,SS,SS,SS,ND,ND
206441,THE CREATE INSTITUTE,104999,"THE CREATE INSTITUTE, TORONTO",TORONTO,M5A1T7,+,,,Y,0.06,SS,SS,SS,ND,ND
206441,THE CREATE INSTITUTE,104999,"THE CREATE INSTITUTE, TORONTO",TORONTO,M5A1T7,EXPRESSIVE ARTS THERAPY TRAINING PROGRAMME,Human Services,Other - Human Services,Y,0.06,SS,SS,SS,ND,ND
206722,6815464 CANADA LTD.,+,+,,,+,,,Y,0.67,0.00,0.00,0.00,ND,ND
206722,6815464 CANADA LTD.,105319,"CESTAR COLLEGE OF BUSINESS, HEALTH AND TECHNOLOGY, TORONTO/CENTRE",TORONTO,M2J1S5,+,,,Y,0.67,0.00,0.00,0.00,ND,ND
206722,6815464 CANADA LTD.,105319,"CESTAR COLLEGE OF BUSINESS, HEALTH AND TECHNOLOGY, TORONTO/CENTRE",TORONTO,M2J1S5,INTRA-ORAL LEVEL I AND II DENTAL ASSISTANT,Health Services,Office/Clerical/Administration - Dental/Medical,Y,0.80,ND,ND,ND,ND,ND
206722,6815464 CANADA LTD.,105319,"CESTAR COLLEGE OF BUSINESS, HEALTH AND TECHNOLOGY, TORONTO/CENTRE",TORONTO,M2J1S5,NACC PSW 2015,Health Services,Personal Support Worker/Personal Attendant,Y,0.33,ND,ND,ND,ND,ND
206722,6815464 CANADA LTD.,105319,"CESTAR COLLEGE OF BUSINESS, HEALTH AND TECHNOLOGY, TORONTO/CENTRE",TORONTO,M2J1S5,PARALEGAL,Law and Public Safety,Paralegal,Y,0.77,0.00,0.00,0.00,ND,ND
207041,INNOVATIONS IN BUSINESS SOLUTIONS INC.,+,+,,,+,,,Y,1.00,0.90,0.80,1.00,ND,ND
207041,INNOVATIONS IN BUSINESS SOLUTIONS INC.,107961,"TORONTO INNOVATION COLLEGE, MISSISSAUGA CAMPUS (CMPS-107961)",MISSISSAUGA,L4Z3N1,+,,,Y,1.00,0.90,0.80,1.00,ND,ND
207041,INNOVATIONS IN BUSINESS SOLUTIONS INC.,107961,"TORONTO INNOVATION COLLEGE, MISSISSAUGA CAMPUS (CMPS-107961)",MISSISSAUGA,L4Z3N1,CERTIFICATE IN BUSINESS ADMINISTRATION,Business,Business Administration,Y,1.00,1.00,0.89,1.00,ND,ND
207041,INNOVATIONS IN BUSINESS SOLUTIONS INC.,107961,"TORONTO INNOVATION COLLEGE, MISSISSAUGA CAMPUS (CMPS-107961)",MISSISSAUGA,L4Z3N1,DIPLOMA IN SUPPLY CHAIN MANAGEMENT - SAP SPECIALIZATION (FULL-TIME),Computer and Information Technology,Enterprise Resource Planning (ERP),Y,ND,SS,SS,ND,ND,ND
207306,UWIN PRO INC.,+,+,,,+,,,Y,0.36,0.42,0.16,0.80,1.00,ND
207306,UWIN PRO INC.,105839,"CANADIAN COLLEGE FOR HIGHER STUDIES, TORONTO",SCARBOROUGH,M1H2X1,+,,,Y,0.36,0.42,0.16,0.80,1.00,ND
207306,UWIN PRO INC.,105839,"CANADIAN COLLEGE FOR HIGHER STUDIES, TORONTO",SCARBOROUGH,M1H2X1,ADVANCED DIPLOMA - SYSTEMS ADMINISTRATOR – CLOUD,Computer and Information Technology,Information Technology,Y,0.43,ND,ND,ND,ND,ND
207306,UWIN PRO INC.,105839,"CANADIAN COLLEGE FOR HIGHER STUDIES, TORONTO",SCARBOROUGH,M1H2X1,ADVANCED DIPLOMA IN CISCO AND RED HAT ENGINEERING,Computer and Information Technology,Information Technology,Y,SS,ND,ND,ND,ND,ND
207306,UWIN PRO INC.,105839,"CANADIAN COLLEGE FOR HIGHER STUDIES, TORONTO",SCARBOROUGH,M1H2X1,ADVANCED DIPLOMA IN DATA SCIENCE AND ARTIFICIAL INTELLIGENCE,Computer and Information Technology,Other - Information Technology,Y,0.00,ND,ND,ND,ND,ND
207306,UWIN PRO INC.,105839,"CANADIAN COLLEGE FOR HIGHER STUDIES, TORONTO",SCARBOROUGH,M1H2X1,BUSINESS ADMINISTRATION,Business,Business Administration,Y,0.35,0.50,0.25,0.75,1.00,ND
207306,UWIN PRO INC.,105839,"CANADIAN COLLEGE FOR HIGHER STUDIES, TORONTO",SCARBOROUGH,M1H2X1,COMPUTERIZED ACCOUNTING WITH OFFICE ADMINISTRATION,Business,Accounting,Y,0.63,0.67,0.67,0.67,ND,ND
207306,UWIN PRO INC.,105839,"CANADIAN COLLEGE FOR HIGHER STUDIES, TORONTO",SCARBOROUGH,M1H2X1,DATABASE ADMINISTRATION AND BIG DATA PREDICTIVE ANALYTICS,Computer and Information Technology,Information Technology,Y,SS,SS,SS,SS,ND,ND
207306,UWIN PRO INC.,105839,"CANADIAN COLLEGE FOR HIGHER STUDIES, TORONTO",SCARBOROUGH,M1H2X1,"DIPLOMA - GRAPHIC, WEB DESIGN AND DIGITAL MARKETING",Business,Marketing/Advertising,Y,ND,SS,SS,SS,ND,ND
207306,UWIN PRO INC.,105839,"CANADIAN COLLEGE FOR HIGHER STUDIES, TORONTO",SCARBOROUGH,M1H2X1,DIPLOMA IN SUPPLY CHAIN AND LOGISTICS MANAGEMENT,Services,Other - Services,Y,1.00,0.50,0.00,0.75,ND,ND
207306,UWIN PRO INC.,105839,"CANADIAN COLLEGE FOR HIGHER STUDIES, TORONTO",SCARBOROUGH,M1H2X1,MEDICAL & HEALTH OFFICE ADMINISTRATOR,Health Services,Medical Office Administration/Management,Y,0.47,0.29,0.00,0.83,ND,ND
207306,UWIN PRO INC.,105839,"CANADIAN COLLEGE FOR HIGHER STUDIES, TORONTO",SCARBOROUGH,M1H2X1,NETWORK (LAN/WAN) ADMINISTRATION,Computer and Information Technology,Information Technology,Y,SS,ND,ND,ND,ND,ND
207306,UWIN PRO INC.,105839,"CANADIAN COLLEGE FOR HIGHER STUDIES, TORONTO",SCARBOROUGH,M1H2X1,POST GRADUATE DIPLOMA IN ENTERPRISE IT MANAGEMENT,Computer and Information Technology,Information Technology,Y,0.00,ND,ND,ND,ND,ND
207306,UWIN PRO INC.,105839,"CANADIAN COLLEGE FOR HIGHER STUDIES, TORONTO",SCARBOROUGH,M1H2X1,POST GRADUATE DIPLOMA IN INTERNATIONAL BUSINESS MANAGEMENT-FINANCE,Business,Business Administration,Y,0.13,ND,ND,ND,ND,ND
207306,UWIN PRO INC.,105839,"CANADIAN COLLEGE FOR HIGHER STUDIES, TORONTO",SCARBOROUGH,M1H2X1,POST GRADUATE DIPLOMA-ENTERPRISE RESOURCE PLANNING INFORMATION SYSTEMS TECHNICAL CONSULTANT,Computer and Information Technology,Other - Information Technology,Y,SS,ND,ND,ND,ND,ND
207306,UWIN PRO INC.,105839,"CANADIAN COLLEGE FOR HIGHER STUDIES, TORONTO",SCARBOROUGH,M1H2X1,SYSTEMS ADMINISTRATOR,Computer and Information Technology,Information Technology,Y,SS,ND,ND,ND,ND,ND
208165,SKILLED TRADES COLLEGE OF CANADA INC.,+,+,,,+,,,Y,0.98,0.68,0.45,0.65,0.88,ND
208165,SKILLED TRADES COLLEGE OF CANADA INC.,106999,"SKILLED TRADES COLLEGE OF CANADA, VAUGHAN CAMPUS",VAUGHAN,L4H3C3,+,,,Y,0.95,0.69,0.42,0.62,0.80,ND
208165,SKILLED TRADES COLLEGE OF CANADA INC.,106999,"SKILLED TRADES COLLEGE OF CANADA, VAUGHAN CAMPUS",VAUGHAN,L4H3C3,CONSTRUCTION & MAINTENANCE ELECTRICIAN TECHNICIAN: PRE-APPRENTICE (P/T),Service Trade,Other- Service Trade,Y,1.00,0.75,0.25,0.80,1.00,ND
208165,SKILLED TRADES COLLEGE OF CANADA INC.,106999,"SKILLED TRADES COLLEGE OF CANADA, VAUGHAN CAMPUS",VAUGHAN,L4H3C3,CONSTRUCTION & MAINTENANCE ELECTRICIAN TECHNICIAN: PRE-APPRENTICE,Service Trade,Other- Service Trade,Y,1.00,0.57,0.34,0.56,1.00,ND
208165,SKILLED TRADES COLLEGE OF CANADA INC.,106999,"SKILLED TRADES COLLEGE OF CANADA, VAUGHAN CAMPUS",VAUGHAN,L4H3C3,INTRO TO HOME RENOVATION,Construction Trade,Construction,Y,1.00,0.75,0.56,0.79,1.00,ND
208165,SKILLED TRADES COLLEGE OF CANADA INC.,106999,"SKILLED TRADES COLLEGE OF CANADA, VAUGHAN CAMPUS",VAUGHAN,L4H3C3,INTRO TO SMART HOME AND DATA WIRING,Construction Trade,Other - Construction Trade,Y,1.00,0.50,0.25,0.00,ND,ND
208165,SKILLED TRADES COLLEGE OF CANADA INC.,106999,"SKILLED TRADES COLLEGE OF CANADA, VAUGHAN CAMPUS",VAUGHAN,L4H3C3,PLUMBER PRE APPRENTICESHIP,Service Trade,Other- Service Trade,Y,0.79,0.79,0.50,0.52,0.50,ND
208165,SKILLED TRADES COLLEGE OF CANADA INC.,127314,"SKILLED TRADES COLLEGE OF CANADA, MISSISSAUGA",MISSISSAUGA,L4X2X1,+,,,Y,1.00,0.67,0.42,0.62,1.00,ND
208165,SKILLED TRADES COLLEGE OF CANADA INC.,127314,"SKILLED TRADES COLLEGE OF CANADA, MISSISSAUGA",MISSISSAUGA,L4X2X1,CONSTRUCTION & MAINTENANCE ELECTRICIAN TECHNICIAN: PRE-APPRENTICE (P/T),Service Trade,Other- Service Trade,Y,1.00,0.50,0.25,0.50,ND,ND
208165,SKILLED TRADES COLLEGE OF CANADA INC.,127314,"SKILLED TRADES COLLEGE OF CANADA, MISSISSAUGA",MISSISSAUGA,L4X2X1,CONSTRUCTION & MAINTENANCE ELECTRICIAN TECHNICIAN: PRE-APPRENTICE,Service Trade,Other- Service Trade,Y,1.00,0.68,0.44,0.63,1.00,ND
208165,SKILLED TRADES COLLEGE OF CANADA INC.,204151,"SKILLED TRADES COLLEGE OF CANADA, AJAX CAMPUS",AJAX,L1S2J1,+,,,Y,1.00,0.71,0.57,0.58,ND,ND
208165,SKILLED TRADES COLLEGE OF CANADA INC.,204151,"SKILLED TRADES COLLEGE OF CANADA, AJAX CAMPUS",AJAX,L1S2J1,CONSTRUCTION & MAINTENANCE ELECTRICIAN TECHNICIAN: PRE-APPRENTICE,Service Trade,Other- Service Trade,Y,1.00,0.67,0.47,0.50,ND,ND
208165,SKILLED TRADES COLLEGE OF CANADA INC.,204151,"SKILLED TRADES COLLEGE OF CANADA, AJAX CAMPUS",AJAX,L1S2J1,INTRO TO HOME RENOVATION,Construction Trade,Construction,Y,1.00,0.77,0.69,0.69,ND,ND
208165,SKILLED TRADES COLLEGE OF CANADA INC.,205089,"SKILLED TRADES COLLEGE OF CANADA INC., STC - TORONTO EAST",TORONTO,M4A2V6,+,,,Y,1.00,0.68,0.46,0.76,1.00,ND
208165,SKILLED TRADES COLLEGE OF CANADA INC.,205089,"SKILLED TRADES COLLEGE OF CANADA INC., STC - TORONTO EAST",TORONTO,M4A2V6,CONSTRUCTION & MAINTENANCE ELECTRICIAN TECHNICIAN: PRE-APPRENTICE (P/T),Service Trade,Other- Service Trade,Y,1.00,1.00,1.00,1.00,ND,ND
208165,SKILLED TRADES COLLEGE OF CANADA INC.,205089,"SKILLED TRADES COLLEGE OF CANADA INC., STC - TORONTO EAST",TORONTO,M4A2V6,CONSTRUCTION & MAINTENANCE ELECTRICIAN TECHNICIAN: PRE-APPRENTICE,Service Trade,Other- Service Trade,Y,1.00,0.66,0.41,0.68,ND,ND
208165,SKILLED TRADES COLLEGE OF CANADA INC.,205089,"SKILLED TRADES COLLEGE OF CANADA INC., STC - TORONTO EAST",TORONTO,M4A2V6,INTRO TO HOME RENOVATION,Construction Trade,Construction,Y,1.00,0.70,0.40,0.82,1.00,ND
208165,SKILLED TRADES COLLEGE OF CANADA INC.,205089,"SKILLED TRADES COLLEGE OF CANADA INC., STC - TORONTO EAST",TORONTO,M4A2V6,PLUMBER PRE APPRENTICESHIP (12 WEEKS)*,Service Trade,Other- Service Trade,Y,1.00,See combined program results below,See combined program results below,See combined program results below,See combined program results below,ND
208165,SKILLED TRADES COLLEGE OF CANADA INC.,205089,"SKILLED TRADES COLLEGE OF CANADA INC., STC - TORONTO EAST",TORONTO,M4A2V6,PLUMBER PRE APPRENTICESHIP (24 WEEKS)*,Service Trade,Other- Service Trade,Y,1.00,See combined program results below,See combined program results below,See combined program results below,See combined program results below,ND
208165,SKILLED TRADES COLLEGE OF CANADA INC.,205089,"SKILLED TRADES COLLEGE OF CANADA INC., STC - TORONTO EAST",TORONTO,M4A2V6,PLUMBER PRE APPRENTICESHIP (COMBINED 12 WEEKS AND 24 WEEKS)**,Service Trade,Other- Service Trade,Y,See program results above,0.67,0.60,0.81,ND,See program results above
208165,SKILLED TRADES COLLEGE OF CANADA INC.,206053,"SKILLED TRADES COLLEGE OF CANADA, CAMBRIDGE CAMPUS",CAMBRIDGE,N3H4R7,+,,,Y,1.00,0.67,0.58,0.58,1.00,ND
208165,SKILLED TRADES COLLEGE OF CANADA INC.,206053,"SKILLED TRADES COLLEGE OF CANADA, CAMBRIDGE CAMPUS",CAMBRIDGE,N3H4R7,CONSTRUCTION & MAINTENANCE ELECTRICIAN TECHNICIAN: PRE-APPRENTICE,Service Trade,Other- Service Trade,Y,1.00,0.70,0.70,0.60,1.00,ND
208165,SKILLED TRADES COLLEGE OF CANADA INC.,206053,"SKILLED TRADES COLLEGE OF CANADA, CAMBRIDGE CAMPUS",CAMBRIDGE,N3H4R7,INTRO TO HOME RENOVATION,Construction Trade,Construction,Y,1.00,0.50,0.00,0.50,ND,ND
208923,1786742 ONTARIO INC.,+,+,,,+,,,Y,0.99,0.41,0.22,0.78,1.00,ND
208923,1786742 ONTARIO INC.,106299,"ACADEMY TRUCK DRIVING SCHOOL, WINDSOR",WINDSOR,N8W4J5,+,,,Y,0.99,0.41,0.22,0.78,1.00,ND
208923,1786742 ONTARIO INC.,106299,"ACADEMY TRUCK DRIVING SCHOOL, WINDSOR",WINDSOR,N8W4J5,AZ PROFESSIONAL TRUCK TRAINING,Tractor-Trailer / Driver Licensing,AZ Class Truck Driver,Y,0.99,0.41,0.22,0.78,1.00,ND
209707,1693761 ONTARIO INC,+,+,,,+,,,Y,0.08,SS,SS,SS,ND,ND
209707,1693761 ONTARIO INC,107041,"AIMS COLLEGE HEALTHCARE MANAGEMENT TECHNOLOGY, MISSISSAUGA",MISSISSAUGA,L4W2S6,+,,,Y,0.08,SS,SS,SS,ND,ND
209707,1693761 ONTARIO INC,107041,"AIMS COLLEGE HEALTHCARE MANAGEMENT TECHNOLOGY, MISSISSAUGA",MISSISSAUGA,L4W2S6,ACCOUNTING AND BUSINESS MANAGEMENT,Business,Business Administration,Y,0.00,ND,ND,ND,ND,ND
209707,1693761 ONTARIO INC,107041,"AIMS COLLEGE HEALTHCARE MANAGEMENT TECHNOLOGY, MISSISSAUGA",MISSISSAUGA,L4W2S6,MEDICAL OFFICE ADMINISTRATION,Health Services,Medical Office Administration/Management,Y,SS,SS,SS,SS,ND,ND
209845,WINDSOR FLYING CLUB,+,+,,,+,,,Y,SS,SS,SS,SS,ND,ND
209845,WINDSOR FLYING CLUB,107522,"WINDSOR FLYING CLUB, WINDSOR",WINDSOR,N8V1A2,+,,,Y,SS,SS,SS,SS,ND,ND
209845,WINDSOR FLYING CLUB,107522,"WINDSOR FLYING CLUB, WINDSOR",WINDSOR,N8V1A2,COMMERCIAL PILOT LICENCE - AEROPLANE,Flight Training,Commercial Pilot,Y,ND,ND,ND,ND,ND,ND
209845,WINDSOR FLYING CLUB,107522,"WINDSOR FLYING CLUB, WINDSOR",WINDSOR,N8V1A2,FLIGHT INSTRUCTOR - ALL RATINGS,Flight Training,Flight Instructor,Y,SS,SS,SS,SS,ND,ND
210004,ABM COLLEGE OF HEALTH AND TECHNOLOGY,+,+,,,+,,,Y,0.77,0.55,0.43,0.89,1.00,ND
210004,ABM COLLEGE OF HEALTH AND TECHNOLOGY,106519,"ABM COLLEGE OF HEALTH AND TECHNOLOGY, TORONTO",TORONTO,M6A1B4,+,,,Y,0.77,0.55,0.43,0.89,1.00,ND
210004,ABM COLLEGE OF HEALTH AND TECHNOLOGY,106519,"ABM COLLEGE OF HEALTH AND TECHNOLOGY, TORONTO",TORONTO,M6A1B4,ACCOUNTING AND PAYROLL ADMINISTRATION,Business,Accounting and Payroll Administration,Y,ND,SS,SS,SS,ND,ND
210004,ABM COLLEGE OF HEALTH AND TECHNOLOGY,106519,"ABM COLLEGE OF HEALTH AND TECHNOLOGY, TORONTO",TORONTO,M6A1B4,ADDICTIONS AND COMMUNITY SERVICE WORKER,Health Services,Addiction Prevention and Treatment,Y,ND,SS,SS,SS,ND,ND
210004,ABM COLLEGE OF HEALTH AND TECHNOLOGY,106519,"ABM COLLEGE OF HEALTH AND TECHNOLOGY, TORONTO",TORONTO,M6A1B4,BUSINESS ADMINISTRATION,Business,Business Administration,Y,ND,0.75,0.50,0.88,ND,ND
210004,ABM COLLEGE OF HEALTH AND TECHNOLOGY,106519,"ABM COLLEGE OF HEALTH AND TECHNOLOGY, TORONTO",TORONTO,M6A1B4,CYBERSECURITY,Computer and Information Technology,Other - Information Technology,Y,ND,ND,ND,ND,ND,ND
210004,ABM COLLEGE OF HEALTH AND TECHNOLOGY,106519,"ABM COLLEGE OF HEALTH AND TECHNOLOGY, TORONTO",TORONTO,M6A1B4,DENTAL OFFICE ADMINISTRATION,Health Services,Dental Office Administration,Y,ND,SS,SS,SS,ND,ND
210004,ABM COLLEGE OF HEALTH AND TECHNOLOGY,106519,"ABM COLLEGE OF HEALTH AND TECHNOLOGY, TORONTO",TORONTO,M6A1B4,GRAPHIC DESIGN DIPLOMA,Applied Arts and Science,Graphic Design/Printing,Y,ND,SS,SS,SS,ND,ND
210004,ABM COLLEGE OF HEALTH AND TECHNOLOGY,106519,"ABM COLLEGE OF HEALTH AND TECHNOLOGY, TORONTO",TORONTO,M6A1B4,MEDICAL OFFICE ASSISTANT AND UNIT CLERK,Health Services,Medical Office Administration/Management,Y,ND,SS,SS,SS,1.00,ND
210004,ABM COLLEGE OF HEALTH AND TECHNOLOGY,106519,"ABM COLLEGE OF HEALTH AND TECHNOLOGY, TORONTO",TORONTO,M6A1B4,NACC PSW 2015,Health Services,Personal Support Worker/Personal Attendant,Y,0.77,0.59,0.55,1.00,ND,ND
210004,ABM COLLEGE OF HEALTH AND TECHNOLOGY,106519,"ABM COLLEGE OF HEALTH AND TECHNOLOGY, TORONTO",TORONTO,M6A1B4,USER INTERFACE (UI) AND USER EXPERIENCE (UX) DESIGN,Computer and Information Technology,Other - Information Technology,Y,ND,SS,SS,SS,ND,ND
210004,ABM COLLEGE OF HEALTH AND TECHNOLOGY,106519,"ABM COLLEGE OF HEALTH AND TECHNOLOGY, TORONTO",TORONTO,M6A1B4,WEB DESIGN AND DEVELOPMENT DIPLOMA,Computer and Information Technology,Web Applications and Development,Y,ND,SS,SS,SS,ND,ND
210144,CANADIAN BEAUTY COLLEGE INC.,+,+,,,+,,,Y,0.85,0.86,0.71,0.71,1.00,ND
210144,CANADIAN BEAUTY COLLEGE INC.,106539,"CANADIAN BEAUTY COLLEGE, VAUGHAN",VAUGHAN,L4K3C8,+,,,Y,0.74,0.75,0.75,0.92,1.00,ND
210144,CANADIAN BEAUTY COLLEGE INC.,106539,"CANADIAN BEAUTY COLLEGE, VAUGHAN",VAUGHAN,L4K3C8,HAIRSTYLING,Service Trade,Hairstylist,Y,0.90,0.89,0.89,1.00,ND,ND
210144,CANADIAN BEAUTY COLLEGE INC.,106539,"CANADIAN BEAUTY COLLEGE, VAUGHAN",VAUGHAN,L4K3C8,LASER TECHNICIAN (P/T),Human Services,Esthetics/Medical Esthetics,Y,0.57,ND,ND,ND,ND,ND
210144,CANADIAN BEAUTY COLLEGE INC.,106539,"CANADIAN BEAUTY COLLEGE, VAUGHAN",VAUGHAN,L4K3C8,LASER TECHNICIAN,Human Services,Esthetics/Medical Esthetics,Y,0.63,ND,ND,ND,ND,ND
210144,CANADIAN BEAUTY COLLEGE INC.,106539,"CANADIAN BEAUTY COLLEGE, VAUGHAN",VAUGHAN,L4K3C8,MAKEUP ARTIST (PT),Human Services,Esthetics/Medical Esthetics,Y,SS,ND,ND,ND,ND,ND
210144,CANADIAN BEAUTY COLLEGE INC.,106539,"CANADIAN BEAUTY COLLEGE, VAUGHAN",VAUGHAN,L4K3C8,MAKEUP ARTIST DIPLOMA,Human Services,Esthetics/Medical Esthetics,Y,0.92,0.33,0.33,0.67,1.00,ND
210144,CANADIAN BEAUTY COLLEGE INC.,106539,"CANADIAN BEAUTY COLLEGE, VAUGHAN",VAUGHAN,L4K3C8,MEDICAL AESTHETICS DIPLOMA,Human Services,Esthetics/Medical Esthetics,Y,0.64,ND,ND,ND,ND,ND
210144,CANADIAN BEAUTY COLLEGE INC.,147815,"CANADIAN BEAUTY COLLEGE.INC., MISSISSAUGA",MISSISSAUGA,L4Y2C5,+,,,Y,0.94,0.75,0.63,0.55,ND,ND
210144,CANADIAN BEAUTY COLLEGE INC.,147815,"CANADIAN BEAUTY COLLEGE.INC., MISSISSAUGA",MISSISSAUGA,L4Y2C5,HAIRSTYLING,Service Trade,Hairstylist,Y,1.00,0.83,0.83,0.71,ND,ND
210144,CANADIAN BEAUTY COLLEGE INC.,147815,"CANADIAN BEAUTY COLLEGE.INC., MISSISSAUGA",MISSISSAUGA,L4Y2C5,LASER TECHNICIAN,Human Services,Esthetics/Medical Esthetics,Y,1.00,ND,ND,ND,ND,ND
210144,CANADIAN BEAUTY COLLEGE INC.,147815,"CANADIAN BEAUTY COLLEGE.INC., MISSISSAUGA",MISSISSAUGA,L4Y2C5,MAKEUP ARTIST (PT),Human Services,Esthetics/Medical Esthetics,Y,0.71,0.50,0.00,0.25,ND,ND
210144,CANADIAN BEAUTY COLLEGE INC.,147815,"CANADIAN BEAUTY COLLEGE.INC., MISSISSAUGA",MISSISSAUGA,L4Y2C5,MEDICAL AESTHETICS DIPLOMA,Human Services,Esthetics/Medical Esthetics,Y,0.94,ND,ND,ND,ND,ND
210144,CANADIAN BEAUTY COLLEGE INC.,173935,"CANADIAN BEAUTY COLLEGE, AJAX",AJAX,L1S6V6,+,,,Y,0.93,1.00,0.73,0.67,ND,ND
210144,CANADIAN BEAUTY COLLEGE INC.,173935,"CANADIAN BEAUTY COLLEGE, AJAX",AJAX,L1S6V6,HAIRSTYLING,Service Trade,Hairstylist,Y,0.87,1.00,1.00,0.83,ND,ND
210144,CANADIAN BEAUTY COLLEGE INC.,173935,"CANADIAN BEAUTY COLLEGE, AJAX",AJAX,L1S6V6,LASER TECHNICIAN (P/T),Human Services,Esthetics/Medical Esthetics,Y,1.00,1.00,0.33,0.67,ND,ND
210144,CANADIAN BEAUTY COLLEGE INC.,173935,"CANADIAN BEAUTY COLLEGE, AJAX",AJAX,L1S6V6,LASER TECHNICIAN,Human Services,Esthetics/Medical Esthetics,Y,1.00,ND,ND,ND,ND,ND
210144,CANADIAN BEAUTY COLLEGE INC.,173935,"CANADIAN BEAUTY COLLEGE, AJAX",AJAX,L1S6V6,MAKEUP ARTIST (PT),Human Services,Esthetics/Medical Esthetics,Y,1.00,1.00,1.00,0.33,ND,ND
210144,CANADIAN BEAUTY COLLEGE INC.,173935,"CANADIAN BEAUTY COLLEGE, AJAX",AJAX,L1S6V6,MEDICAL AESTHETICS DIPLOMA,Human Services,Esthetics/Medical Esthetics,Y,0.79,ND,ND,ND,ND,ND
210424,2198859 ONTARIO LTD,+,+,,,+,,,Y,0.79,0.47,0.12,0.83,ND,ND
210424,2198859 ONTARIO LTD,106420,"BETA COLLEGE OF BUSINESS AND TECHNOLOGY, MISSISSAUGA",MISSISSAUGA,L4Z1V3,+,,,Y,0.80,0.67,0.17,0.89,ND,ND
210424,2198859 ONTARIO LTD,106420,"BETA COLLEGE OF BUSINESS AND TECHNOLOGY, MISSISSAUGA",MISSISSAUGA,L4Z1V3,AUTOMATION TECHNOLOGY,Computer and Information Technology,Information Technology,Y,SS,ND,ND,ND,ND,ND
210424,2198859 ONTARIO LTD,106420,"BETA COLLEGE OF BUSINESS AND TECHNOLOGY, MISSISSAUGA",MISSISSAUGA,L4Z1V3,CAD/CAM TECHNOLOGY,Computer and Information Technology,Information Technology,Y,SS,ND,ND,ND,ND,ND
210424,2198859 ONTARIO LTD,106420,"BETA COLLEGE OF BUSINESS AND TECHNOLOGY, MISSISSAUGA",MISSISSAUGA,L4Z1V3,COMPUTERIZED ACCOUNTING,Business,Accounting,Y,0.77,1.00,0.00,0.67,ND,ND
210424,2198859 ONTARIO LTD,106420,"BETA COLLEGE OF BUSINESS AND TECHNOLOGY, MISSISSAUGA",MISSISSAUGA,L4Z1V3,FOOD SERVICE WORKER,Service Trade,Chef,Y,1.00,ND,ND,ND,ND,ND
210424,2198859 ONTARIO LTD,106420,"BETA COLLEGE OF BUSINESS AND TECHNOLOGY, MISSISSAUGA",MISSISSAUGA,L4Z1V3,GLOBAL SUPPLY CHAIN MANAGEMENT,Business,Supply Chain Management and Logistics,Y,ND,SS,SS,SS,ND,ND
210424,2198859 ONTARIO LTD,106420,"BETA COLLEGE OF BUSINESS AND TECHNOLOGY, MISSISSAUGA",MISSISSAUGA,L4Z1V3,LOGISTICS AND SUPPLY CHAIN MANAGEMENT,Business,Supply Chain Management and Logistics,Y,ND,SS,SS,SS,ND,ND
210424,2198859 ONTARIO LTD,106420,"BETA COLLEGE OF BUSINESS AND TECHNOLOGY, MISSISSAUGA",MISSISSAUGA,L4Z1V3,NACC PERSONAL SUPPORT WORKER 2022,Health Services,Personal Support Worker/Personal Attendant,Y,ND,SS,SS,SS,ND,ND
210424,2198859 ONTARIO LTD,106420,"BETA COLLEGE OF BUSINESS AND TECHNOLOGY, MISSISSAUGA",MISSISSAUGA,L4Z1V3,OFFICE ADMINISTRATION - GENERAL,Business,Office Administration,Y,0.73,1.00,1.00,1.00,ND,ND
210424,2198859 ONTARIO LTD,202901,"BETA COLLEGE OF BUSINESS AND TECHNOLOGY, BRAMPTON",BRAMPTON,L6Y1N1,+,,,Y,0.78,0.36,0.09,0.80,ND,ND
210424,2198859 ONTARIO LTD,202901,"BETA COLLEGE OF BUSINESS AND TECHNOLOGY, BRAMPTON",BRAMPTON,L6Y1N1,CAD/CAM TECHNOLOGY,Computer and Information Technology,Information Technology,Y,SS,ND,ND,ND,ND,ND
210424,2198859 ONTARIO LTD,202901,"BETA COLLEGE OF BUSINESS AND TECHNOLOGY, BRAMPTON",BRAMPTON,L6Y1N1,COMPUTERIZED ACCOUNTING,Business,Accounting,Y,0.67,0.33,0.11,0.73,ND,ND
210424,2198859 ONTARIO LTD,202901,"BETA COLLEGE OF BUSINESS AND TECHNOLOGY, BRAMPTON",BRAMPTON,L6Y1N1,DIPLOMA IN HOSPITALITY AND TOURISM MANAGEMENT,Business,Hospitality Administration/Management,Y,ND,SS,SS,SS,ND,ND
210424,2198859 ONTARIO LTD,202901,"BETA COLLEGE OF BUSINESS AND TECHNOLOGY, BRAMPTON",BRAMPTON,L6Y1N1,GLOBAL SUPPLY CHAIN MANAGEMENT,Business,Supply Chain Management and Logistics,Y,ND,ND,ND,SS,ND,ND
210424,2198859 ONTARIO LTD,202901,"BETA COLLEGE OF BUSINESS AND TECHNOLOGY, BRAMPTON",BRAMPTON,L6Y1N1,LOGISTICS AND SUPPLY CHAIN MANAGEMENT,Business,Supply Chain Management and Logistics,Y,SS,SS,SS,SS,ND,ND
210772,1791559 ONTARIO INC.,+,+,,,+,,,Y,0.86,1.00,1.00,0.75,1.00,ND
210772,1791559 ONTARIO INC.,106662,"HELICOPTERS CANADA, NORTH BAY",NORTH BAY,P1B9N8,+,,,Y,0.86,1.00,1.00,0.75,1.00,ND
210772,1791559 ONTARIO INC.,106662,"HELICOPTERS CANADA, NORTH BAY",NORTH BAY,P1B9N8,COMMERCIAL PILOT - HELICOPTER,Flight Training,Other - Flight Training,Y,0.86,1.00,1.00,0.75,1.00,ND
211468,LA LUMA INC.,+,+,,,+,,,Y,0.65,1.00,0.89,0.70,0.00,ND
211468,LA LUMA INC.,106919,"LA LUMA ACADEMY, GUELPH",GUELPH,N1H2S9,+,,,Y,0.65,1.00,0.89,0.70,0.00,ND
211468,LA LUMA INC.,106919,"LA LUMA ACADEMY, GUELPH",GUELPH,N1H2S9,HAIRSTYLING,Service Trade,Hairstylist,Y,0.65,1.00,0.89,0.70,0.00,ND
212171,NETSOFT COMMUNICATIONS INC.,+,+,,,+,,,Y,0.80,0.84,0.74,0.84,ND,ND
212171,NETSOFT COMMUNICATIONS INC.,107440,"NETSOFT COLLEGE OF TECHNOLOGY, MISSISSAUGA",MISSISSAUGA,L4Z1R2,+,,,Y,0.80,0.84,0.74,0.84,ND,ND
212171,NETSOFT COMMUNICATIONS INC.,107440,"NETSOFT COLLEGE OF TECHNOLOGY, MISSISSAUGA",MISSISSAUGA,L4Z1R2,INFRASTRUCTURE ANALYST,Computer and Information Technology,Information Technology,Y,0.80,0.84,0.74,0.84,ND,ND
212892,CENTRE FOR SECURITY TRAINING & MANAGEMENT INC.,+,+,,,+,,,Y,SS,SS,SS,SS,ND,ND
212892,CENTRE FOR SECURITY TRAINING & MANAGEMENT INC.,107380,"CENTRE FOR SECURITY TRAINING & MANAGEMENT INC., TORONTO",TORONTO,M1R4Z8,+,,,Y,SS,SS,SS,SS,ND,ND
212892,CENTRE FOR SECURITY TRAINING & MANAGEMENT INC.,107380,"CENTRE FOR SECURITY TRAINING & MANAGEMENT INC., TORONTO",TORONTO,M1R4Z8,BASIC SECURITY GUARD TRAINING PROGRAM,Law and Public Safety,Law Enforcement/Police Foundations,Y,SS,SS,SS,SS,ND,ND
213713,STRATFORD CHEFS SCHOOL,+,+,,,+,,,Y,ND,SS,SS,SS,ND,ND
213713,STRATFORD CHEFS SCHOOL,130476,"STRATFORD CHEFS SCHOOL, STRATFORD",STRATFORD,N5A3H4,+,,,Y,ND,SS,SS,SS,ND,0.08
213713,STRATFORD CHEFS SCHOOL,130476,"STRATFORD CHEFS SCHOOL, STRATFORD",STRATFORD,N5A3H4,COOK: BASIC - LEVEL I,Service Trade,Chef,Y,ND,SS,SS,SS,ND,ND
214314,2206775 ONTARIO LIMITED,+,+,,,+,,,Y,0.41,ND,ND,ND,ND,ND
214314,2206775 ONTARIO LIMITED,107880,"HOLI HEALTH, TORONTO",TORONTO,M6A1L6,+,,,Y,0.41,ND,ND,ND,ND,ND
214314,2206775 ONTARIO LIMITED,107880,"HOLI HEALTH, TORONTO",TORONTO,M6A1L6,NACC PSW 2015 (F/T),Health Services,Personal Support Worker/Personal Attendant,Y,0.49,ND,ND,ND,ND,ND
214314,2206775 ONTARIO LIMITED,107880,"HOLI HEALTH, TORONTO",TORONTO,M6A1L6,NACC PSW 2015,Health Services,Personal Support Worker/Personal Attendant,Y,0.24,ND,ND,ND,ND,ND
214475,CGO HOLDINGS LTD.,+,+,,,+,,,Y,0.00,SS,SS,SS,1.00,ND
214475,CGO HOLDINGS LTD.,107820,"PRIME INTERNATIONAL COLLEGE OF HEALTH CARE AND TECHNOLOGY, TORONTO",TORONTO,M3H2S1,+,,,Y,0.00,SS,SS,SS,1.00,ND
214475,CGO HOLDINGS LTD.,107820,"PRIME INTERNATIONAL COLLEGE OF HEALTH CARE AND TECHNOLOGY, TORONTO",TORONTO,M3H2S1,NACC PSW 2015,Health Services,Personal Support Worker/Personal Attendant,Y,0.00,SS,SS,SS,1.00,ND
214716,EPIC COLLEGE OF TECHNOLOGY INC.,+,+,,,+,,,Y,0.69,1.00,0.00,0.00,ND,ND
214716,EPIC COLLEGE OF TECHNOLOGY INC.,108580,"EPIC COLLEGE OF TECHNOLOGY, MISSISSAUGA",MISSISSAUGA,L4Z1T2,+,,,Y,0.69,1.00,0.00,0.00,ND,ND
214716,EPIC COLLEGE OF TECHNOLOGY INC.,108580,"EPIC COLLEGE OF TECHNOLOGY, MISSISSAUGA",MISSISSAUGA,L4Z1T2,BUSINESS ADMINISTRATION DIPLOMA,Business,Business Administration,Y,0.80,ND,ND,ND,ND,ND
214716,EPIC COLLEGE OF TECHNOLOGY INC.,108580,"EPIC COLLEGE OF TECHNOLOGY, MISSISSAUGA",MISSISSAUGA,L4Z1T2,MEDICAL OFFICE ADMINISTRATION,Health Services,Medical Office Administration/Management,Y,0.40,ND,ND,ND,ND,ND
214716,EPIC COLLEGE OF TECHNOLOGY INC.,108580,"EPIC COLLEGE OF TECHNOLOGY, MISSISSAUGA",MISSISSAUGA,L4Z1T2,SECURITY GUARDS TRAINING PROGRAM,Law and Public Safety,Security Guard/Private Investigator,Y,ND,ND,ND,ND,ND,ND
214716,EPIC COLLEGE OF TECHNOLOGY INC.,108580,"EPIC COLLEGE OF TECHNOLOGY, MISSISSAUGA",MISSISSAUGA,L4Z1T2,SOFTWARE DEVELOPMENT DIPLOMA,Computer and Information Technology,Information Technology,Y,SS,SS,SS,SS,ND,ND
214934,MCFRIAS CONSULTING INC.,+,+,,,+,,,Y,0.47,0.50,0.50,1.00,ND,ND
214934,MCFRIAS CONSULTING INC.,108540,"METROCARE HEALTH ACADEMY, NORTH YORK",NORTH YORK,M2M3X4,+,,,Y,0.47,0.50,0.50,1.00,ND,ND
214934,MCFRIAS CONSULTING INC.,108540,"METROCARE HEALTH ACADEMY, NORTH YORK",NORTH YORK,M2M3X4,NACC PERSONAL SUPPORT WORKER,Health Services,Personal Support Worker/Personal Attendant,Y,0.47,0.50,0.50,1.00,ND,ND
215501,LONDON LANGUAGE INSTITUTE INC.,+,+,,,+,,,Y,SS,ND,ND,ND,ND,ND
215501,LONDON LANGUAGE INSTITUTE INC.,108381,"LONDON LANGUAGE INSTITUTE INC., LONDON",LONDON,N6A1M6,+,,,Y,SS,ND,ND,ND,ND,ND
215501,LONDON LANGUAGE INSTITUTE INC.,108381,"LONDON LANGUAGE INSTITUTE INC., LONDON",LONDON,N6A1M6,DIPLOMA IN SOFTWARE DEVELOPMENT AND TECHNOLOGY ENTREPRENEURSHIP,Computer and Information Technology,Other - Information Technology,Y,SS,ND,ND,ND,ND,ND
217140,"FUTURES CANADIAN COLLEGE OF BUSINESS, HEALTH & TECHNOLOGY INC.",+,+,,,+,,,Y,0.50,SS,SS,SS,ND,ND
217140,"FUTURES CANADIAN COLLEGE OF BUSINESS, HEALTH & TECHNOLOGY INC.",108720,"FUTURES CANADIAN COLLEGE OF BUSINESS, HEALTH  AND TECHNOLOGY, MISSISSAUGA",MISSISSAUGA,L5C4P9,+,,,Y,0.50,SS,SS,SS,ND,ND
217140,"FUTURES CANADIAN COLLEGE OF BUSINESS, HEALTH & TECHNOLOGY INC.",108720,"FUTURES CANADIAN COLLEGE OF BUSINESS, HEALTH  AND TECHNOLOGY, MISSISSAUGA",MISSISSAUGA,L5C4P9,EARLY CHILDCARE ASSISTANT,Human Services,Early Childhood Assistant,Y,SS,ND,ND,ND,ND,ND
217140,"FUTURES CANADIAN COLLEGE OF BUSINESS, HEALTH & TECHNOLOGY INC.",108720,"FUTURES CANADIAN COLLEGE OF BUSINESS, HEALTH  AND TECHNOLOGY, MISSISSAUGA",MISSISSAUGA,L5C4P9,ESTHETICS,Human Services,Esthetics/Medical Esthetics,Y,ND,ND,ND,ND,ND,ND
217140,"FUTURES CANADIAN COLLEGE OF BUSINESS, HEALTH & TECHNOLOGY INC.",108720,"FUTURES CANADIAN COLLEGE OF BUSINESS, HEALTH  AND TECHNOLOGY, MISSISSAUGA",MISSISSAUGA,L5C4P9,NACC PSW 2015,Health Services,Personal Support Worker/Personal Attendant,Y,SS,SS,SS,SS,ND,ND
217140,"FUTURES CANADIAN COLLEGE OF BUSINESS, HEALTH & TECHNOLOGY INC.",108720,"FUTURES CANADIAN COLLEGE OF BUSINESS, HEALTH  AND TECHNOLOGY, MISSISSAUGA",MISSISSAUGA,L5C4P9,PERSONAL SUPPORT WORKER DISTANCE EDUCATION,Health Services,Personal Support Worker/Personal Attendant,Y,SS,SS,SS,SS,ND,ND
218080,RUPU XIAO,+,+,,,+,,,Y,0.83,0.80,0.60,1.00,ND,ND
218080,RUPU XIAO,109140,"CERTCANA SYSTEMS INSTITUTE, SCARBOROUGH",SCARBOROUGH,M1K2P5,+,,,Y,0.83,0.80,0.60,1.00,ND,ND
218080,RUPU XIAO,109140,"CERTCANA SYSTEMS INSTITUTE, SCARBOROUGH",SCARBOROUGH,M1K2P5,COMPUTER NETWORK TECHNICIAN (40 WEEKS)*,Computer and Information Technology,Other - Information Technology,Y,0.83,See combined program results below,See combined program results below,See combined program results below,See combined program results below,ND
218080,RUPU XIAO,109140,"CERTCANA SYSTEMS INSTITUTE, SCARBOROUGH",SCARBOROUGH,M1K2P5,COMPUTER NETWORK TECHNICIAN (56 WEEKS)*,Computer and Information Technology,Other - Information Technology,Y,0.75,See combined program results below,See combined program results below,See combined program results below,See combined program results below,ND
218080,RUPU XIAO,109140,"CERTCANA SYSTEMS INSTITUTE, SCARBOROUGH",SCARBOROUGH,M1K2P5,COMPUTER NETWORK TECHNICIAN (COMBINED 40 WEEKS AND 56 WEEKS)**,Computer and Information Technology,Other - Information Technology,Y,See program results above,1.00,1.00,1.00,ND,See program results above
218080,RUPU XIAO,109140,"CERTCANA SYSTEMS INSTITUTE, SCARBOROUGH",SCARBOROUGH,M1K2P5,TAX AND ACCOUNTING (36 WEEKS)*,Business,Accounting,Y,SS,See combined program results below,See combined program results below,See combined program results below,See combined program results below,ND
218080,RUPU XIAO,109140,"CERTCANA SYSTEMS INSTITUTE, SCARBOROUGH",SCARBOROUGH,M1K2P5,TAX AND ACCOUNTING (50 WEEKS)*,Business,Accounting,Y,0.88,See combined program results below,See combined program results below,See combined program results below,See combined program results below,ND
218080,RUPU XIAO,109140,"CERTCANA SYSTEMS INSTITUTE, SCARBOROUGH",SCARBOROUGH,M1K2P5,TAX AND ACCOUNTING (COMBINED 36 WEEKS AND 50 WEEKS)**,Business,Accounting,Y,See program results above,0.67,0.33,1.00,ND,See program results above
219062,SVS TRUCK TRAINING INC.,+,+,,,+,,,Y,1.00,0.33,0.33,1.00,ND,ND
219062,SVS TRUCK TRAINING INC.,109440,"SVS TRUCK TRAINING INC., STONEY CREEK",STONEY CREEK,L8E2P6,+,,,Y,1.00,0.33,0.33,1.00,ND,ND
219062,SVS TRUCK TRAINING INC.,109440,"SVS TRUCK TRAINING INC., STONEY CREEK",STONEY CREEK,L8E2P6,PROFESSIONAL TRUCK DRIVER TRAINING (MELT),Tractor-Trailer / Driver Licensing,A Class Truck Driver,Y,1.00,0.33,0.33,1.00,ND,ND
219666,INTERNATIONAL BEAUTY INSTITUTE INC.,+,+,,,+,,,Y,0.71,0.73,0.55,0.66,0.83,ND
219666,INTERNATIONAL BEAUTY INSTITUTE INC.,109380,"INTERNATIONAL BEAUTY INSTITUTE INC., MISSISSAUGA",MISSISSAUGA,L4X2T8,+,,,Y,0.78,0.83,0.60,0.65,1.00,ND
219666,INTERNATIONAL BEAUTY INSTITUTE INC.,109380,"INTERNATIONAL BEAUTY INSTITUTE INC., MISSISSAUGA",MISSISSAUGA,L4X2T8,ADVANCED MEDI-SPA THERAPIST DIPLOMA (DE),Human Services,Esthetics/Medical Esthetics,Y,SS,SS,SS,1.00,ND,ND
219666,INTERNATIONAL BEAUTY INSTITUTE INC.,109380,"INTERNATIONAL BEAUTY INSTITUTE INC., MISSISSAUGA",MISSISSAUGA,L4X2T8,ADVANCED MEDI-SPA THERAPIST DIPLOMA F/T,Human Services,Esthetics/Medical Esthetics,Y,0.92,0.89,0.67,0.46,1.00,ND
219666,INTERNATIONAL BEAUTY INSTITUTE INC.,109380,"INTERNATIONAL BEAUTY INSTITUTE INC., MISSISSAUGA",MISSISSAUGA,L4X2T8,ADVANCED MEDI-SPA THERAPIST DIPLOMA P/T,Human Services,Esthetics/Medical Esthetics,Y,0.67,0.80,0.60,0.50,ND,ND
219666,INTERNATIONAL BEAUTY INSTITUTE INC.,109380,"INTERNATIONAL BEAUTY INSTITUTE INC., MISSISSAUGA",MISSISSAUGA,L4X2T8,ADVANCED SKINCARE SPECIALIST DIPLOMA (DE),Human Services,Esthetics/Medical Esthetics,Y,0.56,0.50,0.30,0.58,ND,ND
219666,INTERNATIONAL BEAUTY INSTITUTE INC.,109380,"INTERNATIONAL BEAUTY INSTITUTE INC., MISSISSAUGA",MISSISSAUGA,L4X2T8,ADVANCED SKINCARE SPECIALIST DIPLOMA,Human Services,Esthetics/Medical Esthetics,Y,0.72,0.85,0.62,0.71,1.00,ND
219666,INTERNATIONAL BEAUTY INSTITUTE INC.,109380,"INTERNATIONAL BEAUTY INSTITUTE INC., MISSISSAUGA",MISSISSAUGA,L4X2T8,LASER TECHNICIAN DIPLOMA (DE),Human Services,Esthetics/Medical Esthetics,Y,0.92,1.00,0.33,0.50,ND,ND
219666,INTERNATIONAL BEAUTY INSTITUTE INC.,109380,"INTERNATIONAL BEAUTY INSTITUTE INC., MISSISSAUGA",MISSISSAUGA,L4X2T8,LASER TECHNICIAN DIPLOMA P/T,Human Services,Esthetics/Medical Esthetics,Y,0.89,0.86,0.57,0.63,ND,ND
219666,INTERNATIONAL BEAUTY INSTITUTE INC.,109380,"INTERNATIONAL BEAUTY INSTITUTE INC., MISSISSAUGA",MISSISSAUGA,L4X2T8,LASER TECHNICIAN DIPLOMA,Human Services,Esthetics/Medical Esthetics,Y,0.50,SS,SS,SS,ND,ND
219666,INTERNATIONAL BEAUTY INSTITUTE INC.,109380,"INTERNATIONAL BEAUTY INSTITUTE INC., MISSISSAUGA",MISSISSAUGA,L4X2T8,MEDICAL AESTHETICS DIPLOMA (36 WEEKS)*,Human Services,Esthetics/Medical Esthetics,Y,0.87,See combined program results below,See combined program results below,See combined program results below,See combined program results below,ND
219666,INTERNATIONAL BEAUTY INSTITUTE INC.,109380,"INTERNATIONAL BEAUTY INSTITUTE INC., MISSISSAUGA",MISSISSAUGA,L4X2T8,MEDICAL AESTHETICS DIPLOMA (62 WEEKS)*,Human Services,Esthetics/Medical Esthetics,Y,0.50,See combined program results below,See combined program results below,See combined program results below,See combined program results below,ND
219666,INTERNATIONAL BEAUTY INSTITUTE INC.,109380,"INTERNATIONAL BEAUTY INSTITUTE INC., MISSISSAUGA",MISSISSAUGA,L4X2T8,MEDICAL AESTHETICS DIPLOMA (COMBINED 36 WEEKS AND 62 WEEKS)**,Human Services,Esthetics/Medical Esthetics,Y,See program results above,1.00,0.79,0.80,1.00,See program results above
219666,INTERNATIONAL BEAUTY INSTITUTE INC.,109380,"INTERNATIONAL BEAUTY INSTITUTE INC., MISSISSAUGA",MISSISSAUGA,L4X2T8,SPA THERAPIST DIPLOMA (DE),Human Services,Esthetics/Medical Esthetics,Y,SS,ND,ND,ND,ND,ND
219666,INTERNATIONAL BEAUTY INSTITUTE INC.,109380,"INTERNATIONAL BEAUTY INSTITUTE INC., MISSISSAUGA",MISSISSAUGA,L4X2T8,SPA THERAPIST DIPLOMA F/T,Human Services,Esthetics/Medical Esthetics,Y,SS,SS,SS,SS,ND,ND
219666,INTERNATIONAL BEAUTY INSTITUTE INC.,167355,"INTERNATIONAL BEAUTY INSTITUTE, HAMILTON",HAMILTON,L9C2Y4,+,,,Y,0.72,0.67,0.52,0.66,0.00,ND
219666,INTERNATIONAL BEAUTY INSTITUTE INC.,167355,"INTERNATIONAL BEAUTY INSTITUTE, HAMILTON",HAMILTON,L9C2Y4,ADVANCED MEDI-SPA THERAPIST DIPLOMA F/T,Human Services,Esthetics/Medical Esthetics,Y,0.84,0.50,0.25,0.79,ND,ND
219666,INTERNATIONAL BEAUTY INSTITUTE INC.,167355,"INTERNATIONAL BEAUTY INSTITUTE, HAMILTON",HAMILTON,L9C2Y4,ADVANCED MEDI-SPA THERAPIST DIPLOMA P/T,Human Services,Esthetics/Medical Esthetics,Y,1.00,1.00,1.00,1.00,ND,ND
219666,INTERNATIONAL BEAUTY INSTITUTE INC.,167355,"INTERNATIONAL BEAUTY INSTITUTE, HAMILTON",HAMILTON,L9C2Y4,ADVANCED SKINCARE SPECIALIST DIPLOMA (DE),Human Services,Esthetics/Medical Esthetics,Y,0.00,ND,ND,ND,ND,ND
219666,INTERNATIONAL BEAUTY INSTITUTE INC.,167355,"INTERNATIONAL BEAUTY INSTITUTE, HAMILTON",HAMILTON,L9C2Y4,ADVANCED SKINCARE SPECIALIST DIPLOMA,Human Services,Esthetics/Medical Esthetics,Y,0.38,0.60,0.60,0.40,ND,ND
219666,INTERNATIONAL BEAUTY INSTITUTE INC.,167355,"INTERNATIONAL BEAUTY INSTITUTE, HAMILTON",HAMILTON,L9C2Y4,LASER TECHNICIAN DIPLOMA P/T,Human Services,Esthetics/Medical Esthetics,Y,0.83,0.67,0.67,1.00,ND,ND
219666,INTERNATIONAL BEAUTY INSTITUTE INC.,167355,"INTERNATIONAL BEAUTY INSTITUTE, HAMILTON",HAMILTON,L9C2Y4,LASER TECHNICIAN DIPLOMA,Human Services,Esthetics/Medical Esthetics,Y,0.88,0.00,0.00,0.50,ND,ND
219666,INTERNATIONAL BEAUTY INSTITUTE INC.,167355,"INTERNATIONAL BEAUTY INSTITUTE, HAMILTON",HAMILTON,L9C2Y4,MEDICAL AESTHETICS DIPLOMA (28 WEEKS)*,Human Services,Esthetics/Medical Esthetics,Y,0.79,See combined program results below,See combined program results below,See combined program results below,See combined program results below,ND
219666,INTERNATIONAL BEAUTY INSTITUTE INC.,167355,"INTERNATIONAL BEAUTY INSTITUTE, HAMILTON",HAMILTON,L9C2Y4,MEDICAL AESTHETICS DIPLOMA (36 WEEKS)*,Human Services,Esthetics/Medical Esthetics,Y,0.85,See combined program results below,See combined program results below,See combined program results below,See combined program results below,ND
219666,INTERNATIONAL BEAUTY INSTITUTE INC.,167355,"INTERNATIONAL BEAUTY INSTITUTE, HAMILTON",HAMILTON,L9C2Y4,MEDICAL AESTHETICS DIPLOMA (62 WEEKS)*,Human Services,Esthetics/Medical Esthetics,Y,SS,See combined program results below,See combined program results below,See combined program results below,See combined program results below,ND
219666,INTERNATIONAL BEAUTY INSTITUTE INC.,167355,"INTERNATIONAL BEAUTY INSTITUTE, HAMILTON",HAMILTON,L9C2Y4,MEDICAL AESTHETICS DIPLOMA (COMBINED 28 WEEKS AND 36 WEEKS AND 62 WEEKS)**,Human Services,Esthetics/Medical Esthetics,Y,See program results above,0.82,0.64,0.58,ND,See program results above
219666,INTERNATIONAL BEAUTY INSTITUTE INC.,167355,"INTERNATIONAL BEAUTY INSTITUTE, HAMILTON",HAMILTON,L9C2Y4,SPA THERAPIST DIPLOMA F/T,Human Services,Esthetics/Medical Esthetics,Y,0.20,SS,SS,SS,0.00,ND
219666,INTERNATIONAL BEAUTY INSTITUTE INC.,203355,"INTERNATIONAL BEAUTY INSTITUTE, TORONTO",NORTH YORK,M3C3S2,+,,,Y,0.61,0.59,0.45,0.68,ND,ND
219666,INTERNATIONAL BEAUTY INSTITUTE INC.,203355,"INTERNATIONAL BEAUTY INSTITUTE, TORONTO",NORTH YORK,M3C3S2,ADVANCED MEDI-SPA THERAPIST DIPLOMA F/T,Human Services,Esthetics/Medical Esthetics,Y,0.46,0.00,0.00,0.75,ND,ND
219666,INTERNATIONAL BEAUTY INSTITUTE INC.,203355,"INTERNATIONAL BEAUTY INSTITUTE, TORONTO",NORTH YORK,M3C3S2,ADVANCED MEDI-SPA THERAPIST DIPLOMA P/T,Human Services,Esthetics/Medical Esthetics,Y,0.29,1.00,0.00,0.50,ND,ND
219666,INTERNATIONAL BEAUTY INSTITUTE INC.,203355,"INTERNATIONAL BEAUTY INSTITUTE, TORONTO",NORTH YORK,M3C3S2,ADVANCED SKINCARE SPECIALIST DIPLOMA (DE),Human Services,Esthetics/Medical Esthetics,Y,0.56,1.00,0.50,0.50,ND,ND
219666,INTERNATIONAL BEAUTY INSTITUTE INC.,203355,"INTERNATIONAL BEAUTY INSTITUTE, TORONTO",NORTH YORK,M3C3S2,ADVANCED SKINCARE SPECIALIST DIPLOMA,Human Services,Esthetics/Medical Esthetics,Y,0.59,1.00,0.50,0.75,ND,ND
219666,INTERNATIONAL BEAUTY INSTITUTE INC.,203355,"INTERNATIONAL BEAUTY INSTITUTE, TORONTO",NORTH YORK,M3C3S2,LASER TECHNICIAN DIPLOMA (DE),Human Services,Esthetics/Medical Esthetics,Y,0.83,0.00,0.00,1.00,ND,ND
219666,INTERNATIONAL BEAUTY INSTITUTE INC.,203355,"INTERNATIONAL BEAUTY INSTITUTE, TORONTO",NORTH YORK,M3C3S2,LASER TECHNICIAN DIPLOMA P/T,Human Services,Esthetics/Medical Esthetics,Y,0.78,0.33,0.33,0.33,ND,ND
219666,INTERNATIONAL BEAUTY INSTITUTE INC.,203355,"INTERNATIONAL BEAUTY INSTITUTE, TORONTO",NORTH YORK,M3C3S2,LASER TECHNICIAN DIPLOMA,Human Services,Esthetics/Medical Esthetics,Y,0.89,0.20,0.20,0.71,ND,ND
219666,INTERNATIONAL BEAUTY INSTITUTE INC.,203355,"INTERNATIONAL BEAUTY INSTITUTE, TORONTO",NORTH YORK,M3C3S2,MEDICAL AESTHETICS DIPLOMA (28 WEEKS)*,Human Services,Esthetics/Medical Esthetics,Y,SS,See combined program results below,See combined program results below,See combined program results below,See combined program results below,ND
219666,INTERNATIONAL BEAUTY INSTITUTE INC.,203355,"INTERNATIONAL BEAUTY INSTITUTE, TORONTO",NORTH YORK,M3C3S2,MEDICAL AESTHETICS DIPLOMA (36 WEEKS)*,Human Services,Esthetics/Medical Esthetics,Y,0.60,See combined program results below,See combined program results below,See combined program results below,See combined program results below,ND
219666,INTERNATIONAL BEAUTY INSTITUTE INC.,203355,"INTERNATIONAL BEAUTY INSTITUTE, TORONTO",NORTH YORK,M3C3S2,MEDICAL AESTHETICS DIPLOMA (62 WEEKS)*,Human Services,Esthetics/Medical Esthetics,Y,SS,See combined program results below,See combined program results below,See combined program results below,See combined program results below,ND
219666,INTERNATIONAL BEAUTY INSTITUTE INC.,203355,"INTERNATIONAL BEAUTY INSTITUTE, TORONTO",NORTH YORK,M3C3S2,MEDICAL AESTHETICS DIPLOMA (COMBINED 28 WEEKS AND 36 WEEKS AND 62 WEEKS)**,Human Services,Esthetics/Medical Esthetics,Y,See program results above,0.78,0.78,0.70,ND,See program results above
219666,INTERNATIONAL BEAUTY INSTITUTE INC.,203355,"INTERNATIONAL BEAUTY INSTITUTE, TORONTO",NORTH YORK,M3C3S2,SPA THERAPIST DIPLOMA F/T,Human Services,Esthetics/Medical Esthetics,Y,SS,SS,SS,SS,ND,ND
219827,THE SCHOOL OF DANCE (OTTAWA) PRE-PROFESSIONAL PROGRAMME INC.,+,+,,,+,,,Y,0.44,SS,SS,SS,1.00,ND
219827,THE SCHOOL OF DANCE (OTTAWA) PRE-PROFESSIONAL PROGRAMME INC.,109420,"THE SCHOOL OF DANCE, OTTAWA",OTTAWA,K1M1W2,+,,,Y,0.44,SS,SS,SS,1.00,ND
219827,THE SCHOOL OF DANCE (OTTAWA) PRE-PROFESSIONAL PROGRAMME INC.,109420,"THE SCHOOL OF DANCE, OTTAWA",OTTAWA,K1M1W2,CONTEMPORARY DANCE PROGRAMME/PROGRAMME DE DANSE CONTEMPORAINE,Applied Arts and Science,Performing Arts,Y,0.44,SS,SS,SS,1.00,ND
219912,2222225 ONTARIO INC.,+,+,,,+,,,Y,0.90,0.85,0.75,0.65,1.00,ND
219912,2222225 ONTARIO INC.,109360,"CANADIAN BEAUTY COLLEGE, NEWMARKET",NEWMARKET,L3Y8X7,+,,,Y,0.90,0.85,0.75,0.65,1.00,ND
219912,2222225 ONTARIO INC.,109360,"CANADIAN BEAUTY COLLEGE, NEWMARKET",NEWMARKET,L3Y8X7,HAIRSTYLING,Service Trade,Hairstylist,Y,0.71,0.90,0.90,0.70,1.00,ND
219912,2222225 ONTARIO INC.,109360,"CANADIAN BEAUTY COLLEGE, NEWMARKET",NEWMARKET,L3Y8X7,LASER TECHNICIAN,Human Services,Esthetics/Medical Esthetics,Y,0.90,ND,ND,ND,ND,ND
219912,2222225 ONTARIO INC.,109360,"CANADIAN BEAUTY COLLEGE, NEWMARKET",NEWMARKET,L3Y8X7,MAKEUP ARTIST (PT),Human Services,Esthetics/Medical Esthetics,Y,1.00,1.00,1.00,0.67,ND,ND
219912,2222225 ONTARIO INC.,109360,"CANADIAN BEAUTY COLLEGE, NEWMARKET",NEWMARKET,L3Y8X7,MEDICAL AESTHETICS DIPLOMA,Human Services,Esthetics/Medical Esthetics,Y,1.00,0.78,0.56,0.60,ND,ND
221068,DOGPORT ACADEMY OF DOG GROOMING,+,+,,,+,,,Y,1.00,0.93,0.79,0.93,0.00,ND
221068,DOGPORT ACADEMY OF DOG GROOMING,110060,"DOGPORT ACADEMY OF DOG GROOMING, WOODSTOCK",WOODSTOCK,N4S1E7,+,,,Y,1.00,0.93,0.79,0.93,0.00,ND
221068,DOGPORT ACADEMY OF DOG GROOMING,110060,"DOGPORT ACADEMY OF DOG GROOMING, WOODSTOCK",WOODSTOCK,N4S1E7,THE 240 HOUR ALL-BREED DOG GROOMING COURSE,Services,Animal Care,Y,1.00,0.93,0.79,0.93,0.00,ND
221810,2219876 ONTARIO LTD.,+,+,,,+,,,Y,0.90,0.68,0.53,0.86,1.00,ND
221810,2219876 ONTARIO LTD.,110080,"TORONTO INTERNATIONAL BUSINESS COLLEGE, TORONTO CENTRAL",TORONTO,M2R3W4,+,,,Y,1.00,0.75,0.75,1.00,ND,ND
221810,2219876 ONTARIO LTD.,110080,"TORONTO INTERNATIONAL BUSINESS COLLEGE, TORONTO CENTRAL",TORONTO,M2R3W4,COMMUNITY SERVICES WORKER,Community and Social Services,Community Services Worker,Y,SS,ND,ND,ND,ND,ND
221810,2219876 ONTARIO LTD.,110080,"TORONTO INTERNATIONAL BUSINESS COLLEGE, TORONTO CENTRAL",TORONTO,M2R3W4,EDUCATION ASSISTANT,Community and Social Services,Other - Community Services,Y,SS,SS,SS,SS,ND,ND
221810,2219876 ONTARIO LTD.,110080,"TORONTO INTERNATIONAL BUSINESS COLLEGE, TORONTO CENTRAL",TORONTO,M2R3W4,PERSONAL SUPPORT WORKER (NACC 2015),Health Services,Personal Support Worker/Personal Attendant,Y,ND,SS,SS,SS,ND,ND
221810,2219876 ONTARIO LTD.,110080,"TORONTO INTERNATIONAL BUSINESS COLLEGE, TORONTO CENTRAL",TORONTO,M2R3W4,PERSONAL SUPPORT WORKER,Health Services,Personal Support Worker/Personal Attendant,Y,1.00,ND,ND,ND,ND,ND
221810,2219876 ONTARIO LTD.,203991,"TORONTO INTERNATIONAL BUSINESS COLLEGE, TORONTO",TORONTO,M1B3V9,+,,,Y,0.90,0.68,0.52,0.86,1.00,0.05
221810,2219876 ONTARIO LTD.,203991,"TORONTO INTERNATIONAL BUSINESS COLLEGE, TORONTO",TORONTO,M1B3V9,ACCOUNTING AND PAYROLL ADMINISTRATION,Business,Accounting,Y,1.00,0.67,0.00,0.80,ND,ND
221810,2219876 ONTARIO LTD.,203991,"TORONTO INTERNATIONAL BUSINESS COLLEGE, TORONTO",TORONTO,M1B3V9,COMMUNITY SERVICES WORKER,Community and Social Services,Community Services Worker,Y,0.98,0.44,0.22,0.83,ND,ND
221810,2219876 ONTARIO LTD.,203991,"TORONTO INTERNATIONAL BUSINESS COLLEGE, TORONTO",TORONTO,M1B3V9,COMPUTERIZED BUSINESS ACCOUNTING,Business,Accounting,Y,1.00,0.71,0.43,0.75,ND,ND
221810,2219876 ONTARIO LTD.,203991,"TORONTO INTERNATIONAL BUSINESS COLLEGE, TORONTO",TORONTO,M1B3V9,EARLY CHILDCARE ASSISTANT,Human Services,Early Childhood Assistant,Y,0.80,ND,ND,ND,ND,ND
221810,2219876 ONTARIO LTD.,203991,"TORONTO INTERNATIONAL BUSINESS COLLEGE, TORONTO",TORONTO,M1B3V9,EDUCATION ASSISTANT,Community and Social Services,Other - Community Services,Y,0.96,0.57,0.57,0.83,ND,ND
221810,2219876 ONTARIO LTD.,203991,"TORONTO INTERNATIONAL BUSINESS COLLEGE, TORONTO",TORONTO,M1B3V9,MEDICAL OFFICE ADMINISTRATION,Health Services,Medical Office Administration/Management,Y,1.00,0.60,0.20,0.80,ND,ND
221810,2219876 ONTARIO LTD.,203991,"TORONTO INTERNATIONAL BUSINESS COLLEGE, TORONTO",TORONTO,M1B3V9,OFFICE ADMINISTRATION PROFESSIONAL,Business,Office Administration,Y,1.00,0.50,0.50,1.00,ND,ND
221810,2219876 ONTARIO LTD.,203991,"TORONTO INTERNATIONAL BUSINESS COLLEGE, TORONTO",TORONTO,M1B3V9,PERSONAL SUPPORT WORKER (NACC 2015),Health Services,Personal Support Worker/Personal Attendant,Y,0.84,0.80,0.64,0.89,1.00,ND
222109,NEW PUNJAB TRUCK & FORKLIFT TRAINING SCHOOL INC,+,+,,,+,,,Y,0.98,0.92,0.75,0.92,1.00,ND
222109,NEW PUNJAB TRUCK & FORKLIFT TRAINING SCHOOL INC,115991,"NEW PUNJAB TRUCK & FORKLIFT TRAINING SCHOOL INC, MISSISSAUGA",MISSISSAUGA,L4W4N9,+,,,Y,0.98,0.92,0.75,0.92,1.00,ND
222109,NEW PUNJAB TRUCK & FORKLIFT TRAINING SCHOOL INC,115991,"NEW PUNJAB TRUCK & FORKLIFT TRAINING SCHOOL INC, MISSISSAUGA",MISSISSAUGA,L4W4N9,COMMERCIAL TRANSPORT TRAINING PROGRAM,Tractor-Trailer / Driver Licensing,A Class Truck Driver,Y,0.98,0.92,0.75,0.92,1.00,ND
222309,PAULINE IDA STAVNITSKY AND EDMUND ALBERT STAVNITZKY,+,+,,,+,,,Y,0.47,ND,ND,ND,ND,ND
222309,PAULINE IDA STAVNITSKY AND EDMUND ALBERT STAVNITZKY,110300,"EDGE ACADEMY, BURLINGTON",BURLINGTON,L7N3H8,+,,,Y,0.47,ND,ND,ND,ND,0.17
222309,PAULINE IDA STAVNITSKY AND EDMUND ALBERT STAVNITZKY,110300,"EDGE ACADEMY, BURLINGTON",BURLINGTON,L7N3H8,PERSONAL SUPPORT WORKER PART TIME,Health Services,Personal Support Worker/Personal Attendant,Y,SS,ND,ND,ND,ND,ND
222309,PAULINE IDA STAVNITSKY AND EDMUND ALBERT STAVNITZKY,110300,"EDGE ACADEMY, BURLINGTON",BURLINGTON,L7N3H8,PERSONAL SUPPORT WORKER,Health Services,Personal Support Worker/Personal Attendant,Y,0.60,ND,ND,ND,ND,ND
222793,PET GROOMING STUDIO ACADEMY INC,+,+,,,+,,,Y,1.00,0.83,0.75,1.00,1.00,ND
222793,PET GROOMING STUDIO ACADEMY INC,110840,"PET GROOMING STUDIO ACADEMY, RICHMOND HILL",RICHMOND HILL,L4C1J9,+,,,Y,1.00,0.83,0.75,1.00,1.00,ND
222793,PET GROOMING STUDIO ACADEMY INC,110840,"PET GROOMING STUDIO ACADEMY, RICHMOND HILL",RICHMOND HILL,L4C1J9,PROFESSIONAL DOG GROOMING PART-1,Services,Animal Care,Y,1.00,0.75,0.63,1.00,1.00,ND
222793,PET GROOMING STUDIO ACADEMY INC,110840,"PET GROOMING STUDIO ACADEMY, RICHMOND HILL",RICHMOND HILL,L4C1J9,PROFESSIONAL DOG GROOMING PART-2,Services,Animal Care,Y,1.00,1.00,1.00,1.00,ND,ND
223770,1579630 ONTARIO INC.,+,+,,,+,,,Y,0.86,1.00,1.00,0.94,1.00,ND
223770,1579630 ONTARIO INC.,113171,"FLUFFY PAWS GROOMING SCHOOL, RICHMOND HILL",RICHMOND HILL,L4B3P7,+,,,Y,0.86,1.00,1.00,0.94,1.00,ND
223770,1579630 ONTARIO INC.,113171,"FLUFFY PAWS GROOMING SCHOOL, RICHMOND HILL",RICHMOND HILL,L4B3P7,PROFESSIONAL PET GROOMING,Services,Animal Care,Y,0.86,1.00,1.00,0.94,1.00,ND
224137,TARANIS TRAINING LTD.,+,+,,,+,,,Y,0.92,0.81,0.60,0.69,1.00,ND
224137,TARANIS TRAINING LTD.,110980,"TARANIS TRAINING LTD., THUNDER BAY",THUNDER BAY,P7E6W1,+,,,Y,0.92,0.81,0.60,0.69,1.00,ND
224137,TARANIS TRAINING LTD.,110980,"TARANIS TRAINING LTD., THUNDER BAY",THUNDER BAY,P7E6W1,HEAVY EQUIPMENT OPERATOR,Construction Trade,Heavy Equipment Operator,Y,0.92,0.62,0.43,0.58,1.00,ND
224137,TARANIS TRAINING LTD.,110980,"TARANIS TRAINING LTD., THUNDER BAY",THUNDER BAY,P7E6W1,TRACTOR-TRAILER (AZ),Tractor-Trailer / Driver Licensing,AZ Class Truck Driver,Y,0.88,1.00,0.85,0.83,1.00,ND
224137,TARANIS TRAINING LTD.,110980,"TARANIS TRAINING LTD., THUNDER BAY",THUNDER BAY,P7E6W1,TRACTOR-TRAILER (A-Z) DRIVER M.E.L.T.,Tractor-Trailer / Driver Licensing,AZ Class Truck Driver,Y,SS,SS,SS,SS,ND,ND
224137,TARANIS TRAINING LTD.,110980,"TARANIS TRAINING LTD., THUNDER BAY",THUNDER BAY,P7E6W1,TRUCK DRIVING (DZ),Tractor-Trailer / Driver Licensing,DZ Class Truck Driver,Y,1.00,1.00,0.67,0.67,ND,ND
227059,WINLOUGH INC,+,+,,,+,,,Y,0.81,0.54,0.15,0.95,ND,ND
227059,WINLOUGH INC,112951,"NEWCASTLE COLLEGE OF BUSINESS AND TECHNOLOGY, BRANTFORD",BRANTFORD,N3R7K2,+,,,Y,0.85,0.25,0.13,0.91,ND,ND
227059,WINLOUGH INC,112951,"NEWCASTLE COLLEGE OF BUSINESS AND TECHNOLOGY, BRANTFORD",BRANTFORD,N3R7K2,CERTIFICATE IN OFFICE ADMINISTRATION,Business,Business Administration,Y,0.99,0.25,0.13,0.91,ND,ND
227059,WINLOUGH INC,112951,"NEWCASTLE COLLEGE OF BUSINESS AND TECHNOLOGY, BRANTFORD",BRANTFORD,N3R7K2,CULINARY & HOSPITALITY OPERATIONS MANAGEMENT,Service Trade,Chef,Y,0.00,ND,ND,ND,ND,ND
227059,WINLOUGH INC,112951,"NEWCASTLE COLLEGE OF BUSINESS AND TECHNOLOGY, BRANTFORD",BRANTFORD,N3R7K2,POST GRADUATE DIPLOMA IN PROJECT MANAGEMENT,Business,Project Administration/Management,Y,0.00,ND,ND,ND,ND,ND
227059,WINLOUGH INC,204545,"NEWCASTLE COLLEGE OF BUSINESS AND TECHNOLOGY, 227059",MISSISSAUGA,L4T4H4,+,,,Y,0.79,1.00,0.20,1.00,ND,ND
227059,WINLOUGH INC,204545,"NEWCASTLE COLLEGE OF BUSINESS AND TECHNOLOGY, 227059",MISSISSAUGA,L4T4H4,CERTIFICATE IN OFFICE ADMINISTRATION,Business,Business Administration,Y,1.00,1.00,0.20,1.00,ND,ND
227059,WINLOUGH INC,204545,"NEWCASTLE COLLEGE OF BUSINESS AND TECHNOLOGY, 227059",MISSISSAUGA,L4T4H4,POST GRADUATE DIPLOMA IN PROJECT MANAGEMENT,Business,Project Administration/Management,Y,0.00,ND,ND,ND,ND,ND
227241,1049678 ONTARIO LTD.,+,+,,,+,,,Y,1.00,0.90,0.70,0.70,1.00,ND
227241,1049678 ONTARIO LTD.,113152,"CANADA HEAVY EQUIPMENT COLLEGE, KITCHENER",CAMBRIDGE,N1R6J9,+,,,Y,1.00,0.90,0.70,0.70,1.00,ND
227241,1049678 ONTARIO LTD.,113152,"CANADA HEAVY EQUIPMENT COLLEGE, KITCHENER",CAMBRIDGE,N1R6J9,BACKHOE OPERATOR,Construction Trade,Heavy Equipment Operator,Y,SS,ND,ND,ND,ND,ND
227241,1049678 ONTARIO LTD.,113152,"CANADA HEAVY EQUIPMENT COLLEGE, KITCHENER",CAMBRIDGE,N1R6J9,HEAVY EQUIPMENT OPERATOR (HEO4),Construction Trade,Heavy Equipment Operator,Y,1.00,0.83,0.58,0.50,ND,ND
227241,1049678 ONTARIO LTD.,113152,"CANADA HEAVY EQUIPMENT COLLEGE, KITCHENER",CAMBRIDGE,N1R6J9,TRACTOR-TRAILER (AZ) MELT,Tractor-Trailer / Driver Licensing,AZ Class Truck Driver,Y,1.00,1.00,0.80,1.00,1.00,ND
227241,1049678 ONTARIO LTD.,113152,"CANADA HEAVY EQUIPMENT COLLEGE, KITCHENER",CAMBRIDGE,N1R6J9,TRACTOR-TRAILER (AZ),Tractor-Trailer / Driver Licensing,AZ Class Truck Driver,Y,SS,ND,ND,ND,ND,ND
227241,1049678 ONTARIO LTD.,113152,"CANADA HEAVY EQUIPMENT COLLEGE, KITCHENER",CAMBRIDGE,N1R6J9,TRANSPORTATION (AZ) AND CONSTRUCTION OPERATOR (AZ W HEO4),Tractor-Trailer / Driver Licensing,AZ Class Truck Driver Combined,Y,1.00,1.00,1.00,1.00,ND,ND
227483,ALPINE TRANSPORT SERVICE & TRUCK DRIVER TRAINING INC.,+,+,,,+,,,Y,0.50,0.50,0.33,0.67,ND,ND
227483,ALPINE TRANSPORT SERVICE & TRUCK DRIVER TRAINING INC.,113374,"ALPINE TRUCK DRIVER TRAINING, SCARBOROUGH",SCARBOROUGH,M1V3S2,+,,,Y,0.50,0.50,0.33,0.67,ND,ND
227483,ALPINE TRANSPORT SERVICE & TRUCK DRIVER TRAINING INC.,113374,"ALPINE TRUCK DRIVER TRAINING, SCARBOROUGH",SCARBOROUGH,M1V3S2,AZ PROGRAM,Tractor-Trailer / Driver Licensing,AZ Class Truck Driver,Y,0.46,0.50,0.50,0.50,ND,ND
227483,ALPINE TRANSPORT SERVICE & TRUCK DRIVER TRAINING INC.,113374,"ALPINE TRUCK DRIVER TRAINING, SCARBOROUGH",SCARBOROUGH,M1V3S2,DZ TRUCK DRIVER TRAINING,Tractor-Trailer / Driver Licensing,DZ Class Truck Driver,Y,SS,ND,ND,ND,ND,ND
227483,ALPINE TRANSPORT SERVICE & TRUCK DRIVER TRAINING INC.,113374,"ALPINE TRUCK DRIVER TRAINING, SCARBOROUGH",SCARBOROUGH,M1V3S2,TRACTOR-TRAILER MELT,Tractor-Trailer / Driver Licensing,A Class Truck Driver,Y,0.50,0.50,0.00,1.00,ND,ND
227640,SERVICE IN YOUR CITY INC,+,+,,,+,,,Y,0.52,0.79,0.65,0.89,1.00,ND
227640,SERVICE IN YOUR CITY INC,113532,"CITY COLLEGE OF BUSINESS HEALTH & TECHNOLOGY, TORONTO",TORONTO,M9M2Z2,+,,,Y,0.52,0.79,0.65,0.89,1.00,ND
227640,SERVICE IN YOUR CITY INC,113532,"CITY COLLEGE OF BUSINESS HEALTH & TECHNOLOGY, TORONTO",TORONTO,M9M2Z2,DEVELOPMENTAL SERVICES WORKER,Community and Social Services,Community Services Worker,Y,0.27,SS,SS,SS,1.00,ND
227640,SERVICE IN YOUR CITY INC,113532,"CITY COLLEGE OF BUSINESS HEALTH & TECHNOLOGY, TORONTO",TORONTO,M9M2Z2,NACC PSW 2015,Health Services,Personal Support Worker/Personal Attendant,Y,0.58,0.77,0.60,0.87,1.00,ND
227699,"FREEDOM COLLEGE OF BUSINESS, HEALTHCARE AND TECHNOLOGY INC.",+,+,,,+,,,Y,0.70,0.60,0.60,1.00,ND,ND
227699,"FREEDOM COLLEGE OF BUSINESS, HEALTHCARE AND TECHNOLOGY INC.",113610,"FREEDOM COLLEGE OF BUSINESS, HEALTHCARE AND TECHNOLOGY INC., TORONTO",TORONTO,M3M2H4,+,,,Y,0.70,0.60,0.60,1.00,ND,ND
227699,"FREEDOM COLLEGE OF BUSINESS, HEALTHCARE AND TECHNOLOGY INC.",113610,"FREEDOM COLLEGE OF BUSINESS, HEALTHCARE AND TECHNOLOGY INC., TORONTO",TORONTO,M3M2H4,DEVELOPMENTAL SERVICES WORKER,Services,Other - Services,Y,0.83,1.00,1.00,1.00,ND,ND
227699,"FREEDOM COLLEGE OF BUSINESS, HEALTHCARE AND TECHNOLOGY INC.",113610,"FREEDOM COLLEGE OF BUSINESS, HEALTHCARE AND TECHNOLOGY INC., TORONTO",TORONTO,M3M2H4,PERSONAL SUPPORT WORKER,Health Services,Personal Support Worker/Personal Attendant,Y,SS,SS,SS,SS,ND,ND
229625,TORONTO ACADEMY OF ACTING FOR FILM & TELEVISION INC.,+,+,,,+,,,Y,0.92,0.83,0.00,0.83,1.00,ND
229625,TORONTO ACADEMY OF ACTING FOR FILM & TELEVISION INC.,115596,"TORONTO ACADEMY OF ACTING FOR FILM & TELEVISION INC., TORONTO",TORONTO,M6K1Y9,+,,,Y,0.92,0.83,0.00,0.83,1.00,ND
229625,TORONTO ACADEMY OF ACTING FOR FILM & TELEVISION INC.,115596,"TORONTO ACADEMY OF ACTING FOR FILM & TELEVISION INC., TORONTO",TORONTO,M6K1Y9,ESSENTIALS FOR ACTING,Applied Arts and Science,Performing Arts,Y,0.92,0.83,0.00,0.83,1.00,ND
232119,ALPHA NUMERIC EDUCATION INC.,+,+,,,+,,,Y,0.62,0.67,0.67,1.00,ND,ND
232119,ALPHA NUMERIC EDUCATION INC.,118170,"EASTVIEW COLLEGE BUSINESS HEALTH TECHNOLOGY, BRAMPTON",BRAMPTON,L6W2B6,+,,,Y,0.62,0.67,0.67,1.00,ND,ND
232119,ALPHA NUMERIC EDUCATION INC.,118170,"EASTVIEW COLLEGE BUSINESS HEALTH TECHNOLOGY, BRAMPTON",BRAMPTON,L6W2B6,BUSINESS ADMINISTRATION- ACCOUNTING,Business,Business Management,Y,SS,ND,ND,ND,ND,ND
232119,ALPHA NUMERIC EDUCATION INC.,118170,"EASTVIEW COLLEGE BUSINESS HEALTH TECHNOLOGY, BRAMPTON",BRAMPTON,L6W2B6,BUSINESS ADMINISTRATION DIPLOMA,Business,Business Administration,Y,SS,ND,ND,ND,ND,ND
232119,ALPHA NUMERIC EDUCATION INC.,118170,"EASTVIEW COLLEGE BUSINESS HEALTH TECHNOLOGY, BRAMPTON",BRAMPTON,L6W2B6,PERSONAL SUPPORT WORKER,Health Services,Personal Support Worker/Personal Attendant,Y,0.43,0.67,0.67,1.00,ND,ND
232523,THE AESTHETICS COLLEGE OF CANADA LTD.,+,+,,,+,,,Y,0.93,1.00,0.57,0.43,1.00,ND
232523,THE AESTHETICS COLLEGE OF CANADA LTD.,118574,"CANADA EAST COLLEGE OF PROFESSIONAL STUDIES, VAUGHAN",VAUGHAN,L4L8A3,+,,,Y,0.93,1.00,0.57,0.43,1.00,ND
232523,THE AESTHETICS COLLEGE OF CANADA LTD.,118574,"CANADA EAST COLLEGE OF PROFESSIONAL STUDIES, VAUGHAN",VAUGHAN,L4L8A3,HAIRSTYLING,Service Trade,Hairstylist,Y,0.92,1.00,0.57,0.43,1.00,ND
232523,THE AESTHETICS COLLEGE OF CANADA LTD.,118574,"CANADA EAST COLLEGE OF PROFESSIONAL STUDIES, VAUGHAN",VAUGHAN,L4L8A3,MEDICAL AESTHETICS,Human Services,Esthetics/Medical Esthetics,Y,SS,ND,ND,ND,ND,ND
233899,7695403 CANADA INC.,+,+,,,+,,,Y,SS,0.80,0.40,0.80,1.00,ND
233899,7695403 CANADA INC.,119950,"TOP TOQUES INSTITUTE OF CULINARY EXCELLENCE, KITCHENER",KITCHENER,N2G3S7,+,,,Y,SS,0.80,0.40,0.80,1.00,ND
233899,7695403 CANADA INC.,119950,"TOP TOQUES INSTITUTE OF CULINARY EXCELLENCE, KITCHENER",KITCHENER,N2G3S7,COOK BASIC (PT),Service Trade,Chef,Y,ND,SS,SS,SS,ND,ND
233899,7695403 CANADA INC.,119950,"TOP TOQUES INSTITUTE OF CULINARY EXCELLENCE, KITCHENER",KITCHENER,N2G3S7,CULINARY MANAGEMENT,Service Trade,Chef,Y,SS,SS,SS,SS,1.00,ND
233899,7695403 CANADA INC.,119950,"TOP TOQUES INSTITUTE OF CULINARY EXCELLENCE, KITCHENER",KITCHENER,N2G3S7,PERSONAL CHEF DIPLOMA,Service Trade,Chef,Y,SS,SS,SS,SS,ND,ND
234022,MARY GRACE PORRAS LANCETA,+,+,,,+,,,Y,0.65,0.83,0.83,1.00,ND,ND
234022,MARY GRACE PORRAS LANCETA,120093,"CRD COLLEGE OF HEALTH CARE, MISSISSAUGA",MISSISSAUGA,L5B4M4,+,,,Y,0.65,0.83,0.83,1.00,ND,ND
234022,MARY GRACE PORRAS LANCETA,120093,"CRD COLLEGE OF HEALTH CARE, MISSISSAUGA",MISSISSAUGA,L5B4M4,PERSONAL SUPPORT WORKER - PT,Health Services,Personal Support Worker/Personal Attendant,Y,0.40,ND,ND,ND,ND,ND
234022,MARY GRACE PORRAS LANCETA,120093,"CRD COLLEGE OF HEALTH CARE, MISSISSAUGA",MISSISSAUGA,L5B4M4,PERSONAL SUPPORT WORKER (24 WEEKS)*,Health Services,Personal Support Worker/Personal Attendant,Y,0.80,See combined program results below,See combined program results below,See combined program results below,See combined program results below,ND
234022,MARY GRACE PORRAS LANCETA,120093,"CRD COLLEGE OF HEALTH CARE, MISSISSAUGA",MISSISSAUGA,L5B4M4,PERSONAL SUPPORT WORKER (46 WEEKS)*,Health Services,Personal Support Worker/Personal Attendant,Y,SS,See combined program results below,See combined program results below,See combined program results below,See combined program results below,ND
234022,MARY GRACE PORRAS LANCETA,120093,"CRD COLLEGE OF HEALTH CARE, MISSISSAUGA",MISSISSAUGA,L5B4M4,PERSONAL SUPPORT WORKER (COMBINED 24 WEEKS AND 46 WEEKS)**,Health Services,Personal Support Worker/Personal Attendant,Y,See program results above,0.83,0.83,1.00,ND,See program results above
237841,INSIGHT ADVANTAGE INC,+,+,,,+,,,Y,SS,0.80,0.00,0.90,ND,ND
237841,INSIGHT ADVANTAGE INC,123932,"INSIGHT ADVANTAGE INC, WINDSOR",WINDSOR,N8X2S1,+,,,Y,SS,0.80,0.00,0.90,ND,ND
237841,INSIGHT ADVANTAGE INC,123932,"INSIGHT ADVANTAGE INC, WINDSOR",WINDSOR,N8X2S1,SECURITY GUARD TRAINING,Law and Public Safety,Law Enforcement/Police Foundations,Y,SS,0.80,0.00,0.90,ND,ND
238244,SAINT ELIZABETH HEALTH CARE,+,+,,,+,,,Y,ND,SS,SS,SS,ND,ND
238244,SAINT ELIZABETH HEALTH CARE,159978,"SE CAREER COLLEGE OF HEALTH, KINGSTON CAMPUS",KINGSTON,K7M8S8,+,,,Y,ND,SS,SS,SS,ND,ND
238244,SAINT ELIZABETH HEALTH CARE,159978,"SE CAREER COLLEGE OF HEALTH, KINGSTON CAMPUS",KINGSTON,K7M8S8,PERSONAL SUPPORT WORKER 2022,Health Services,Personal Support Worker/Personal Attendant,Y,ND,SS,SS,SS,ND,ND
238368,6868088 CANADA INC.,+,+,,,+,,,Y,1.00,0.87,0.59,0.83,1.00,ND
238368,6868088 CANADA INC.,124439,"BEST CANADIAN TRUCK AND FORKLIFT TRAINING CENTRE, BRAMPTON",BRAMPTON,L6S5X8,+,,,Y,1.00,0.87,0.59,0.83,1.00,ND
238368,6868088 CANADA INC.,124439,"BEST CANADIAN TRUCK AND FORKLIFT TRAINING CENTRE, BRAMPTON",BRAMPTON,L6S5X8,TRACTOR TRAILER AZ PROGRAM (5 WEEKS)*,Tractor-Trailer / Driver Licensing,AZ Class Truck Driver,Y,1.00,See combined program results below,See combined program results below,See combined program results below,See combined program results below,ND
238368,6868088 CANADA INC.,124439,"BEST CANADIAN TRUCK AND FORKLIFT TRAINING CENTRE, BRAMPTON",BRAMPTON,L6S5X8,TRACTOR TRAILER AZ PROGRAM (8 WEEKS)*,Tractor-Trailer / Driver Licensing,AZ Class Truck Driver,Y,1.00,See combined program results below,See combined program results below,See combined program results below,See combined program results below,ND
238368,6868088 CANADA INC.,124439,"BEST CANADIAN TRUCK AND FORKLIFT TRAINING CENTRE, BRAMPTON",BRAMPTON,L6S5X8,TRACTOR TRAILER AZ PROGRAM (COMBINED 5 WEEKS AND 8 WEEKS)**,Tractor-Trailer / Driver Licensing,AZ Class Truck Driver,Y,See program results above,0.87,0.59,0.83,1.00,See program results above
238744,2265845 ONTARIO INC.,+,+,,,+,,,Y,0.88,ND,ND,ND,ND,ND
238744,2265845 ONTARIO INC.,124815,"CANADIAN BEAUTY COLLEGE, TORONTO",TORONTO,M6A3B4,+,,,Y,0.88,ND,ND,ND,ND,ND
238744,2265845 ONTARIO INC.,124815,"CANADIAN BEAUTY COLLEGE, TORONTO",TORONTO,M6A3B4,LASER TECHNICIAN (P/T),Human Services,Esthetics/Medical Esthetics,Y,SS,ND,ND,ND,ND,ND
238744,2265845 ONTARIO INC.,124815,"CANADIAN BEAUTY COLLEGE, TORONTO",TORONTO,M6A3B4,LASER TECHNICIAN,Human Services,Esthetics/Medical Esthetics,Y,0.92,ND,ND,ND,ND,ND
238744,2265845 ONTARIO INC.,124815,"CANADIAN BEAUTY COLLEGE, TORONTO",TORONTO,M6A3B4,MAKEUP ARTIST (P/T),Human Services,Cosmetology/Make-up Application,Y,0.96,ND,ND,ND,ND,ND
238744,2265845 ONTARIO INC.,124815,"CANADIAN BEAUTY COLLEGE, TORONTO",TORONTO,M6A3B4,MEDICAL AESTHETICS DIPLOMA,Human Services,Esthetics/Medical Esthetics,Y,0.79,ND,ND,ND,ND,ND
241643,1865787 ONTARIO LTD,+,+,,,+,,,Y,0.68,0.77,0.69,0.64,ND,ND
241643,1865787 ONTARIO LTD,127754,"CANNORTH COLLEGE OF HEALTH, BUSINESS, AND TECHNOLOGY, MARKHAM",MARKHAM,L3R9Y7,+,,,Y,0.68,0.77,0.69,0.64,ND,ND
241643,1865787 ONTARIO LTD,127754,"CANNORTH COLLEGE OF HEALTH, BUSINESS, AND TECHNOLOGY, MARKHAM",MARKHAM,L3R9Y7,COMMUNITY SERVICE WORKER,Community and Social Services,Community Services Worker,Y,0.89,ND,ND,ND,ND,ND
241643,1865787 ONTARIO LTD,127754,"CANNORTH COLLEGE OF HEALTH, BUSINESS, AND TECHNOLOGY, MARKHAM",MARKHAM,L3R9Y7,COMPUTER SYSTEM AND NETWORK SPECIALIST,Computer and Information Technology,Information Technology,Y,SS,SS,SS,SS,ND,ND
241643,1865787 ONTARIO LTD,127754,"CANNORTH COLLEGE OF HEALTH, BUSINESS, AND TECHNOLOGY, MARKHAM",MARKHAM,L3R9Y7,COMPUTERIZED ACCOUNTING AND PAYROLL,Business,Accounting,Y,0.67,0.50,0.50,0.00,ND,ND
241643,1865787 ONTARIO LTD,127754,"CANNORTH COLLEGE OF HEALTH, BUSINESS, AND TECHNOLOGY, MARKHAM",MARKHAM,L3R9Y7,DEVELOPMENTAL SERVICE WORKER,Community and Social Services,Community Services Worker,Y,0.33,ND,ND,ND,ND,ND
241643,1865787 ONTARIO LTD,127754,"CANNORTH COLLEGE OF HEALTH, BUSINESS, AND TECHNOLOGY, MARKHAM",MARKHAM,L3R9Y7,EARLY CHILDHOOD ASSISTANT,Human Services,Early Childhood Assistant,Y,0.81,0.78,0.67,0.64,ND,ND
241643,1865787 ONTARIO LTD,127754,"CANNORTH COLLEGE OF HEALTH, BUSINESS, AND TECHNOLOGY, MARKHAM",MARKHAM,L3R9Y7,HOSPITALITY OPERATIONS,Services,Travel and Tourism,Y,0.29,ND,ND,ND,ND,ND
241643,1865787 ONTARIO LTD,127754,"CANNORTH COLLEGE OF HEALTH, BUSINESS, AND TECHNOLOGY, MARKHAM",MARKHAM,L3R9Y7,MEDICAL OFFICE ADMINISTRATOR,Health Services,Medical Office Administration/Management,Y,SS,ND,ND,ND,ND,ND
241643,1865787 ONTARIO LTD,127754,"CANNORTH COLLEGE OF HEALTH, BUSINESS, AND TECHNOLOGY, MARKHAM",MARKHAM,L3R9Y7,PERSONAL SUPPORT WORKER,Health Services,Personal Support Worker/Personal Attendant,Y,SS,SS,SS,SS,ND,ND
242707,SCHOOL OF THE PHOTOGRAPHIC ARTS: OTTAWA,+,+,,,+,,,Y,0.69,0.00,0.00,1.00,ND,ND
242707,SCHOOL OF THE PHOTOGRAPHIC ARTS: OTTAWA,128858,"SCHOOL OF THE PHOTOGRAPHIC ARTS: OTTAWA, OTTAWA",OTTAWA,K1S3K7,+,,,Y,0.69,0.00,0.00,1.00,ND,ND
242707,SCHOOL OF THE PHOTOGRAPHIC ARTS: OTTAWA,128858,"SCHOOL OF THE PHOTOGRAPHIC ARTS: OTTAWA, OTTAWA",OTTAWA,K1S3K7,PHOTOGRAPHIC ARTS AND PRODUCTION,Applied Arts and Science,Illustration,Y,0.69,0.00,0.00,1.00,ND,ND
244084,WLIN TECHNOLOGY COMPANY LTD,+,+,,,+,,,Y,0.92,0.89,0.87,0.98,ND,ND
244084,WLIN TECHNOLOGY COMPANY LTD,130215,"CANADIAN SCITECH COLLEGE, MARKHAM",MARKHAM,L3R9V1,+,,,Y,0.92,0.89,0.87,0.98,ND,ND
244084,WLIN TECHNOLOGY COMPANY LTD,130215,"CANADIAN SCITECH COLLEGE, MARKHAM",MARKHAM,L3R9V1,ACCOUNTING AND PAYROLL ADMINISTRATOR PROGRAM,Business,Accounting and Payroll Administration,Y,1.00,0.80,0.80,1.00,ND,ND
244084,WLIN TECHNOLOGY COMPANY LTD,130215,"CANADIAN SCITECH COLLEGE, MARKHAM",MARKHAM,L3R9V1,CIVIL ENGINEERING DESIGN AND TECHNOLOGY,Service Trade,Other- Service Trade,Y,0.77,0.75,0.75,1.00,ND,ND
244084,WLIN TECHNOLOGY COMPANY LTD,130215,"CANADIAN SCITECH COLLEGE, MARKHAM",MARKHAM,L3R9V1,EARLY CHILDCARE ASSISTANT 1,Human Services,Early Childhood Assistant,Y,1.00,0.88,0.88,1.00,ND,ND
244084,WLIN TECHNOLOGY COMPANY LTD,130215,"CANADIAN SCITECH COLLEGE, MARKHAM",MARKHAM,L3R9V1,ELECTRICAL AND ELECTRONICS ENGINEERING DESIGN AND TECHNOLOGY,Service Trade,Electronic Service Technician,Y,1.00,1.00,1.00,1.00,ND,ND
244084,WLIN TECHNOLOGY COMPANY LTD,130215,"CANADIAN SCITECH COLLEGE, MARKHAM",MARKHAM,L3R9V1,NETWORK & TECHNICAL SUPPORT,Services,Other - Services,Y,1.00,0.90,0.80,0.90,ND,ND
244084,WLIN TECHNOLOGY COMPANY LTD,130215,"CANADIAN SCITECH COLLEGE, MARKHAM",MARKHAM,L3R9V1,PERSONAL SUPPORT WORKER,Health Services,Personal Support Worker/Personal Attendant,Y,SS,1.00,1.00,1.00,ND,ND
244226,DURHAM TRUCK & FORKLIFT DRIVING SCHOOL LTD.,+,+,,,+,,,Y,0.55,0.78,0.57,0.89,0.83,ND
244226,DURHAM TRUCK & FORKLIFT DRIVING SCHOOL LTD.,130357,"DURHAM TRUCK & FORKLIFT DRIVING SCHOOL LTD., PICKERING",PICKERING,L1V1B5,+,,,Y,0.55,0.78,0.57,0.89,0.83,ND
244226,DURHAM TRUCK & FORKLIFT DRIVING SCHOOL LTD.,130357,"DURHAM TRUCK & FORKLIFT DRIVING SCHOOL LTD., PICKERING",PICKERING,L1V1B5,TRACTOR-TRAILER MELT,Tractor-Trailer / Driver Licensing,A Class Truck Driver,Y,0.55,0.78,0.57,0.89,0.83,ND
245364,2330655 ONTARIO INC.,+,+,,,+,,,Y,0.11,SS,SS,SS,ND,ND
245364,2330655 ONTARIO INC.,131576,"CENTRAL COLLEGE OF BUSINESS & TECHNOLOGY, MISSISSAUGA",MISSISSAUGA,L5C4E9,+,,,Y,0.11,SS,SS,SS,ND,ND
245364,2330655 ONTARIO INC.,131576,"CENTRAL COLLEGE OF BUSINESS & TECHNOLOGY, MISSISSAUGA",MISSISSAUGA,L5C4E9,BUSINESS ADMINISTRATION,Business,Business Administration,Y,0.17,ND,ND,ND,ND,ND
245364,2330655 ONTARIO INC.,131576,"CENTRAL COLLEGE OF BUSINESS & TECHNOLOGY, MISSISSAUGA",MISSISSAUGA,L5C4E9,HOSPITALITY AND TOURISM MANAGEMENT,Business,Hospitality Administration/Management,Y,SS,SS,SS,SS,ND,ND
245364,2330655 ONTARIO INC.,131576,"CENTRAL COLLEGE OF BUSINESS & TECHNOLOGY, MISSISSAUGA",MISSISSAUGA,L5C4E9,PERSONAL SUPPORT WORKER,Health Services,Personal Support Worker/Personal Attendant,Y,SS,ND,ND,ND,ND,ND
245364,2330655 ONTARIO INC.,131576,"CENTRAL COLLEGE OF BUSINESS & TECHNOLOGY, MISSISSAUGA",MISSISSAUGA,L5C4E9,POST GRADUATE IN PROJECT MANAGEMENT,Business,Project Administration/Management,Y,ND,ND,ND,SS,ND,ND
246086,ANBA ABRAAM CHARITY,+,+,,,+,,,Y,0.82,0.81,0.62,0.76,1.00,ND
246086,ANBA ABRAAM CHARITY,132297,"MISSISSAUGA CAREER COLLEGE, MISSISSAUGA",MISSISSAUGA,L5N1A5,+,,,Y,0.82,0.81,0.62,0.76,1.00,ND
246086,ANBA ABRAAM CHARITY,132297,"MISSISSAUGA CAREER COLLEGE, MISSISSAUGA",MISSISSAUGA,L5N1A5,"COMPUTERIZED ACCOUNTING, TAX AND PAYROLL",Business,Accounting,Y,1.00,0.83,0.50,0.69,1.00,ND
246086,ANBA ABRAAM CHARITY,132297,"MISSISSAUGA CAREER COLLEGE, MISSISSAUGA",MISSISSAUGA,L5N1A5,MEDICAL OFFICE ASSISTANT,Health Services,Medical Office Administration/Management,Y,0.70,ND,ND,ND,ND,ND
246086,ANBA ABRAAM CHARITY,132297,"MISSISSAUGA CAREER COLLEGE, MISSISSAUGA",MISSISSAUGA,L5N1A5,NACC PSW 2015,Health Services,Personal Support Worker/Personal Attendant,Y,SS,0.79,0.71,0.81,1.00,ND
249544,TRANSBIZ INC.,+,+,,,+,,,Y,0.99,0.73,0.44,0.83,1.00,ND
249544,TRANSBIZ INC.,135875,"TRANSBIZ TRUCK TRAINING CENTRE, CMPS-135875",SCARBOROUGH,M1L2P5,+,,,Y,0.99,0.73,0.44,0.83,1.00,ND
249544,TRANSBIZ INC.,135875,"TRANSBIZ TRUCK TRAINING CENTRE, CMPS-135875",SCARBOROUGH,M1L2P5,TRACTOR AND TRAILER DRIVER PROGRAM,Tractor-Trailer / Driver Licensing,A Class Truck Driver,Y,0.99,0.73,0.44,0.83,1.00,ND
250064,YOUNG WOMEN'S CHRISTIAN ASSOCIATION OF GREATER TORONTO,+,+,,,+,,,Y,0.89,0.38,0.13,0.40,ND,ND
250064,YOUNG WOMEN'S CHRISTIAN ASSOCIATION OF GREATER TORONTO,136375,"YWCA EDUCATION AND TRAINING INSTITUTE, SCARBOROUGH",SCARBOROUGH,M1M1P2,+,,,Y,0.89,0.38,0.13,0.40,ND,ND
250064,YOUNG WOMEN'S CHRISTIAN ASSOCIATION OF GREATER TORONTO,136375,"YWCA EDUCATION AND TRAINING INSTITUTE, SCARBOROUGH",SCARBOROUGH,M1M1P2,ADMINISTRATIVE CLERK CERTIFICATE,Business,Office Administration,Y,0.89,0.38,0.13,0.40,ND,ND
251023,2050177 ONTARIO LIMITED,+,+,,,+,,,Y,1.00,0.70,0.38,0.81,ND,ND
251023,2050177 ONTARIO LIMITED,137354,AD TRUCK DRIVING SCHOOL,MISSISSAUGA,L5S0A2,+,,,Y,1.00,0.70,0.38,0.81,ND,ND
251023,2050177 ONTARIO LIMITED,137354,AD TRUCK DRIVING SCHOOL,MISSISSAUGA,L5S0A2,AZ TRACTOR-TRAILER (MELT),Tractor-Trailer / Driver Licensing,AZ Class Truck Driver,Y,1.00,0.70,0.38,0.81,ND,ND
251164,PEAK HEALTHCARE PRIVATE COLLEGE INC,+,+,,,+,,,Y,0.27,0.82,0.75,1.00,1.00,ND
251164,PEAK HEALTHCARE PRIVATE COLLEGE INC,137495,"PEAK HEALTHCARE PRIVATE COLLEGE, TORONTO",TORONTO,M3K2A2,+,,,Y,0.27,0.82,0.75,1.00,1.00,ND
251164,PEAK HEALTHCARE PRIVATE COLLEGE INC,137495,"PEAK HEALTHCARE PRIVATE COLLEGE, TORONTO",TORONTO,M3K2A2,DEVELOPMENTAL SERVICES WORKER (P/T PROGRAM),Health Services,Other - Health Services,Y,0.38,ND,ND,ND,ND,ND
251164,PEAK HEALTHCARE PRIVATE COLLEGE INC,137495,"PEAK HEALTHCARE PRIVATE COLLEGE, TORONTO",TORONTO,M3K2A2,FOOD SERVICE WORKER,Services,Other - Services,Y,0.57,ND,ND,ND,ND,ND
251164,PEAK HEALTHCARE PRIVATE COLLEGE INC,137495,"PEAK HEALTHCARE PRIVATE COLLEGE, TORONTO",TORONTO,M3K2A2,NACC PERSONAL SUPPORT WORKER 2022,Health Services,Personal Support Worker/Personal Attendant,Y,SS,ND,ND,ND,ND,ND
251164,PEAK HEALTHCARE PRIVATE COLLEGE INC,137495,"PEAK HEALTHCARE PRIVATE COLLEGE, TORONTO",TORONTO,M3K2A2,NACC PSW 2015 (P/T),Health Services,Personal Support Worker/Personal Attendant,Y,0.23,0.81,0.73,1.00,1.00,ND
251164,PEAK HEALTHCARE PRIVATE COLLEGE INC,137495,"PEAK HEALTHCARE PRIVATE COLLEGE, TORONTO",TORONTO,M3K2A2,PERSONAL SUPPORT WORKER BRIDGING,Health Services,Personal Support Worker/Personal Attendant,Y,0.19,SS,SS,SS,ND,ND
254304,ONTARIO COLLEGE OF BUSINESS & LAW CORP.,+,+,,,+,,,Y,0.79,0.75,0.13,0.80,1.00,ND
254304,ONTARIO COLLEGE OF BUSINESS & LAW CORP.,140715,"ONTARIO COLLEGE OF BUSINESS & TECHNOLOGY, MISSISSAUGA",MISSISSAUGA,L4T4J3,+,,,Y,0.79,0.75,0.13,0.80,1.00,ND
254304,ONTARIO COLLEGE OF BUSINESS & LAW CORP.,140715,"ONTARIO COLLEGE OF BUSINESS & TECHNOLOGY, MISSISSAUGA",MISSISSAUGA,L4T4J3,ADMINISTRATIVE ASSISTANT DIPLOMA,Business,Office Administration,Y,0.84,0.75,0.13,0.80,1.00,ND
254304,ONTARIO COLLEGE OF BUSINESS & LAW CORP.,140715,"ONTARIO COLLEGE OF BUSINESS & TECHNOLOGY, MISSISSAUGA",MISSISSAUGA,L4T4J3,GLOBAL BUSINESS ADMINISTRATION - WORK STUDY,Business,Business Administration,Y,SS,ND,ND,ND,ND,ND
254304,ONTARIO COLLEGE OF BUSINESS & LAW CORP.,140715,"ONTARIO COLLEGE OF BUSINESS & TECHNOLOGY, MISSISSAUGA",MISSISSAUGA,L4T4J3,GLOBAL BUSINESS ADMINISTRATION,Business,Business Administration,Y,0.57,ND,ND,ND,ND,ND
254643,TORONTO SCHOOL OF MANAGEMENT INC.,+,+,,,+,,,Y,0.56,0.73,0.48,0.64,1.00,ND
254643,TORONTO SCHOOL OF MANAGEMENT INC.,141054,"TORONTO SCHOOL OF MANAGEMENT, TORONTO",TORONTO,M5G1K2,+,,,Y,0.56,0.73,0.48,0.64,1.00,ND
254643,TORONTO SCHOOL OF MANAGEMENT INC.,141054,"TORONTO SCHOOL OF MANAGEMENT, TORONTO",TORONTO,M5G1K2,ADVANCED DIPLOMA IN HOSPITALITY AND TOURISM MANAGEMENT CO-OP,Business,Hospitality Administration/Management,Y,0.45,0.79,0.71,0.69,1.00,ND
254643,TORONTO SCHOOL OF MANAGEMENT INC.,141054,"TORONTO SCHOOL OF MANAGEMENT, TORONTO",TORONTO,M5G1K2,ADVANCED DIPLOMA IN HOSPITALITY AND TOURISM MANAGEMENT PROGRAM,Business,Hospitality Administration/Management,Y,SS,ND,ND,ND,ND,ND
254643,TORONTO SCHOOL OF MANAGEMENT INC.,141054,"TORONTO SCHOOL OF MANAGEMENT, TORONTO",TORONTO,M5G1K2,BUSINESS ADMINISTRATION CO-OP,Business,Business Administration,Y,0.65,0.67,0.53,0.63,1.00,ND
254643,TORONTO SCHOOL OF MANAGEMENT INC.,141054,"TORONTO SCHOOL OF MANAGEMENT, TORONTO",TORONTO,M5G1K2,BUSINESS MANAGEMENT CO-OP,Business,Other - Business,Y,0.33,0.83,0.56,0.62,1.00,ND
254643,TORONTO SCHOOL OF MANAGEMENT INC.,141054,"TORONTO SCHOOL OF MANAGEMENT, TORONTO",TORONTO,M5G1K2,BUSINESS MANAGEMENT PROGRAM,Business,Other - Business,Y,SS,SS,SS,SS,ND,ND
254643,TORONTO SCHOOL OF MANAGEMENT INC.,141054,"TORONTO SCHOOL OF MANAGEMENT, TORONTO",TORONTO,M5G1K2,CERTIFICATE IN BUSINESS ESSENTIALS CO-OP,Business,Office Administration,Y,0.64,0.75,0.55,0.60,ND,ND
254643,TORONTO SCHOOL OF MANAGEMENT INC.,141054,"TORONTO SCHOOL OF MANAGEMENT, TORONTO",TORONTO,M5G1K2,CERTIFICATE IN CUSTOMER SERVICE EXCELLENCE CO-OP,Business,Other - Business,Y,0.53,0.33,0.33,1.00,ND,ND
254643,TORONTO SCHOOL OF MANAGEMENT INC.,141054,"TORONTO SCHOOL OF MANAGEMENT, TORONTO",TORONTO,M5G1K2,CERTIFICATE IN GENERAL BUSINESS MANAGEMENT,Business,Other - Business,Y,0.93,0.68,0.26,0.75,1.00,ND
254643,TORONTO SCHOOL OF MANAGEMENT INC.,141054,"TORONTO SCHOOL OF MANAGEMENT, TORONTO",TORONTO,M5G1K2,DIGITAL BUSINESS MANAGEMENT CO-OP,Business,Business Management,Y,ND,0.92,0.54,0.75,1.00,ND
254643,TORONTO SCHOOL OF MANAGEMENT INC.,141054,"TORONTO SCHOOL OF MANAGEMENT, TORONTO",TORONTO,M5G1K2,DIPLOMA IN CYBERSECURITY SPECIALIST CO-OP,Computer and Information Technology,Information Technology,Y,0.72,0.60,0.35,0.55,ND,ND
254643,TORONTO SCHOOL OF MANAGEMENT INC.,141054,"TORONTO SCHOOL OF MANAGEMENT, TORONTO",TORONTO,M5G1K2,DIPLOMA IN DATA ANALYTICS CO-OP,Computer and Information Technology,Information Technology,Y,0.71,0.57,0.22,0.57,ND,ND
254643,TORONTO SCHOOL OF MANAGEMENT INC.,141054,"TORONTO SCHOOL OF MANAGEMENT, TORONTO",TORONTO,M5G1K2,DIPLOMA IN DIGITAL MARKETING SPECIALIST CO-OP,Business,Marketing/Advertising,Y,0.81,0.80,0.47,0.50,ND,ND
254643,TORONTO SCHOOL OF MANAGEMENT INC.,141054,"TORONTO SCHOOL OF MANAGEMENT, TORONTO",TORONTO,M5G1K2,DIPLOMA IN FUNDAMENTALS OF HOSPITALITY AND TOURISM CO-OP,Business,Hospitality Administration/Management,Y,0.54,0.77,0.53,0.75,1.00,ND
254643,TORONTO SCHOOL OF MANAGEMENT INC.,141054,"TORONTO SCHOOL OF MANAGEMENT, TORONTO",TORONTO,M5G1K2,DIPLOMA IN HOSPITALITY AND TOURISM MANAGEMENT CO-OP,Business,Hospitality Administration/Management,Y,0.63,0.82,0.82,0.67,1.00,ND
254643,TORONTO SCHOOL OF MANAGEMENT INC.,141054,"TORONTO SCHOOL OF MANAGEMENT, TORONTO",TORONTO,M5G1K2,PREPARATORY COURSE FOR ACCA EXAMINATION,Business,Accounting,Y,0.02,SS,SS,SS,1.00,ND
255007,ALLANTI BEAUTY CORPORATION,+,+,,,+,,,Y,SS,SS,SS,SS,ND,ND
255007,ALLANTI BEAUTY CORPORATION,141438,"ALLANTI BEAUTY INSTITUTE, WOODSTOCK",WOODSTOCK,N4S7W3,+,,,Y,SS,SS,SS,SS,ND,ND
255007,ALLANTI BEAUTY CORPORATION,141438,"ALLANTI BEAUTY INSTITUTE, WOODSTOCK",WOODSTOCK,N4S7W3,HAIRSTYLING PROGRAM - FULL TIME,Service Trade,Hairstylist,Y,SS,SS,SS,SS,ND,ND
256150,B.MCDONALD & ASSOCIATES LTD.,+,+,,,+,,,Y,0.97,0.92,0.85,0.93,1.00,ND
256150,B.MCDONALD & ASSOCIATES LTD.,142601,"HEALTH AND SAFETY MANAGEMENT COLLEGE, MONTECARLO",MARKHAM,L3R1B4,+,,,Y,0.97,0.92,0.85,0.93,1.00,ND
256150,B.MCDONALD & ASSOCIATES LTD.,142601,"HEALTH AND SAFETY MANAGEMENT COLLEGE, MONTECARLO",MARKHAM,L3R1B4,CANADIAN FIRE ALARM TECHNOLOGY PROGRAM (LIVE WEBINAR),Service Trade,Other- Service Trade,Y,ND,0.80,0.60,0.80,ND,ND
256150,B.MCDONALD & ASSOCIATES LTD.,142601,"HEALTH AND SAFETY MANAGEMENT COLLEGE, MONTECARLO",MARKHAM,L3R1B4,CANADIAN FIRE ALARM TECHNOLOGY PROGRAM,Service Trade,Other- Service Trade,Y,0.97,1.00,1.00,1.00,1.00,ND
260284,ZAVCOR TRUCKING LIMITED,+,+,,,+,,,Y,0.91,0.90,0.83,0.91,1.00,ND
260284,ZAVCOR TRUCKING LIMITED,146755,ZAVCOR TRAINING ACADEMY,STEVENSVILLE,L0S1S0,+,,,Y,0.91,0.90,0.83,0.91,1.00,ND
260284,ZAVCOR TRUCKING LIMITED,146755,ZAVCOR TRAINING ACADEMY,STEVENSVILLE,L0S1S0,AZ PROGRAM,Tractor-Trailer / Driver Licensing,AZ Class Truck Driver,Y,0.92,0.88,0.76,0.88,1.00,ND
260284,ZAVCOR TRUCKING LIMITED,146755,ZAVCOR TRAINING ACADEMY,STEVENSVILLE,L0S1S0,TRACTOR-TRAILER MELT,Tractor-Trailer / Driver Licensing,A Class Truck Driver,Y,0.89,0.93,0.89,0.93,1.00,ND
261084,PINE VALLEY DRIVING ACADEMY LTD.,+,+,,,+,,,Y,0.81,0.70,0.48,0.79,0.75,ND
261084,PINE VALLEY DRIVING ACADEMY LTD.,147535,"PINE VALLEY DRIVING ACADEMY, ETOBICOKE",TORONTO,M9W5A3,+,,,Y,0.81,0.70,0.48,0.79,0.75,ND
261084,PINE VALLEY DRIVING ACADEMY LTD.,147535,"PINE VALLEY DRIVING ACADEMY, ETOBICOKE",TORONTO,M9W5A3,DZ TRUCK DRIVING PROGRAM (PT),Tractor-Trailer / Driver Licensing,DZ Class Truck Driver,Y,1.00,0.46,0.23,0.54,0.00,ND
261084,PINE VALLEY DRIVING ACADEMY LTD.,147535,"PINE VALLEY DRIVING ACADEMY, ETOBICOKE",TORONTO,M9W5A3,DZ TRUCK DRIVING PROGRAM,Tractor-Trailer / Driver Licensing,DZ Class Truck Driver,Y,SS,SS,SS,SS,ND,ND
261084,PINE VALLEY DRIVING ACADEMY LTD.,147535,"PINE VALLEY DRIVING ACADEMY, ETOBICOKE",TORONTO,M9W5A3,TRACTOR-TRAILER & FLATBED TRAINING PROGRAM (4 WEEKS)*,Tractor-Trailer / Driver Licensing,A Class Truck Driver,Y,0.62,See combined program results below,See combined program results below,See combined program results below,See combined program results below,ND
261084,PINE VALLEY DRIVING ACADEMY LTD.,147535,"PINE VALLEY DRIVING ACADEMY, ETOBICOKE",TORONTO,M9W5A3,TRACTOR-TRAILER & FLATBED TRAINING PROGRAM (8 WEEKS)*,Tractor-Trailer / Driver Licensing,AZ Class Truck Driver,Y,1.00,See combined program results below,See combined program results below,See combined program results below,See combined program results below,ND
261084,PINE VALLEY DRIVING ACADEMY LTD.,147535,"PINE VALLEY DRIVING ACADEMY, ETOBICOKE",TORONTO,M9W5A3,TRACTOR-TRAILER & FLATBED TRAINING PROGRAM (COMBINED 4 WEEKS AND 8 WEEKS)**,Tractor-Trailer / Driver Licensing,A Class Truck Driver,Y,See program results above,0.74,0.51,0.85,1.00,See program results above
261284,CANADIAN TECHNICAL AND MANAGEMENT COLLEGE LTD,+,+,,,+,,,Y,0.25,ND,ND,ND,ND,ND
261284,CANADIAN TECHNICAL AND MANAGEMENT COLLEGE LTD,147755,"CANADIAN TECHNICAL AND MANAGEMENT COLLEGE, MILTON",MILTON,L9T8T2,+,,,Y,0.25,ND,ND,ND,ND,ND
261284,CANADIAN TECHNICAL AND MANAGEMENT COLLEGE LTD,147755,"CANADIAN TECHNICAL AND MANAGEMENT COLLEGE, MILTON",MILTON,L9T8T2,ACCOUNTING AND COMPUTER APPLICATIONS DIPLOMA,Business,Accounting,Y,SS,ND,ND,ND,ND,ND
261284,CANADIAN TECHNICAL AND MANAGEMENT COLLEGE LTD,147755,"CANADIAN TECHNICAL AND MANAGEMENT COLLEGE, MILTON",MILTON,L9T8T2,EARLY CHILDCARE ASSISTANT,Human Services,Early Childhood Assistant,Y,SS,ND,ND,ND,ND,ND
261284,CANADIAN TECHNICAL AND MANAGEMENT COLLEGE LTD,147755,"CANADIAN TECHNICAL AND MANAGEMENT COLLEGE, MILTON",MILTON,L9T8T2,EXECUTIVE ADMINISTRATIVE OFFICE DIPLOMA W/PRACTICUM,Business,Office Administration,Y,SS,ND,ND,ND,ND,ND
261284,CANADIAN TECHNICAL AND MANAGEMENT COLLEGE LTD,147755,"CANADIAN TECHNICAL AND MANAGEMENT COLLEGE, MILTON",MILTON,L9T8T2,NACC PSW 2015,Health Services,Personal Support Worker/Personal Attendant,Y,0.33,ND,ND,ND,ND,ND
262004,ARNN TORONTO INC.,+,+,,,+,,,Y,0.58,ND,ND,ND,ND,ND
262004,ARNN TORONTO INC.,148495,"CANADIAN SCHOOL OF NATURAL NUTRITION, METRO TORONTO BRANCH",TORONTO,M4P1E8,+,,,Y,0.58,ND,ND,ND,ND,ND
262004,ARNN TORONTO INC.,148495,"CANADIAN SCHOOL OF NATURAL NUTRITION, METRO TORONTO BRANCH",TORONTO,M4P1E8,NATURAL NUTRITION PROGRAM (P/T),Health Services,Other - Health Services,Y,0.46,ND,ND,ND,ND,ND
262004,ARNN TORONTO INC.,148495,"CANADIAN SCHOOL OF NATURAL NUTRITION, METRO TORONTO BRANCH",TORONTO,M4P1E8,NATURAL NUTRITION PROGRAM,Health Services,Other - Health Services,Y,0.72,ND,ND,ND,ND,ND
262386,HOLISTIC SOLUTIONS INC.,+,+,,,+,,,Y,0.55,0.83,0.67,0.67,ND,ND
262386,HOLISTIC SOLUTIONS INC.,148877,CANADIAN SCHOOL OF NATURAL NUTRITION,MISSISSAUGA,L5H3A1,+,,,Y,0.55,0.83,0.67,0.67,ND,ND
262386,HOLISTIC SOLUTIONS INC.,148877,CANADIAN SCHOOL OF NATURAL NUTRITION,MISSISSAUGA,L5H3A1,NATURAL NUTRITION PROGRAM (P/T),Health Services,Other - Health Services,Y,0.56,1.00,0.67,0.67,ND,ND
262386,HOLISTIC SOLUTIONS INC.,148877,CANADIAN SCHOOL OF NATURAL NUTRITION,MISSISSAUGA,L5H3A1,NATURAL NUTRITION PROGRAM,Health Services,Other - Health Services,Y,0.53,0.67,0.67,0.67,ND,ND
263544,C.C.E.C. CANADIAN CAREER EDUCATION COLLEGE LTD,+,+,,,+,,,Y,0.90,0.60,0.40,0.50,ND,ND
263544,C.C.E.C. CANADIAN CAREER EDUCATION COLLEGE LTD,150035,"CANADIAN CAREER EDUCATION COLLEGE, VAUGHAN",VAUGHAN,L4K3C4,+,,,Y,0.90,0.60,0.40,0.50,ND,ND
263544,C.C.E.C. CANADIAN CAREER EDUCATION COLLEGE LTD,150035,"CANADIAN CAREER EDUCATION COLLEGE, VAUGHAN",VAUGHAN,L4K3C4,CITIZENSHIP AND IMMIGRATION CASE PROCESSING AND ENFORCEMENT SERVICES,Human Services,Other - Human Services,Y,ND,ND,ND,ND,ND,ND
263544,C.C.E.C. CANADIAN CAREER EDUCATION COLLEGE LTD,150035,"CANADIAN CAREER EDUCATION COLLEGE, VAUGHAN",VAUGHAN,L4K3C4,HEALTH CARE SERVICES ADMINISTRATION & MANAGEMENT DIPLOMA,Health Services,Health Services Administration/Management,Y,ND,SS,SS,SS,ND,ND
263544,C.C.E.C. CANADIAN CAREER EDUCATION COLLEGE LTD,150035,"CANADIAN CAREER EDUCATION COLLEGE, VAUGHAN",VAUGHAN,L4K3C4,OCCUPATIONAL HEALTH AND SAFETY ADMINISTRATION & MANAGEMENT DIPLOMA,Business,Other - Business,Y,ND,SS,SS,SS,ND,ND
263544,C.C.E.C. CANADIAN CAREER EDUCATION COLLEGE LTD,150035,"CANADIAN CAREER EDUCATION COLLEGE, VAUGHAN",VAUGHAN,L4K3C4,PERSONAL SUPPORT AND CHILD CARE DIPLOMA,Health Services,Other - Health Services,Y,0.90,ND,ND,ND,ND,ND
266264,HAIR XTACY ACADEMY OF HAIR DESIGN INC.,+,+,,,+,,,Y,SS,SS,SS,SS,ND,ND
266264,HAIR XTACY ACADEMY OF HAIR DESIGN INC.,152855,HAIR XTACY ACADEMY OF HAIR DESIGN,BURLINGTON,L7L0E4,+,,,Y,SS,SS,SS,SS,ND,ND
266264,HAIR XTACY ACADEMY OF HAIR DESIGN INC.,152855,HAIR XTACY ACADEMY OF HAIR DESIGN,BURLINGTON,L7L0E4,HAIRSTYLING,Service Trade,Hairstylist,Y,SS,SS,SS,SS,ND,ND
266867,NORTH AMERICAN BUSINESS INC.,+,+,,,+,,,Y,SS,ND,ND,ND,ND,ND
266867,NORTH AMERICAN BUSINESS INC.,153478,NORTH AMERICAN BUSINESS COLLEGE OF SCIENCES AND LANGUAGES,MISSISSAUGA,L5R3L7,+,,,Y,SS,ND,ND,ND,ND,ND
266867,NORTH AMERICAN BUSINESS INC.,153478,NORTH AMERICAN BUSINESS COLLEGE OF SCIENCES AND LANGUAGES,MISSISSAUGA,L5R3L7,ACCOUNTING & PAYROLL TECHNICIAN,Business,Accounting,Y,SS,ND,ND,ND,ND,ND
266989,BOSTON GROUP MEDIA LTD,+,+,,,+,,,Y,0.63,0.67,0.67,1.00,ND,ND
266989,BOSTON GROUP MEDIA LTD,153600,MIAMI AD SCHOOL TORONTO,TORONTO,M5V2T3,+,,,Y,0.63,0.67,0.67,1.00,ND,ND
266989,BOSTON GROUP MEDIA LTD,153600,MIAMI AD SCHOOL TORONTO,TORONTO,M5V2T3,ART DIRECTION PORTFOLIO PROGRAM,Business,Marketing/Advertising,Y,0.79,0.50,0.50,1.00,ND,ND
266989,BOSTON GROUP MEDIA LTD,153600,MIAMI AD SCHOOL TORONTO,TORONTO,M5V2T3,COPYWRITING PORTFOLIO PROGRAM,Business,Marketing/Advertising,Y,0.67,1.00,1.00,1.00,ND,ND
266989,BOSTON GROUP MEDIA LTD,153600,MIAMI AD SCHOOL TORONTO,TORONTO,M5V2T3,CREATIVE STRATEGY PORTFOLIO PROGRAM,Business,Marketing/Advertising,Y,0.33,ND,ND,ND,ND,ND
268087,YEE HONG CENTRE FOR GERIATRIC CARE,+,+,,,+,,,Y,0.78,0.93,0.93,0.93,1.00,ND
268087,YEE HONG CENTRE FOR GERIATRIC CARE,154718,YEE HONG TRAINING AND LEARNING CENTRE,SCARBOROUGH,M1V5L3,+,,,Y,0.78,0.93,0.93,0.93,1.00,ND
268087,YEE HONG CENTRE FOR GERIATRIC CARE,154718,YEE HONG TRAINING AND LEARNING CENTRE,SCARBOROUGH,M1V5L3,PERSONAL SUPPORT WORKER,Health Services,Personal Support Worker/Personal Attendant,Y,0.78,0.93,0.93,0.93,1.00,ND
271225,BRAINSTATION ON LP,+,+,,,+,,,Y,0.91,0.54,0.32,0.44,1.00,ND
271225,BRAINSTATION ON LP,157896,BRAINSTATION,TORONTO,M5V0W1,+,,,Y,0.91,0.54,0.32,0.44,1.00,ND
271225,BRAINSTATION ON LP,157896,BRAINSTATION,TORONTO,M5V0W1,DATA SCIENCE DIPLOMA (12 WEEKS)*,Computer and Information Technology,Other - Information Technology,Y,1.00,See combined program results below,See combined program results below,See combined program results below,See combined program results below,ND
271225,BRAINSTATION ON LP,157896,BRAINSTATION,TORONTO,M5V0W1,DATA SCIENCE DIPLOMA (35 WEEKS)*,Computer and Information Technology,Other - Information Technology,Y,0.85,See combined program results below,See combined program results below,See combined program results below,See combined program results below,ND
271225,BRAINSTATION ON LP,157896,BRAINSTATION,TORONTO,M5V0W1,DATA SCIENCE DIPLOMA (COMBINED 12 WEEKS AND 35 WEEKS)**,Computer and Information Technology,Other - Information Technology,Y,See program results above,0.59,0.30,0.54,ND,See program results above
271225,BRAINSTATION ON LP,157896,BRAINSTATION,TORONTO,M5V0W1,ONLINE DATA SCIENCE DIPLOMA,Computer and Information Technology,Other - Information Technology,Y,0.91,0.63,0.37,0.40,ND,ND
271225,BRAINSTATION ON LP,157896,BRAINSTATION,TORONTO,M5V0W1,ONLINE SOFTWARE ENGINEERING DIPLOMA,Computer and Information Technology,Information Technology,Y,0.93,0.54,0.36,0.55,1.00,ND
271225,BRAINSTATION ON LP,157896,BRAINSTATION,TORONTO,M5V0W1,ONLINE USER EXPERIENCE DESIGN DIPLOMA,Computer and Information Technology,Information Technology,Y,0.91,0.21,0.16,0.15,ND,ND
271225,BRAINSTATION ON LP,157896,BRAINSTATION,TORONTO,M5V0W1,SOFTWARE ENGINEERING DIPLOMA (12 WEEKS)*,Computer and Information Technology,Information Technology,Y,0.91,See combined program results below,See combined program results below,See combined program results below,See combined program results below,ND
271225,BRAINSTATION ON LP,157896,BRAINSTATION,TORONTO,M5V0W1,SOFTWARE ENGINEERING DIPLOMA (35 WEEKS)*,Computer and Information Technology,Information Technology,Y,0.72,See combined program results below,See combined program results below,See combined program results below,See combined program results below,ND
271225,BRAINSTATION ON LP,157896,BRAINSTATION,TORONTO,M5V0W1,SOFTWARE ENGINEERING DIPLOMA (COMBINED 12 WEEKS AND 35 WEEKS)**,Computer and Information Technology,Information Technology,Y,See program results above,0.59,0.39,0.50,1.00,See program results above
271225,BRAINSTATION ON LP,157896,BRAINSTATION,TORONTO,M5V0W1,USER EXPERIENCE DESIGN DIPLOMA (12 WEEKS)*,Computer and Information Technology,Information Technology,Y,0.94,See combined program results below,See combined program results below,See combined program results below,See combined program results below,ND
271225,BRAINSTATION ON LP,157896,BRAINSTATION,TORONTO,M5V0W1,USER EXPERIENCE DESIGN DIPLOMA (35 WEEKS)*,Computer and Information Technology,Information Technology,Y,0.93,See combined program results below,See combined program results below,See combined program results below,See combined program results below,ND
271225,BRAINSTATION ON LP,157896,BRAINSTATION,TORONTO,M5V0W1,USER EXPERIENCE DESIGN DIPLOMA (COMBINED 12 WEEKS AND 35 WEEKS)**,Computer and Information Technology,Information Technology,Y,See program results above,0.53,0.18,0.29,ND,See program results above
271524,2458479 ONTARIO INC.,+,+,,,+,,,Y,0.82,0.75,0.75,0.75,ND,ND
271524,2458479 ONTARIO INC.,158215,SHALLOW CREEK ACADEMY OF HAIR DESIGN,BRANTFORD,N3S2X7,+,,,Y,0.82,0.75,0.75,0.75,ND,ND
271524,2458479 ONTARIO INC.,158215,SHALLOW CREEK ACADEMY OF HAIR DESIGN,BRANTFORD,N3S2X7,HAIRSTYLING (100 WEEKS)*,Service Trade,Hairstylist,Y,SS,See combined program results below,See combined program results below,See combined program results below,See combined program results below,ND
271524,2458479 ONTARIO INC.,158215,SHALLOW CREEK ACADEMY OF HAIR DESIGN,BRANTFORD,N3S2X7,HAIRSTYLING (48 WEEKS)*,Service Trade,Hairstylist,Y,1.00,See combined program results below,See combined program results below,See combined program results below,See combined program results below,ND
271524,2458479 ONTARIO INC.,158215,SHALLOW CREEK ACADEMY OF HAIR DESIGN,BRANTFORD,N3S2X7,HAIRSTYLING (COMBINED 48 WEEKS AND 100 WEEKS)**,Service Trade,Hairstylist,Y,See program results above,0.75,0.75,0.75,ND,See program results above
272306,LIGHTHOUSE LABS INC,+,+,,,+,,,Y,0.70,0.55,0.28,0.53,1.00,ND
272306,LIGHTHOUSE LABS INC,159057,LIGHTHOUSE LABS,TORONTO,M5V1M7,+,,,Y,0.70,0.53,0.26,0.52,1.00,ND
272306,LIGHTHOUSE LABS INC,159057,LIGHTHOUSE LABS,TORONTO,M5V1M7,CYBER SECURITY BOOTCAMP,Computer and Information Technology,Information Technology,Y,0.68,0.46,0.18,0.55,ND,ND
272306,LIGHTHOUSE LABS INC,159057,LIGHTHOUSE LABS,TORONTO,M5V1M7,CYBER SECURITY FLEX PROGRAM,Computer and Information Technology,Information Technology,Y,ND,0.80,0.20,0.71,ND,ND
272306,LIGHTHOUSE LABS INC,159057,LIGHTHOUSE LABS,TORONTO,M5V1M7,DATA ANALYTICS,Computer and Information Technology,Information Technology,Y,ND,SS,SS,SS,ND,ND
272306,LIGHTHOUSE LABS INC,159057,LIGHTHOUSE LABS,TORONTO,M5V1M7,DATA SCIENCE BOOTCAMP,Computer and Information Technology,Information Technology,Y,ND,0.63,0.13,0.38,ND,ND
272306,LIGHTHOUSE LABS INC,159057,LIGHTHOUSE LABS,TORONTO,M5V1M7,DATA SCIENCE,Computer and Information Technology,Information Technology,Y,0.57,0.50,0.17,0.50,ND,ND
272306,LIGHTHOUSE LABS INC,159057,LIGHTHOUSE LABS,TORONTO,M5V1M7,WEB DEVELOPMENT BOOTCAMP - FLEX PROGRAM,Computer and Information Technology,Information Technology,Y,0.69,0.57,0.17,0.57,1.00,ND
272306,LIGHTHOUSE LABS INC,159057,LIGHTHOUSE LABS,TORONTO,M5V1M7,WEB DEVELOPMENT BOOTCAMP,Computer and Information Technology,Information Technology,Y,0.74,0.49,0.37,0.43,ND,ND
272306,LIGHTHOUSE LABS INC,159057,LIGHTHOUSE LABS,TORONTO,M5V1M7,WEB DEVELOPMENT,Computer and Information Technology,Information Technology,Y,ND,0.50,0.27,0.59,ND,ND
272306,LIGHTHOUSE LABS INC,203940,"LIGHTHOUSE LABS, OTTAWA",OTTAWA,K1P5H1,+,,,Y,0.61,1.00,0.80,0.80,ND,ND
272306,LIGHTHOUSE LABS INC,203940,"LIGHTHOUSE LABS, OTTAWA",OTTAWA,K1P5H1,DATA SCIENCE,Computer and Information Technology,Information Technology,Y,0.50,SS,SS,SS,ND,ND
272306,LIGHTHOUSE LABS INC,203940,"LIGHTHOUSE LABS, OTTAWA",OTTAWA,K1P5H1,WEB DEVELOPMENT BOOTCAMP,Computer and Information Technology,Information Technology,Y,0.67,1.00,0.75,0.75,ND,ND
275424,FORWARD LEARNING INC.,+,+,,,+,,,Y,0.91,0.52,0.37,0.78,1.00,ND
275424,FORWARD LEARNING INC.,162235,"WINDSOR CAREER COLLEGE, WINDSOR",WINDSOR,N8X2X7,+,,,Y,0.91,0.51,0.36,0.78,1.00,0.05
275424,FORWARD LEARNING INC.,162235,"WINDSOR CAREER COLLEGE, WINDSOR",WINDSOR,N8X2X7,COMPUTER NETWORKING & SECURITY,Computer and Information Technology,Information Technology,Y,1.00,0.80,0.60,0.80,ND,ND
275424,FORWARD LEARNING INC.,162235,"WINDSOR CAREER COLLEGE, WINDSOR",WINDSOR,N8X2X7,ENGINEERING DESIGN AND DRAFTING TECHNOLOGIST,Computer and Information Technology,Information Technology,Y,1.00,ND,ND,ND,ND,ND
275424,FORWARD LEARNING INC.,162235,"WINDSOR CAREER COLLEGE, WINDSOR",WINDSOR,N8X2X7,GRAPHIC DESIGN DIPLOMA,Computer and Information Technology,Information Technology,Y,0.91,0.33,0.33,0.50,ND,ND
275424,FORWARD LEARNING INC.,162235,"WINDSOR CAREER COLLEGE, WINDSOR",WINDSOR,N8X2X7,LEGAL OFFICE ADMINISTRATION,Law and Public Safety,Legal Office Administration,Y,ND,ND,ND,SS,ND,ND
275424,FORWARD LEARNING INC.,162235,"WINDSOR CAREER COLLEGE, WINDSOR",WINDSOR,N8X2X7,MEDICAL OFFICE ADMINISTRATION + INTERNSHIP,Health Services,Medical Office Administration/Management,Y,0.94,0.33,0.33,0.43,ND,ND
275424,FORWARD LEARNING INC.,162235,"WINDSOR CAREER COLLEGE, WINDSOR",WINDSOR,N8X2X7,NACC PSW 2015,Health Services,Personal Support Worker/Personal Attendant,Y,0.83,0.50,0.32,0.84,1.00,ND
275424,FORWARD LEARNING INC.,162235,"WINDSOR CAREER COLLEGE, WINDSOR",WINDSOR,N8X2X7,PHARMACY ASSISTANT,Health Services,Pharmaceutical Technology,Y,1.00,0.60,0.50,0.82,ND,ND
275424,FORWARD LEARNING INC.,162235,"WINDSOR CAREER COLLEGE, WINDSOR",WINDSOR,N8X2X7,PHYSICAL THERAPIST ASSISTANT (PTA) DIPLOMA,Health Services,Physiotherapy/Occupational Therapy,Y,SS,SS,SS,SS,ND,ND
275424,FORWARD LEARNING INC.,177235,"WINDSOR CAREER COLLEGE, TORONTO",ETOBICOKE,M9V5H8,+,,,Y,0.94,1.00,0.50,0.75,ND,0.12
275424,FORWARD LEARNING INC.,177235,"WINDSOR CAREER COLLEGE, TORONTO",ETOBICOKE,M9V5H8,COMPUTER NETWORKING & SECURITY,Computer and Information Technology,Information Technology,Y,SS,SS,SS,SS,ND,ND
275424,FORWARD LEARNING INC.,177235,"WINDSOR CAREER COLLEGE, TORONTO",ETOBICOKE,M9V5H8,ENGINEERING DESIGN AND DRAFTING TECHNOLOGIST,Computer and Information Technology,Information Technology,Y,1.00,1.00,0.00,1.00,ND,ND
275424,FORWARD LEARNING INC.,177235,"WINDSOR CAREER COLLEGE, TORONTO",ETOBICOKE,M9V5H8,GRAPHIC DESIGN DIPLOMA,Computer and Information Technology,Information Technology,Y,SS,ND,ND,ND,ND,ND
275424,FORWARD LEARNING INC.,177235,"WINDSOR CAREER COLLEGE, TORONTO",ETOBICOKE,M9V5H8,PHARMACY ASSISTANT,Health Services,Pharmaceutical Technology,Y,SS,ND,ND,SS,ND,ND
275424,FORWARD LEARNING INC.,177235,"WINDSOR CAREER COLLEGE, TORONTO",ETOBICOKE,M9V5H8,PHYSICAL THERAPIST ASSISTANT (PTA) DIPLOMA,Health Services,Physiotherapy/Occupational Therapy,Y,SS,ND,ND,SS,ND,ND
275624,TRUKADEMY CANADA INC.,+,+,,,+,,,Y,0.36,0.67,0.41,0.64,1.00,ND
275624,TRUKADEMY CANADA INC.,162455,TRUKADEMY DRIVER TRAINING ACADEMY,MISSISSAUGA,L4Z1P2,+,,,Y,0.37,0.57,0.39,0.62,1.00,ND
275624,TRUKADEMY CANADA INC.,162455,TRUKADEMY DRIVER TRAINING ACADEMY,MISSISSAUGA,L4Z1P2,AZ PROGRAM,Tractor-Trailer / Driver Licensing,AZ Class Truck Driver,Y,0.55,0.33,0.33,0.57,ND,ND
275624,TRUKADEMY CANADA INC.,162455,TRUKADEMY DRIVER TRAINING ACADEMY,MISSISSAUGA,L4Z1P2,TRACTOR-TRAILER MELT,Tractor-Trailer / Driver Licensing,A Class Truck Driver,Y,0.31,0.64,0.41,0.64,1.00,ND
275624,TRUKADEMY CANADA INC.,204958,TRUKADEMY DRIVER TRAINING ACADEMY,LONDON,N5V1V2,+,,,Y,0.34,0.77,0.43,0.67,ND,ND
275624,TRUKADEMY CANADA INC.,204958,TRUKADEMY DRIVER TRAINING ACADEMY,LONDON,N5V1V2,AZ PROGRAM,Tractor-Trailer / Driver Licensing,AZ Class Truck Driver,Y,SS,SS,SS,SS,ND,ND
275624,TRUKADEMY CANADA INC.,204958,TRUKADEMY DRIVER TRAINING ACADEMY,LONDON,N5V1V2,TRACTOR-TRAILER MELT,Tractor-Trailer / Driver Licensing,A Class Truck Driver,Y,0.32,0.78,0.41,0.63,ND,ND
276691,FESTIVAL SCHOOL OF HAIRSTYLING INC.,+,+,,,+,,,Y,0.62,1.00,1.00,1.00,1.00,ND
276691,FESTIVAL SCHOOL OF HAIRSTYLING INC.,163556,FESTIVAL SCHOOL OF HAIRSTYLING,STRATFORD,N5A1P7,+,,,Y,0.62,1.00,1.00,1.00,1.00,ND
276691,FESTIVAL SCHOOL OF HAIRSTYLING INC.,163556,FESTIVAL SCHOOL OF HAIRSTYLING,STRATFORD,N5A1P7,HAIRSTYLING,Service Trade,Hairstylist,Y,0.62,1.00,1.00,1.00,1.00,ND
277366,FLY GENESIS INC.,+,+,,,+,,,Y,0.22,0.91,0.82,1.00,ND,ND
277366,FLY GENESIS INC.,164237,"GENESIS FLIGHT COLLEGE, STAYNER",STAYNER,L0M1S0,+,,,Y,0.22,0.91,0.82,1.00,ND,ND
277366,FLY GENESIS INC.,164237,"GENESIS FLIGHT COLLEGE, STAYNER",STAYNER,L0M1S0,COMMERCIAL PILOT,Flight Training,Commercial Pilot,Y,0.19,0.86,0.71,1.00,ND,ND
277366,FLY GENESIS INC.,164237,"GENESIS FLIGHT COLLEGE, STAYNER",STAYNER,L0M1S0,INSTRUCTOR RATING,Flight Training,Flight Instructor,Y,0.29,SS,SS,SS,ND,ND
277944,1413734 ONTARIO INC.,+,+,,,+,,,Y,0.98,0.82,0.46,0.87,ND,ND
277944,1413734 ONTARIO INC.,164815,TEN FOUR TRAINERS,BRAMPTON,L6T 0C,+,,,Y,0.98,0.82,0.46,0.87,ND,ND
277944,1413734 ONTARIO INC.,164815,TEN FOUR TRAINERS,BRAMPTON,L6T 0C,AZ TRACTOR-TRAILER (MELT),Tractor-Trailer / Driver Licensing,AZ Class Truck Driver,Y,0.98,0.82,0.46,0.87,ND,ND
279244,9511008 CANADA INC.,+,+,,,+,,,Y,0.73,1.00,0.50,1.00,ND,ND
279244,9511008 CANADA INC.,166135,PEEL COLLEGE OF PROFESSIONAL STUDIES,MISSISSAUGA,L5T2N5,+,,,Y,0.73,1.00,0.50,1.00,ND,ND
279244,9511008 CANADA INC.,166135,PEEL COLLEGE OF PROFESSIONAL STUDIES,MISSISSAUGA,L5T2N5,CUSTOMER SERVICE,Services,Customer Service/Retail Sales,Y,SS,SS,SS,SS,ND,ND
279244,9511008 CANADA INC.,166135,PEEL COLLEGE OF PROFESSIONAL STUDIES,MISSISSAUGA,L5T2N5,EARLY CHILDCARE ASSISTANT,Human Services,Early Childhood Assistant,Y,0.57,ND,ND,ND,ND,ND
279244,9511008 CANADA INC.,166135,PEEL COLLEGE OF PROFESSIONAL STUDIES,MISSISSAUGA,L5T2N5,MEDICAL OFFICE ADMINISTRATION,Health Services,Medical Office Administration/Management,Y,SS,SS,SS,SS,ND,ND
279285,1934495 ONTARIO INC.,+,+,,,+,,,Y,0.34,0.94,0.32,0.88,1.00,ND
279285,1934495 ONTARIO INC.,166176,SOUTHWEST FIRE ACADEMY,WAUBAUSHENE,L0K2C0,+,,,Y,0.34,0.94,0.32,0.88,1.00,ND
279285,1934495 ONTARIO INC.,166176,SOUTHWEST FIRE ACADEMY,WAUBAUSHENE,L0K2C0,NFPA 1001 FIREFIGHTER LEVEL II,Law and Public Safety,Pre-Service Firefighter,Y,0.34,0.94,0.32,0.88,1.00,ND
279586,ACE ACUMEN CORPORATION,+,+,,,+,,,Y,SS,ND,ND,ND,ND,ND
279586,ACE ACUMEN CORPORATION,166477,ACUMEN COLLEGE OF BUSINESS AND TECHNOLOGY,MISSISSAUGA,L4Z1X3,+,,,Y,SS,ND,ND,ND,ND,ND
279586,ACE ACUMEN CORPORATION,166477,ACUMEN COLLEGE OF BUSINESS AND TECHNOLOGY,MISSISSAUGA,L4Z1X3,ACCOUNTING AND BUSINESS ADMINISTRATION,Business,Accounting,Y,SS,ND,ND,ND,ND,ND
279984,TAMWOOD INTERNATIONAL COLLEGE LTD,+,+,,,+,,,Y,0.95,0.72,0.67,0.32,ND,ND
279984,TAMWOOD INTERNATIONAL COLLEGE LTD,166875,TAMWOOD CAREERS,TORONTO,M5S2V1,+,,,Y,0.95,0.72,0.67,0.32,ND,ND
279984,TAMWOOD INTERNATIONAL COLLEGE LTD,166875,TAMWOOD CAREERS,TORONTO,M5S2V1,DIGITAL MARKETING CERTIFICATE,Business,Marketing/Advertising,Y,1.00,1.00,1.00,1.00,ND,ND
279984,TAMWOOD INTERNATIONAL COLLEGE LTD,166875,TAMWOOD CAREERS,TORONTO,M5S2V1,DIGITAL MARKETING CO-OP DIPLOMA,Business,Marketing/Advertising,Y,0.90,0.83,0.83,0.33,ND,ND
279984,TAMWOOD INTERNATIONAL COLLEGE LTD,166875,TAMWOOD CAREERS,TORONTO,M5S2V1,HOSPITALITY AND TOURISM CERTIFICATE,Business,Hospitality Administration/Management,Y,SS,SS,SS,SS,ND,ND
279984,TAMWOOD INTERNATIONAL COLLEGE LTD,166875,TAMWOOD CAREERS,TORONTO,M5S2V1,HOSPITALITY AND TOURISM CO-OP DIPLOMA,Business,Hospitality Administration/Management,Y,0.88,0.75,0.75,0.50,ND,ND
279984,TAMWOOD INTERNATIONAL COLLEGE LTD,166875,TAMWOOD CAREERS,TORONTO,M5S2V1,INTERNATIONAL BUSINESS AND MANAGEMENT CO-OP DIPLOMA,Business,Business Management,Y,1.00,0.67,0.50,0.17,ND,ND
281784,DIAMOND FLIGHT CENTRE LONDON INC.,+,+,,,+,,,Y,0.50,1.00,1.00,0.91,ND,ND
281784,DIAMOND FLIGHT CENTRE LONDON INC.,168715,DIAMOND FLIGHT CENTRE LONDON INC.,LONDON,N5V3Z9,+,,,Y,0.50,1.00,1.00,0.91,ND,ND
281784,DIAMOND FLIGHT CENTRE LONDON INC.,168715,DIAMOND FLIGHT CENTRE LONDON INC.,LONDON,N5V3Z9,COMMERCIAL PILOT LICENCE - AEROPLANE,Flight Training,Commercial Pilot,Y,ND,ND,ND,ND,ND,ND
281784,DIAMOND FLIGHT CENTRE LONDON INC.,168715,DIAMOND FLIGHT CENTRE LONDON INC.,LONDON,N5V3Z9,FLIGHT INSTRUCTOR RATING - AEROPLANE,Flight Training,Commercial Pilot,Y,0.50,1.00,1.00,0.91,ND,ND
283206,PRIDE TRUCK TRAINING ACADEMY INC.,+,+,,,+,,,Y,0.94,0.69,0.33,0.92,1.00,ND
283206,PRIDE TRUCK TRAINING ACADEMY INC.,170157,PRIDE TRUCK TRAINING ACADEMY INC.,BRAMPTON,L6S3L9,+,,,Y,0.94,0.69,0.33,0.92,1.00,ND
283206,PRIDE TRUCK TRAINING ACADEMY INC.,170157,PRIDE TRUCK TRAINING ACADEMY INC.,BRAMPTON,L6S3L9,AZ TRUCK TRAINING PROGRAM,Tractor-Trailer / Driver Licensing,AZ Class Truck Driver,Y,0.94,0.69,0.33,0.92,1.00,ND
285525,UV DABAS EDUCATION INC.,+,+,,,+,,,Y,0.89,0.00,0.00,0.50,ND,ND
285525,UV DABAS EDUCATION INC.,172516,"SPRINGFIELD COLLEGE OF HEALTHCARE, MANAGEMENT & TECHNOLOGY",BRAMPTON,L6W3T7,+,,,Y,0.89,0.00,0.00,0.50,ND,ND
285525,UV DABAS EDUCATION INC.,172516,"SPRINGFIELD COLLEGE OF HEALTHCARE, MANAGEMENT & TECHNOLOGY",BRAMPTON,L6W3T7,DIPLOMA IN HEALTHCARE OFFICE ADMINISTRATION,Health Services,Health Services Administration/Management,Y,SS,ND,ND,ND,ND,ND
285525,UV DABAS EDUCATION INC.,172516,"SPRINGFIELD COLLEGE OF HEALTHCARE, MANAGEMENT & TECHNOLOGY",BRAMPTON,L6W3T7,DIPLOMA IN MEDICAL AND DENTAL OFFICE ADMINISTRATION,Health Services,Other - Health Services,Y,SS,ND,ND,ND,ND,ND
285525,UV DABAS EDUCATION INC.,172516,"SPRINGFIELD COLLEGE OF HEALTHCARE, MANAGEMENT & TECHNOLOGY",BRAMPTON,L6W3T7,DIPLOMA IN MEDICAL OFFICE ADMINISTRATION,Health Services,Medical Office Administration/Management,Y,1.00,ND,ND,ND,ND,ND
285525,UV DABAS EDUCATION INC.,172516,"SPRINGFIELD COLLEGE OF HEALTHCARE, MANAGEMENT & TECHNOLOGY",BRAMPTON,L6W3T7,DIPLOMA IN MEDICAL OFFICE ASSISTANT,Health Services,Office/Clerical/Administration - Dental/Medical,Y,SS,SS,SS,SS,ND,ND
285764,PROFESSIONAL DRIVING INSTRUCTORS OF ONTARIO INC,+,+,,,+,,,Y,0.95,0.81,0.62,0.84,1.00,ND
285764,PROFESSIONAL DRIVING INSTRUCTORS OF ONTARIO INC,172775,"PROFESSIONAL DRIVING INSTRUCTORS OF ONTARIO INC, BRAMPTON-UNIT 4",BRAMPTON,L7A1B5,+,,,Y,0.95,0.81,0.62,0.84,1.00,ND
285764,PROFESSIONAL DRIVING INSTRUCTORS OF ONTARIO INC,172775,"PROFESSIONAL DRIVING INSTRUCTORS OF ONTARIO INC, BRAMPTON-UNIT 4",BRAMPTON,L7A1B5,BASIC CLASSROOM DRIVING INSTRUCTOR,Human Services,Educator,Y,0.81,1.00,0.94,0.75,ND,ND
285764,PROFESSIONAL DRIVING INSTRUCTORS OF ONTARIO INC,172775,"PROFESSIONAL DRIVING INSTRUCTORS OF ONTARIO INC, BRAMPTON-UNIT 4",BRAMPTON,L7A1B5,DRIVING INSTRUCTOR,Human Services,Educator,Y,0.96,0.78,0.58,0.85,1.00,ND
286724,2100682 ONTARIO INC.,+,+,,,+,,,Y,0.87,0.77,0.37,0.84,ND,ND
286724,2100682 ONTARIO INC.,173755,YOUNG CANADIAN DRIVING ACADEMY,MISSISSAUGA,L4T0A5,+,,,Y,0.87,0.77,0.37,0.84,ND,ND
286724,2100682 ONTARIO INC.,173755,YOUNG CANADIAN DRIVING ACADEMY,MISSISSAUGA,L4T0A5,AZ TRACTOR-TRAILER (MELT),Tractor-Trailer / Driver Licensing,AZ Class Truck Driver,Y,0.87,0.77,0.37,0.84,ND,ND
287064,NAGAR TRANSPORT LTD.,+,+,,,+,,,Y,0.98,0.73,0.38,0.88,1.00,ND
287064,NAGAR TRANSPORT LTD.,174115,JC TRUCK DRIVING SCHOOL,BRAMPTON,L6T1A2,+,,,Y,0.97,0.81,0.42,0.82,ND,ND
287064,NAGAR TRANSPORT LTD.,174115,JC TRUCK DRIVING SCHOOL,BRAMPTON,L6T1A2,AZ TRACTOR-TRAILER (MELT),Tractor-Trailer / Driver Licensing,AZ Class Truck Driver,Y,0.97,0.81,0.42,0.82,ND,ND
287064,NAGAR TRANSPORT LTD.,204737,"JC TRUCK DRIVING SCHOOL, CAMBRIDGE",CAMBRIDGE,N3C2V3,+,,,Y,0.99,0.69,0.37,0.91,1.00,ND
287064,NAGAR TRANSPORT LTD.,204737,"JC TRUCK DRIVING SCHOOL, CAMBRIDGE",CAMBRIDGE,N3C2V3,AZ TRACTOR-TRAILER (MELT),Tractor-Trailer / Driver Licensing,AZ Class Truck Driver,Y,0.99,0.69,0.37,0.91,1.00,ND
287144,TRANS CANADA TRUCK DRIVING SCHOOL INC.,+,+,,,+,,,Y,0.99,ND,ND,ND,ND,ND
287144,TRANS CANADA TRUCK DRIVING SCHOOL INC.,174195,TRANS CANADA TRUCK DRIVING SCHOOL INC.,MISSISSAUGA,L5T2S8,+,,,Y,0.99,ND,ND,ND,ND,ND
287144,TRANS CANADA TRUCK DRIVING SCHOOL INC.,174195,TRANS CANADA TRUCK DRIVING SCHOOL INC.,MISSISSAUGA,L5T2S8,TRACTOR-TRAILER (AZ),Tractor-Trailer / Driver Licensing,AZ Class Truck Driver,Y,0.99,ND,ND,ND,ND,ND
287924,PERFECT LOGISTICS INC.,+,+,,,+,,,Y,1.00,0.69,0.39,0.89,1.00,ND
287924,PERFECT LOGISTICS INC.,174995,"PERFECT LOGISTICS INC./PERFECT TRUCK TRAINING CENTRE, CMPS-174995",CALEDON,L7C2W1,+,,,Y,1.00,0.69,0.39,0.89,1.00,ND
287924,PERFECT LOGISTICS INC.,174995,"PERFECT LOGISTICS INC./PERFECT TRUCK TRAINING CENTRE, CMPS-174995",CALEDON,L7C2W1,COMMERCIAL TRUCK DRIVER TRAINING STANDARD (CLASS A),Tractor-Trailer / Driver Licensing,A Class Truck Driver,Y,1.00,0.69,0.39,0.89,1.00,ND
288945,GREAT CANADA DRIVING SCHOOL INC.,+,+,,,+,,,Y,0.59,0.89,0.67,0.89,ND,ND
288945,GREAT CANADA DRIVING SCHOOL INC.,176036,GREAT CANADA DRIVING SCHOOL INC.,CONCORD,L4K2L7,+,,,Y,0.59,0.89,0.67,0.89,ND,ND
288945,GREAT CANADA DRIVING SCHOOL INC.,176036,GREAT CANADA DRIVING SCHOOL INC.,CONCORD,L4K2L7,MANDATORY ENTRY LEVEL TRANING FOR AZ DRIVERS,Tractor-Trailer / Driver Licensing,AZ Class Truck Driver,Y,0.59,0.89,0.67,0.89,ND,ND
289224,2358682 ONTARIO INC.,+,+,,,+,,,Y,0.88,0.68,0.36,0.93,1.00,ND
289224,2358682 ONTARIO INC.,176315,GG TRUCK DRIVING SCHOOL,ETOBICOKE,M9V1B8,+,,,Y,0.88,0.68,0.36,0.93,1.00,ND
289224,2358682 ONTARIO INC.,176315,GG TRUCK DRIVING SCHOOL,ETOBICOKE,M9V1B8,AZ TRACTOR-TRAILER (MELT),Tractor-Trailer / Driver Licensing,AZ Class Truck Driver,Y,0.88,0.68,0.36,0.93,1.00,ND
289664,METRO TRUCK DRIVING SCHOOL CORPORATION,+,+,,,+,,,Y,0.93,0.70,0.55,0.78,1.00,ND
289664,METRO TRUCK DRIVING SCHOOL CORPORATION,176755,METRO TRUCK DRIVING SCHOOL,MISSISSAUGA,L5T1Y7,+,,,Y,0.93,0.70,0.55,0.78,1.00,ND
289664,METRO TRUCK DRIVING SCHOOL CORPORATION,176755,METRO TRUCK DRIVING SCHOOL,MISSISSAUGA,L5T1Y7,TRACTOR-TRAILER MELT,Tractor-Trailer / Driver Licensing,A Class Truck Driver,Y,0.93,0.70,0.55,0.78,1.00,ND
291784,OPTIONTRAIN INC.,+,+,,,+,,,Y,SS,ND,ND,ND,ND,ND
291784,OPTIONTRAIN INC.,178895,OPTIONTRAIN COLLEGE OF MANAGEMENT AND TECHNOLOGY,TORONTO,M4P1A9,+,,,Y,SS,ND,ND,ND,ND,ND
291784,OPTIONTRAIN INC.,178895,OPTIONTRAIN COLLEGE OF MANAGEMENT AND TECHNOLOGY,TORONTO,M4P1A9,POST GRADUATE DIPLOMA IN DATA SCIENCE AND BIG DATA,Computer and Information Technology,Other - Information Technology,Y,SS,ND,ND,ND,ND,ND
291784,OPTIONTRAIN INC.,178895,OPTIONTRAIN COLLEGE OF MANAGEMENT AND TECHNOLOGY,TORONTO,M4P1A9,PROJECT MANAGEMENT AND SCHEDULING,Business,Project Administration/Management,Y,ND,ND,ND,ND,ND,ND
295864,2574346 ONTARIO LTD.,+,+,,,+,,,Y,0.89,0.70,0.50,0.55,ND,ND
295864,2574346 ONTARIO LTD.,182995,"ELITE COLLEGE OF BUSINESS AND HEALTH CARE, MAIN ST.",MARKHAM,L3P1X2,+,,,Y,0.96,0.70,0.50,0.55,ND,ND
295864,2574346 ONTARIO LTD.,182995,"ELITE COLLEGE OF BUSINESS AND HEALTH CARE, MAIN ST.",MARKHAM,L3P1X2,LASER TECHNICIAN,Applied Arts and Science,Other - Applied Arts and Sciences,Y,1.00,0.75,0.50,0.56,ND,ND
295864,2574346 ONTARIO LTD.,182995,"ELITE COLLEGE OF BUSINESS AND HEALTH CARE, MAIN ST.",MARKHAM,L3P1X2,MEDICAL ESTHETICS,Human Services,Esthetics/Medical Esthetics,Y,SS,SS,SS,SS,ND,ND
295864,2574346 ONTARIO LTD.,202955,"ELITE COLLEGE OF BUSINESS AND HEALTH CARE, LESLIE ST.",RICHMOND HILL,L4B3Y4,+,,,Y,SS,ND,ND,ND,ND,ND
295864,2574346 ONTARIO LTD.,202955,"ELITE COLLEGE OF BUSINESS AND HEALTH CARE, LESLIE ST.",RICHMOND HILL,L4B3Y4,NACC PSW 2015,Health Services,Personal Support Worker/Personal Attendant,Y,SS,ND,ND,ND,ND,ND
296744,EDUXCITE INC.,+,+,,,+,,,Y,SS,SS,SS,SS,ND,ND
296744,EDUXCITE INC.,183895,CANADIAN COLLEGE OF HEALTHCARE AND PHARMACEUTICS,TORONTO,M9B1B5,+,,,Y,SS,SS,SS,SS,ND,ND
296744,EDUXCITE INC.,183895,CANADIAN COLLEGE OF HEALTHCARE AND PHARMACEUTICS,TORONTO,M9B1B5,PERSONAL SUPPORT WORKER (F/T DAYS),Health Services,Personal Support Worker/Personal Attendant,Y,SS,SS,SS,SS,ND,ND
296784,BRAR TRUCK TRAINING INC.,+,+,,,+,,,Y,1.00,0.81,0.45,0.84,1.00,ND
296784,BRAR TRUCK TRAINING INC.,183935,BRAR TRUCK TRAINING INC.,BRAMPTON,L6T0G3,+,,,Y,1.00,0.81,0.45,0.84,1.00,ND
296784,BRAR TRUCK TRAINING INC.,183935,BRAR TRUCK TRAINING INC.,BRAMPTON,L6T0G3,AZ TRACTOR-TRAILER (MELT),Tractor-Trailer / Driver Licensing,AZ Class Truck Driver,Y,1.00,0.81,0.45,0.84,1.00,ND
296964,ELITE CANADIAN AESTHETIC & HAIR ACADEMY INC.,+,+,,,+,,,Y,1.00,ND,ND,ND,ND,ND
296964,ELITE CANADIAN AESTHETIC & HAIR ACADEMY INC.,184115,ELITE ROYAL INTERNATIONAL CAREER COLLEGE,SCARBOROUGH,M1X0B7,+,,,Y,1.00,ND,ND,ND,ND,ND
296964,ELITE CANADIAN AESTHETIC & HAIR ACADEMY INC.,184115,ELITE ROYAL INTERNATIONAL CAREER COLLEGE,SCARBOROUGH,M1X0B7,AESTHETICS,Human Services,Esthetics/Medical Esthetics,Y,SS,ND,ND,ND,ND,ND
296964,ELITE CANADIAN AESTHETIC & HAIR ACADEMY INC.,184115,ELITE ROYAL INTERNATIONAL CAREER COLLEGE,SCARBOROUGH,M1X0B7,HAIRSTYLING,Service Trade,Hairstylist,Y,SS,ND,ND,ND,ND,ND
296964,ELITE CANADIAN AESTHETIC & HAIR ACADEMY INC.,184115,ELITE ROYAL INTERNATIONAL CAREER COLLEGE,SCARBOROUGH,M1X0B7,MEDICAL AESTHETICS,Human Services,Esthetics/Medical Esthetics,Y,1.00,ND,ND,ND,ND,ND
298506,SIMDEEP TRUCKLINE INC,+,+,,,+,,,Y,0.98,0.80,0.40,1.00,ND,ND
298506,SIMDEEP TRUCKLINE INC,185677,ADVANCE TRUCK TRAINING CENTRE,MISSISSAUGA,L4T1G3,+,,,Y,0.98,0.80,0.40,1.00,ND,ND
298506,SIMDEEP TRUCKLINE INC,185677,ADVANCE TRUCK TRAINING CENTRE,MISSISSAUGA,L4T1G3,COMMERCIAL TRUCK DRIVER TRAINING STANDARD (CLASS A),Tractor-Trailer / Driver Licensing,A Class Truck Driver,Y,0.98,0.80,0.40,1.00,ND,ND
298965,2559210 ONTARIO INC.,+,+,,,+,,,Y,0.91,0.64,0.30,0.86,1.00,ND
298965,2559210 ONTARIO INC.,186136,WHEELS AZ,MISSISSAUGA,L5S0A8,+,,,Y,0.91,0.64,0.30,0.86,1.00,ND
298965,2559210 ONTARIO INC.,186136,WHEELS AZ,MISSISSAUGA,L5S0A8,"M.E.L.T. (TRACTOR-TRAILER CLASS ""A"" ENTRY-LEVEL DRIVER TRAINING)",Tractor-Trailer / Driver Licensing,A Class Truck Driver,Y,0.91,0.64,0.30,0.86,1.00,ND
299045,QUEENSWOOD COLLEGE OF BUSINESS HEALTH AND TECHNOLOGY INC.,+,+,,,+,,,Y,1.00,0.80,0.67,1.00,1.00,ND
299045,QUEENSWOOD COLLEGE OF BUSINESS HEALTH AND TECHNOLOGY INC.,186216,QUEENSWOOD COLLEGE OF BUSINESS HEALTH AND TECHNOLOGY,BRAMPTON,L6S5N1,+,,,Y,1.00,0.80,0.67,1.00,1.00,ND
299045,QUEENSWOOD COLLEGE OF BUSINESS HEALTH AND TECHNOLOGY INC.,186216,QUEENSWOOD COLLEGE OF BUSINESS HEALTH AND TECHNOLOGY,BRAMPTON,L6S5N1,FOOD SERVICE WORKER,Health Services,Other - Health Services,Y,1.00,1.00,1.00,1.00,ND,ND
299045,QUEENSWOOD COLLEGE OF BUSINESS HEALTH AND TECHNOLOGY INC.,186216,QUEENSWOOD COLLEGE OF BUSINESS HEALTH AND TECHNOLOGY,BRAMPTON,L6S5N1,MEDICAL OFFICE ASSISTANT P/T,Health Services,Medical Office Administration/Management,Y,1.00,ND,ND,ND,ND,ND
299045,QUEENSWOOD COLLEGE OF BUSINESS HEALTH AND TECHNOLOGY INC.,186216,QUEENSWOOD COLLEGE OF BUSINESS HEALTH AND TECHNOLOGY,BRAMPTON,L6S5N1,MEDICAL OFFICE ASSISTANT,Applied Arts and Science,Other - Applied Arts and Sciences,Y,1.00,1.00,1.00,1.00,1.00,ND
299045,QUEENSWOOD COLLEGE OF BUSINESS HEALTH AND TECHNOLOGY INC.,186216,QUEENSWOOD COLLEGE OF BUSINESS HEALTH AND TECHNOLOGY,BRAMPTON,L6S5N1,PERSONAL SUPPORT WORKER (25 WEEKS)*,Health Services,Personal Support Worker/Personal Attendant,Y,1.00,See combined program results below,See combined program results below,See combined program results below,See combined program results below,ND
299045,QUEENSWOOD COLLEGE OF BUSINESS HEALTH AND TECHNOLOGY INC.,186216,QUEENSWOOD COLLEGE OF BUSINESS HEALTH AND TECHNOLOGY,BRAMPTON,L6S5N1,PERSONAL SUPPORT WORKER (45 WEEKS)*,Health Services,Personal Support Worker/Personal Attendant,Y,SS,See combined program results below,See combined program results below,See combined program results below,See combined program results below,ND
299045,QUEENSWOOD COLLEGE OF BUSINESS HEALTH AND TECHNOLOGY INC.,186216,QUEENSWOOD COLLEGE OF BUSINESS HEALTH AND TECHNOLOGY,BRAMPTON,L6S5N1,PERSONAL SUPPORT WORKER (COMBINED 25 WEEKS AND 45 WEEKS)**,Health Services,Personal Support Worker/Personal Attendant,Y,See program results above,0.73,0.55,1.00,1.00,See program results above
299285,1435791 ONTARIO INC.,+,+,,,+,,,Y,0.64,0.63,0.25,0.78,0.50,ND
299285,1435791 ONTARIO INC.,186476,HAMILTON TRUCK TRAINING CENTRE,HAMILTON,L8E4W8,+,,,Y,0.64,0.63,0.25,0.78,0.50,ND
299285,1435791 ONTARIO INC.,186476,HAMILTON TRUCK TRAINING CENTRE,HAMILTON,L8E4W8,AZ TRACTOR-TRAILER (MELT),Tractor-Trailer / Driver Licensing,AZ Class Truck Driver,Y,0.64,0.63,0.25,0.78,0.50,ND
299584,APPLIANCE TECHNICAL INSTITUTE OF CANADA INC.,+,+,,,+,,,Y,0.75,0.81,0.36,0.68,1.00,ND
299584,APPLIANCE TECHNICAL INSTITUTE OF CANADA INC.,186775,APPLIANCE TECHNICAL INSTITUTE OF CANADA INC.,MISSISSAUGA,L4X2G6,+,,,Y,0.75,0.81,0.36,0.68,1.00,ND
299584,APPLIANCE TECHNICAL INSTITUTE OF CANADA INC.,186775,APPLIANCE TECHNICAL INSTITUTE OF CANADA INC.,MISSISSAUGA,L4X2G6,APPLIANCE SERVICE TECHNICIAN (25 WEEKS)*,Applied Arts and Science,Other - Applied Arts and Sciences,Y,0.84,See combined program results below,See combined program results below,See combined program results below,See combined program results below,ND
299584,APPLIANCE TECHNICAL INSTITUTE OF CANADA INC.,186775,APPLIANCE TECHNICAL INSTITUTE OF CANADA INC.,MISSISSAUGA,L4X2G6,APPLIANCE SERVICE TECHNICIAN (29 WEEKS)*,Applied Arts and Science,Other - Applied Arts and Sciences,Y,0.61,See combined program results below,See combined program results below,See combined program results below,See combined program results below,ND
299584,APPLIANCE TECHNICAL INSTITUTE OF CANADA INC.,186775,APPLIANCE TECHNICAL INSTITUTE OF CANADA INC.,MISSISSAUGA,L4X2G6,APPLIANCE SERVICE TECHNICIAN (COMBINED 25 WEEKS AND 29 WEEKS)**,Applied Arts and Science,Other - Applied Arts and Sciences,Y,See program results above,0.81,0.50,0.70,ND,See program results above
299584,APPLIANCE TECHNICAL INSTITUTE OF CANADA INC.,186775,APPLIANCE TECHNICAL INSTITUTE OF CANADA INC.,MISSISSAUGA,L4X2G6,GAS TECHNICIAN 3 (12 WEEKS)*,Technical Standards and Safety Authority (TSSA) Restricted Tradesperson,Gas Technician,Y,0.80,See combined program results below,See combined program results below,See combined program results below,See combined program results below,ND
299584,APPLIANCE TECHNICAL INSTITUTE OF CANADA INC.,186775,APPLIANCE TECHNICAL INSTITUTE OF CANADA INC.,MISSISSAUGA,L4X2G6,GAS TECHNICIAN 3 (5 WEEKS)*,Technical Standards and Safety Authority (TSSA) Restricted Tradesperson,Gas Technician,Y,0.89,See combined program results below,See combined program results below,See combined program results below,See combined program results below,ND
299584,APPLIANCE TECHNICAL INSTITUTE OF CANADA INC.,186775,APPLIANCE TECHNICAL INSTITUTE OF CANADA INC.,MISSISSAUGA,L4X2G6,GAS TECHNICIAN 3 (COMBINED 5 WEEKS AND 12 WEEKS)**,Technical Standards and Safety Authority (TSSA) Restricted Tradesperson,Gas Technician,Y,See program results above,0.82,0.26,0.67,1.00,See program results above
301864,ALLPRO TRUCK TRAINING ACADEMY INC.,+,+,,,+,,,Y,1.00,0.75,0.42,0.94,0.50,ND
301864,ALLPRO TRUCK TRAINING ACADEMY INC.,189115,ALLPRO TRUCK TRAINING ACADEMY INC.,BOLTON,L7E1G4,+,,,Y,1.00,0.75,0.42,0.94,0.50,ND
301864,ALLPRO TRUCK TRAINING ACADEMY INC.,189115,ALLPRO TRUCK TRAINING ACADEMY INC.,BOLTON,L7E1G4,AZ TRACTOR-TRAILER (MELT),Tractor-Trailer / Driver Licensing,AZ Class Truck Driver,Y,1.00,0.75,0.42,0.94,0.50,ND
303584,LEE CALVIN KILLORAN,+,+,,,+,,,Y,0.95,0.91,0.86,0.96,ND,ND
303584,LEE CALVIN KILLORAN,190915,LJP SKILLS TRAINING,GUELPH,N1K1B1,+,,,Y,0.95,0.91,0.86,0.96,ND,ND
303584,LEE CALVIN KILLORAN,190915,LJP SKILLS TRAINING,GUELPH,N1K1B1,GENERAL WELDING SKILLS,Industrial Trade,Welder,Y,0.92,1.00,0.80,0.83,ND,ND
303584,LEE CALVIN KILLORAN,190915,LJP SKILLS TRAINING,GUELPH,N1K1B1,PIPE WELDING FOR WELDERS,Industrial Trade,Welder,Y,SS,SS,SS,SS,ND,ND
303584,LEE CALVIN KILLORAN,190915,LJP SKILLS TRAINING,GUELPH,N1K1B1,PROFESSIONAL PIPE WELDING PLUS,Industrial Trade,Welder,Y,0.95,0.85,0.85,1.00,ND,ND
304184,2576059 ONTARIO LIMITED,+,+,,,+,,,Y,SS,ND,ND,ND,ND,ND
304184,2576059 ONTARIO LIMITED,191535,"LIAISON COLLEGE AT PASQUALINO, MILTON",MILTON,L9T1N8,+,,,Y,SS,ND,ND,ND,ND,ND
304184,2576059 ONTARIO LIMITED,191535,"LIAISON COLLEGE AT PASQUALINO, MILTON",MILTON,L9T1N8,COOK BASIC - LEVEL I (P/T),Service Trade,Chef,Y,SS,ND,ND,ND,ND,ND
304184,2576059 ONTARIO LIMITED,191535,"LIAISON COLLEGE AT PASQUALINO, MILTON",MILTON,L9T1N8,COOK BASIC - LEVEL I,Service Trade,Chef,Y,SS,ND,ND,ND,ND,ND
304344,DIXIE TRUCK & FORKLIFT DRIVING SCHOOL INC.,+,+,,,+,,,Y,1.00,0.50,0.25,1.00,ND,ND
304344,DIXIE TRUCK & FORKLIFT DRIVING SCHOOL INC.,191695,DIXIE TRUCK & FORKLIFT DRIVING SCHOOL,BRAMPTON,L6W4N9,+,,,Y,1.00,0.50,0.25,1.00,ND,ND
304344,DIXIE TRUCK & FORKLIFT DRIVING SCHOOL INC.,191695,DIXIE TRUCK & FORKLIFT DRIVING SCHOOL,BRAMPTON,L6W4N9,TRACTOR-TRAILER (A-Z) DRIVER M.E.L.T.,Tractor-Trailer / Driver Licensing,AZ Class Truck Driver,Y,1.00,0.50,0.25,1.00,ND,ND
305846,WECLOUDDATA INC.,+,+,,,+,,,Y,0.90,0.55,0.45,0.86,ND,ND
305846,WECLOUDDATA INC.,193197,WECLOUDDATA ACADEMY,TORONTO,M5B1T3,+,,,Y,0.90,0.55,0.45,0.86,ND,ND
305846,WECLOUDDATA INC.,193197,WECLOUDDATA ACADEMY,TORONTO,M5B1T3,APPLIED DATA SCIENCE AND BIG DATA,Computer and Information Technology,Information Technology,Y,0.90,0.55,0.45,0.86,ND,ND
306204,2375741 ONTARIO INC,+,+,,,+,,,Y,0.34,0.82,0.63,0.79,1.00,ND
306204,2375741 ONTARIO INC,193535,A1 TRANSPORTATION ACADEMY,MISSISSAUGA,L5S0A8,+,,,Y,0.34,0.82,0.63,0.79,1.00,ND
306204,2375741 ONTARIO INC,193535,A1 TRANSPORTATION ACADEMY,MISSISSAUGA,L5S0A8,TRACTOR AND TRAILER DRIVER PROGRAM,Tractor-Trailer / Driver Licensing,A Class Truck Driver,Y,0.34,0.82,0.63,0.79,1.00,ND
306304,HEALTH AND BEAUTY CANADIAN COLLEGE INC.,+,+,,,+,,,Y,1.00,0.94,0.94,1.00,1.00,ND
306304,HEALTH AND BEAUTY CANADIAN COLLEGE INC.,193635,HEALTH AND BEAUTY CANADIAN COLLEGE,TORONTO,L3T6R2,+,,,Y,1.00,0.94,0.94,1.00,1.00,ND
306304,HEALTH AND BEAUTY CANADIAN COLLEGE INC.,193635,HEALTH AND BEAUTY CANADIAN COLLEGE,TORONTO,L3T6R2,MEDICAL ESTHETICS,Human Services,Esthetics/Medical Esthetics,Y,1.00,0.94,0.94,1.00,1.00,ND
306306,NORTHERN CONSTRUCTION ACADEMY INC.,+,+,,,+,,,Y,0.93,0.85,0.62,0.79,1.00,ND
306306,NORTHERN CONSTRUCTION ACADEMY INC.,193637,NORTHERN CONSTRUCTION ACADEMY INC.,GARSON,P3L1N3,+,,,Y,0.93,0.85,0.62,0.79,1.00,ND
306306,NORTHERN CONSTRUCTION ACADEMY INC.,193637,NORTHERN CONSTRUCTION ACADEMY INC.,GARSON,P3L1N3,ARTICULATED TRUCK OPERATOR,Construction Trade,Heavy Equipment Operator,Y,SS,SS,SS,SS,ND,ND
306306,NORTHERN CONSTRUCTION ACADEMY INC.,193637,NORTHERN CONSTRUCTION ACADEMY INC.,GARSON,P3L1N3,DZ TRUCK TRAINING,Tractor-Trailer / Driver Licensing,DZ Class Truck Driver,Y,SS,SS,SS,SS,ND,ND
306306,NORTHERN CONSTRUCTION ACADEMY INC.,193637,NORTHERN CONSTRUCTION ACADEMY INC.,GARSON,P3L1N3,FIVE PIECE HEAVY EQUIPMENT OPERATOR,Construction Trade,Heavy Equipment Operator,Y,ND,ND,ND,ND,ND,ND
306306,NORTHERN CONSTRUCTION ACADEMY INC.,193637,NORTHERN CONSTRUCTION ACADEMY INC.,GARSON,P3L1N3,FOUR PIECE HEAVY EQUIPMENT + MELT Z,Construction Trade,Heavy Equipment Operator,Y,SS,SS,SS,SS,ND,ND
306306,NORTHERN CONSTRUCTION ACADEMY INC.,193637,NORTHERN CONSTRUCTION ACADEMY INC.,GARSON,P3L1N3,FOUR PIECE HEAVY EQUIPMENT OPERATOR,Construction Trade,Heavy Equipment Operator,Y,0.86,1.00,0.67,0.33,ND,ND
306306,NORTHERN CONSTRUCTION ACADEMY INC.,193637,NORTHERN CONSTRUCTION ACADEMY INC.,GARSON,P3L1N3,FOUR PIECE HEAVY EQUIPMENT PROGRAM,Construction Trade,Heavy Equipment Operator,Y,SS,SS,SS,SS,ND,ND
306306,NORTHERN CONSTRUCTION ACADEMY INC.,193637,NORTHERN CONSTRUCTION ACADEMY INC.,GARSON,P3L1N3,MELT Z,Tractor-Trailer / Driver Licensing,AZ Class Truck Driver,Y,1.00,1.00,0.67,1.00,1.00,ND
306306,NORTHERN CONSTRUCTION ACADEMY INC.,193637,NORTHERN CONSTRUCTION ACADEMY INC.,GARSON,P3L1N3,SIX PIECE HEAVY EQUIPMENT OPERATOR,Construction Trade,Heavy Equipment Operator,Y,SS,SS,SS,SS,ND,ND
306445,KNOWLEDGESURGE INSTITUTE INC.,+,+,,,+,,,Y,0.73,0.79,0.71,0.82,1.00,ND
306445,KNOWLEDGESURGE INSTITUTE INC.,193759,KNOWLEDGESURGE INSTITUTE,BARRIE,L4N8X1,+,,,Y,0.73,0.79,0.71,0.82,1.00,ND
306445,KNOWLEDGESURGE INSTITUTE INC.,193759,KNOWLEDGESURGE INSTITUTE,BARRIE,L4N8X1,BEGINNER DRIVER EDUCATION (BDE) DRIVING INSTRUCTOR,Motive Power Trade,Automotive Service Technician,Y,1.00,1.00,0.86,1.00,ND,ND
306445,KNOWLEDGESURGE INSTITUTE INC.,193759,KNOWLEDGESURGE INSTITUTE,BARRIE,L4N8X1,ELITESTART (MELT),Tractor-Trailer / Driver Licensing,AZ Class Truck Driver,Y,0.67,0.75,0.75,0.88,ND,ND
306445,KNOWLEDGESURGE INSTITUTE INC.,193759,KNOWLEDGESURGE INSTITUTE,BARRIE,L4N8X1,ELITESTART LIGHT (DZ),Tractor-Trailer / Driver Licensing,DZ Class Truck Driver,Y,0.29,0.80,0.60,0.60,ND,ND
306445,KNOWLEDGESURGE INSTITUTE INC.,193759,KNOWLEDGESURGE INSTITUTE,BARRIE,L4N8X1,ELITESTART PRO (MELT),Tractor-Trailer / Driver Licensing,AZ Class Truck Driver,Y,0.88,0.71,0.64,0.79,1.00,ND
306647,1695268 ONTARIO INC.,+,+,,,+,,,Y,0.82,0.82,0.61,0.85,1.00,ND
306647,1695268 ONTARIO INC.,193958,ALLWAY TRUCKING SERVICES,TORONTO,M1S5H6,+,,,Y,0.82,0.82,0.61,0.85,1.00,ND
306647,1695268 ONTARIO INC.,193958,ALLWAY TRUCKING SERVICES,TORONTO,M1S5H6,TRACTOR-TRAILER (A),Tractor-Trailer / Driver Licensing,A Class Truck Driver,Y,0.82,0.82,0.61,0.85,1.00,ND
307127,9853227 CANADA INC.,+,+,,,+,,,Y,0.95,0.75,0.38,1.00,ND,ND
307127,9853227 CANADA INC.,194438,COMMERCIAL DRIVER TRAINING CENTRE,TORONTO,M9W6R2,+,,,Y,0.95,0.75,0.38,1.00,ND,ND
307127,9853227 CANADA INC.,194438,COMMERCIAL DRIVER TRAINING CENTRE,TORONTO,M9W6R2,TRACTOR-TRAILER (A),Tractor-Trailer / Driver Licensing,A Class Truck Driver,Y,0.95,0.75,0.38,1.00,ND,ND
307175,GLOBAL TRUCK ACADEMY LTD,+,+,,,+,,,Y,1.00,0.67,0.42,0.81,1.00,ND
307175,GLOBAL TRUCK ACADEMY LTD,194486,"GLOBAL TRUCK ACADEMY LTD, CMPS-194486",BRAMPTON,L6T5G9,+,,,Y,1.00,0.67,0.42,0.81,1.00,ND
307175,GLOBAL TRUCK ACADEMY LTD,194486,"GLOBAL TRUCK ACADEMY LTD, CMPS-194486",BRAMPTON,L6T5G9,COMMERCIAL TRUCK DRIVER TRAINING STANDARD (CLASS A),Tractor-Trailer / Driver Licensing,A Class Truck Driver,Y,1.00,0.67,0.42,0.81,1.00,ND
307285,PEEL TRUCKING ACADEMY INC,+,+,,,+,,,Y,1.00,0.62,0.33,0.91,ND,ND
307285,PEEL TRUCKING ACADEMY INC,194596,AMERICAN TRUCK DRIVING SCHOOL,BRAMPTON,L6S5N6,+,,,Y,1.00,0.62,0.33,0.91,ND,ND
307285,PEEL TRUCKING ACADEMY INC,194596,AMERICAN TRUCK DRIVING SCHOOL,BRAMPTON,L6S5N6,TRACTOR-TRAILER MELT,Tractor-Trailer / Driver Licensing,A Class Truck Driver,Y,1.00,0.62,0.33,0.91,ND,ND
308207,CANADIAN INSTITUTE FOR CHILD AND ADOLESCENT PSYCHOANALYTIC PSYCHOTHERAPY,+,+,,,+,,,Y,ND,SS,SS,SS,ND,ND
308207,CANADIAN INSTITUTE FOR CHILD AND ADOLESCENT PSYCHOANALYTIC PSYCHOTHERAPY,203845,CICAPP,TORONTO,M6C2P1,+,,,Y,ND,SS,SS,SS,ND,ND
308207,CANADIAN INSTITUTE FOR CHILD AND ADOLESCENT PSYCHOANALYTIC PSYCHOTHERAPY,203845,CICAPP,TORONTO,M6C2P1,CANADIAN INSTITUTE FOR CHILD & ADOLESCENT PSYCHOANALYTIC PSYCHOTHERAPY,Health Services,Other - Health Services,Y,ND,SS,SS,SS,ND,ND
309566,REDWOOD BEAUTY COLLEGE INC,+,+,,,+,,,Y,0.96,0.80,0.80,1.00,ND,ND
309566,REDWOOD BEAUTY COLLEGE INC,196917,REDWOOD BEAUTY COLLEGE INC O/A REDWOOD BEAUTY COLLEGE,MARKHAM,L3R0M3,+,,,Y,0.96,0.80,0.80,1.00,ND,ND
309566,REDWOOD BEAUTY COLLEGE INC,196917,REDWOOD BEAUTY COLLEGE INC O/A REDWOOD BEAUTY COLLEGE,MARKHAM,L3R0M3,MEDICAL SPA ADVANCED THERAPIST,Applied Arts and Science,Other - Applied Arts and Sciences,Y,0.96,0.80,0.80,1.00,ND,ND
309566,REDWOOD BEAUTY COLLEGE INC,196917,REDWOOD BEAUTY COLLEGE INC O/A REDWOOD BEAUTY COLLEGE,MARKHAM,L3R0M3,SKINCARE THERAPIST,Applied Arts and Science,Other - Applied Arts and Sciences,Y,SS,ND,ND,ND,ND,ND
309964,2392904 ONTARIO INC.,+,+,,,+,,,Y,1.00,0.80,0.47,0.88,1.00,ND
309964,2392904 ONTARIO INC.,197335,GLOBAL TRUCK DRIVING SCHOOL,BRAMPTON,L6S5Z4,+,,,Y,1.00,0.80,0.47,0.88,1.00,ND
309964,2392904 ONTARIO INC.,197335,GLOBAL TRUCK DRIVING SCHOOL,BRAMPTON,L6S5Z4,AZ TRACTOR-TRAILER (MELT),Tractor-Trailer / Driver Licensing,AZ Class Truck Driver,Y,1.00,0.80,0.47,0.88,1.00,ND
311104,NEW GEN TRUCK DRIVING SCHOOL LTD.,+,+,,,+,,,Y,0.99,0.74,0.49,0.92,1.00,ND
311104,NEW GEN TRUCK DRIVING SCHOOL LTD.,198495,NEW GEN TRUCK DRIVING SCHOOL LTD.,BRAMPTON,L6W3M2,+,,,Y,0.99,0.73,0.47,0.93,1.00,ND
311104,NEW GEN TRUCK DRIVING SCHOOL LTD.,198495,NEW GEN TRUCK DRIVING SCHOOL LTD.,BRAMPTON,L6W3M2,AZ TRACTOR-TRAILER (MELT),Tractor-Trailer / Driver Licensing,AZ Class Truck Driver,Y,0.99,0.70,0.47,0.94,ND,ND
311104,NEW GEN TRUCK DRIVING SCHOOL LTD.,198495,NEW GEN TRUCK DRIVING SCHOOL LTD.,BRAMPTON,L6W3M2,TRACTOR-TRAILER (MELT),Tractor-Trailer / Driver Licensing,A Class Truck Driver,Y,1.00,0.76,0.47,0.90,1.00,ND
311104,NEW GEN TRUCK DRIVING SCHOOL LTD.,204679,"NEW GEN TRUCK DRIVING SCHOOL LTD., WINDSOR",WINDSOR,N9G6J3,+,,,Y,1.00,0.81,0.55,0.89,1.00,ND
311104,NEW GEN TRUCK DRIVING SCHOOL LTD.,204679,"NEW GEN TRUCK DRIVING SCHOOL LTD., WINDSOR",WINDSOR,N9G6J3,AZ TRACTOR-TRAILER (MELT),Tractor-Trailer / Driver Licensing,AZ Class Truck Driver,Y,1.00,0.82,0.56,0.87,1.00,ND
311104,NEW GEN TRUCK DRIVING SCHOOL LTD.,204679,"NEW GEN TRUCK DRIVING SCHOOL LTD., WINDSOR",WINDSOR,N9G6J3,TRACTOR-TRAILER (MELT),Tractor-Trailer / Driver Licensing,A Class Truck Driver,Y,1.00,0.75,0.50,1.00,1.00,ND
311486,ALPHA CAREER COLLEGE INC.,+,+,,,+,,,Y,0.84,0.73,0.65,0.89,1.00,ND
311486,ALPHA CAREER COLLEGE INC.,198877,ALPHA CAREER COLLEGE,NORTH YORK,M3J2G6,+,,,Y,0.84,0.73,0.65,0.89,1.00,ND
311486,ALPHA CAREER COLLEGE INC.,198877,ALPHA CAREER COLLEGE,NORTH YORK,M3J2G6,MENTAL HEALTH AND ADDICTIONS,Health Services,Other - Health Services,Y,ND,ND,ND,ND,ND,ND
311486,ALPHA CAREER COLLEGE INC.,198877,ALPHA CAREER COLLEGE,NORTH YORK,M3J2G6,NACC PERSONAL SUPPORT WORKER DE 2022,Health Services,Personal Support Worker/Personal Attendant,Y,ND,0.57,0.57,1.00,ND,ND
311486,ALPHA CAREER COLLEGE INC.,198877,ALPHA CAREER COLLEGE,NORTH YORK,M3J2G6,PERSONAL SUPPORT WORKER,Health Services,Personal Support Worker/Personal Attendant,Y,0.84,0.79,0.68,0.84,1.00,ND
312386,2649488 ONTARIO INC.,+,+,,,+,,,Y,0.89,0.86,0.64,1.00,ND,ND
312386,2649488 ONTARIO INC.,199817,COMMERCIAL TRUCK TRAINING ACADEMY,MISSISSAUGA,L5T1R7,+,,,Y,0.89,0.86,0.64,1.00,ND,ND
312386,2649488 ONTARIO INC.,199817,COMMERCIAL TRUCK TRAINING ACADEMY,MISSISSAUGA,L5T1R7,COMMERCIAL CLASS A ENTRY-LEVEL TRACTOR-TRAILER DRIVER TRAINING,Tractor-Trailer / Driver Licensing,A Class Truck Driver,Y,0.89,0.86,0.64,1.00,ND,ND
316148,RUDOLF STEINER COLLEGE CANADA FOR ANTHROPOSOPHY * WALDORF EDUCATION * ARTS,+,+,,,+,,,Y,0.71,1.00,1.00,1.00,1.00,ND
316148,RUDOLF STEINER COLLEGE CANADA FOR ANTHROPOSOPHY * WALDORF EDUCATION * ARTS,203747,"RUDOLF STEINER COLLEGE CANADA FOR ANTHROPOSOPHY * WALDORF EDUCATION * ARTS, RUDOLF STEINER COLLEGE CANADA FOR ANTHROPOSOPHY*WA",THORNHILL,L4J8C7,+,,,Y,0.71,1.00,1.00,1.00,1.00,ND
316148,RUDOLF STEINER COLLEGE CANADA FOR ANTHROPOSOPHY * WALDORF EDUCATION * ARTS,203747,"RUDOLF STEINER COLLEGE CANADA FOR ANTHROPOSOPHY * WALDORF EDUCATION * ARTS, RUDOLF STEINER COLLEGE CANADA FOR ANTHROPOSOPHY*WA",THORNHILL,L4J8C7,WALDORF EARLY CHILDHOOD TEACHER EDUCATION FULL-TIME,Human Services,Other - Human Services,Y,ND,SS,SS,SS,1.00,ND
316148,RUDOLF STEINER COLLEGE CANADA FOR ANTHROPOSOPHY * WALDORF EDUCATION * ARTS,203747,"RUDOLF STEINER COLLEGE CANADA FOR ANTHROPOSOPHY * WALDORF EDUCATION * ARTS, RUDOLF STEINER COLLEGE CANADA FOR ANTHROPOSOPHY*WA",THORNHILL,L4J8C7,WALDORF TEACHER EDUCATION FULL-TIME,Human Services,Other - Human Services,Y,0.71,ND,ND,ND,ND,ND
316258,DHOTA TRANSPORT LTD.,+,+,,,+,,,Y,0.52,0.70,0.40,0.85,ND,ND
316258,DHOTA TRANSPORT LTD.,203915,HOLY CITY TRUCK DRIVING SCHOOL,MISSISSAUGA,L5T1J5,+,,,Y,0.52,0.70,0.40,0.85,ND,ND
316258,DHOTA TRANSPORT LTD.,203915,HOLY CITY TRUCK DRIVING SCHOOL,MISSISSAUGA,L5T1J5,CLASS A TRUCK TRAINING,Tractor-Trailer / Driver Licensing,A Class Truck Driver,Y,0.52,0.70,0.40,0.85,ND,ND
316261,SAFEWAY TRUCK DRIVING SCHOOL INC.,+,+,,,+,,,Y,1.00,0.89,0.61,0.95,ND,ND
316261,SAFEWAY TRUCK DRIVING SCHOOL INC.,203905,SAFEWAY TRUCK DRIVING SCHOOL INC.,MISSISSAUGA,L5S1V9,+,,,Y,1.00,0.89,0.61,0.95,ND,ND
316261,SAFEWAY TRUCK DRIVING SCHOOL INC.,203905,SAFEWAY TRUCK DRIVING SCHOOL INC.,MISSISSAUGA,L5S1V9,AZ TRACTOR-TRAILER (MELT),Tractor-Trailer / Driver Licensing,AZ Class Truck Driver,Y,1.00,0.89,0.61,0.95,ND,ND
316273,CANADIAN MUSIC AND ARTS COLLEGE INC.,+,+,,,+,,,Y,SS,0.67,0.67,0.90,1.00,ND
316273,CANADIAN MUSIC AND ARTS COLLEGE INC.,204148,CANADIAN MUSIC AND ARTS COLLEGE,TORONTO,M1W2P7,+,,,Y,SS,0.67,0.67,0.90,1.00,ND
316273,CANADIAN MUSIC AND ARTS COLLEGE INC.,204148,CANADIAN MUSIC AND ARTS COLLEGE,TORONTO,M1W2P7,PROFESSIONAL PIANO TUNER AND REPAIR TECHNICIAN,Services,Customer Service/Retail Sales,Y,SS,0.67,0.67,0.90,1.00,ND
316362,BAKTASH DIRECT INC.,+,+,,,+,,,Y,0.37,0.82,0.73,0.91,ND,ND
316362,BAKTASH DIRECT INC.,203952,"CLI COLLEGE OF BUSINESS HEALTH & TECHNOLOGY (SCARBOROUGH), (SCARBOROUGH)",TORONTO,M1R5G4,+,,,Y,0.37,0.82,0.73,0.91,ND,ND
316362,BAKTASH DIRECT INC.,203952,"CLI COLLEGE OF BUSINESS HEALTH & TECHNOLOGY (SCARBOROUGH), (SCARBOROUGH)",TORONTO,M1R5G4,NACC PSW 2015,Health Services,Personal Support Worker/Personal Attendant,Y,0.37,0.82,0.73,0.91,ND,ND
316372,2692538 ONTARIO INC.,+,+,,,+,,,Y,0.00,SS,SS,SS,ND,ND
316372,2692538 ONTARIO INC.,203931,GUELPH TRUCK DRIVING SCHOOL,GUELPH,N1H1C7,+,,,Y,0.00,SS,SS,SS,ND,ND
316372,2692538 ONTARIO INC.,203931,GUELPH TRUCK DRIVING SCHOOL,GUELPH,N1H1C7,CLASS A TRUCK DRIVING LICENSE,Tractor-Trailer / Driver Licensing,A Class Truck Driver,Y,0.00,SS,SS,SS,ND,ND
316460,NEW BMG TRUCK DRIVING SCHOOL LTD.,+,+,,,+,,,Y,0.98,0.64,0.32,0.93,ND,ND
316460,NEW BMG TRUCK DRIVING SCHOOL LTD.,204002,NEW BMG TRUCK DRIVING SCHOOL LTD.,MISSISSAUGA,L4T3C4,+,,,Y,0.98,0.64,0.32,0.93,ND,ND
316460,NEW BMG TRUCK DRIVING SCHOOL LTD.,204002,NEW BMG TRUCK DRIVING SCHOOL LTD.,MISSISSAUGA,L4T3C4,AZ TRACTOR-TRAILER (MELT),Tractor-Trailer / Driver Licensing,AZ Class Truck Driver,Y,0.98,0.64,0.32,0.93,ND,ND
316481,BRIGHT FUTURE DRIVING SCHOOL INC,+,+,,,+,,,Y,1.00,0.73,0.46,0.93,1.00,ND
316481,BRIGHT FUTURE DRIVING SCHOOL INC,204086,BRIGHT FUTURE DRIVING SCHOOL INC.,BRAMPTON,L6S0C9,+,,,Y,1.00,0.73,0.46,0.93,1.00,ND
316481,BRIGHT FUTURE DRIVING SCHOOL INC,204086,BRIGHT FUTURE DRIVING SCHOOL INC.,BRAMPTON,L6S0C9,COMMERCIAL TRUCK DRIVER TRAINING STANDARD (CLASS A),Tractor-Trailer / Driver Licensing,A Class Truck Driver,Y,1.00,0.73,0.46,0.93,1.00,ND
316489,AMBER TRUCKING COMPANY LTD.,+,+,,,+,,,Y,0.88,0.81,0.38,0.94,1.00,ND
316489,AMBER TRUCKING COMPANY LTD.,204038,STAR TRUCK AND CAR DRIVING SCHOOL,MISSISSAUGA,L5S1P3,+,,,Y,0.88,0.81,0.38,0.94,1.00,ND
316489,AMBER TRUCKING COMPANY LTD.,204038,STAR TRUCK AND CAR DRIVING SCHOOL,MISSISSAUGA,L5S1P3,TRACTOR-TRAILER TRAINING PROGRAM,Tractor-Trailer / Driver Licensing,A Class Truck Driver,Y,0.88,0.81,0.38,0.94,1.00,ND
316491,HR TEMP SERVICES INC.,+,+,,,+,,,Y,1.00,0.71,0.50,0.86,1.00,ND
316491,HR TEMP SERVICES INC.,204028,HR TRUCK DRIVING SCHOOL,BRAMPTON,L6T5M8,+,,,Y,1.00,0.71,0.50,0.86,1.00,ND
316491,HR TEMP SERVICES INC.,204028,HR TRUCK DRIVING SCHOOL,BRAMPTON,L6T5M8,TRUCK DRIVER TRAINING,Tractor-Trailer / Driver Licensing,A Class Truck Driver,Y,1.00,0.71,0.50,0.86,1.00,ND
316501,2425471 ONTARIO INC.,+,+,,,+,,,Y,0.64,0.78,0.55,0.94,1.00,ND
316501,2425471 ONTARIO INC.,204039,SANDHU TRUCK DRIVING SCHOOL,BRAMPTON,L6W4V4,+,,,Y,0.64,0.78,0.55,0.94,1.00,ND
316501,2425471 ONTARIO INC.,204039,SANDHU TRUCK DRIVING SCHOOL,BRAMPTON,L6W4V4,TRACTOR TRAILER A,Tractor-Trailer / Driver Licensing,A Class Truck Driver,Y,0.64,0.78,0.55,0.94,1.00,ND
316507,1978 TRUCK ACADEMY INC.,+,+,,,+,,,Y,0.64,0.77,0.50,0.89,0.50,ND
316507,1978 TRUCK ACADEMY INC.,204033,MD TRUCK ACADEMY,MISSISSAUGA,L4Z1X2,+,,,Y,0.64,0.77,0.50,0.89,0.50,ND
316507,1978 TRUCK ACADEMY INC.,204033,MD TRUCK ACADEMY,MISSISSAUGA,L4Z1X2,AZ TRACTOR-TRAILER (MELT),Tractor-Trailer / Driver Licensing,AZ Class Truck Driver,Y,0.64,0.77,0.50,0.89,0.50,ND
316517,2615362 ONTARIO INC.,+,+,,,+,,,Y,0.40,0.62,0.43,0.68,1.00,ND
316517,2615362 ONTARIO INC.,204062,ARAZ TRUCKING SCHOOL,RICHMOND HILL,L4B3K8,+,,,Y,0.40,0.62,0.43,0.68,1.00,ND
316517,2615362 ONTARIO INC.,204062,ARAZ TRUCKING SCHOOL,RICHMOND HILL,L4B3K8,AZ TRACTOR-TRAILER (MELT),Tractor-Trailer / Driver Licensing,AZ Class Truck Driver,Y,0.40,0.62,0.43,0.68,1.00,ND
316582,2579906 ONTARIO INC.,+,+,,,+,,,Y,0.94,0.81,0.50,0.82,1.00,ND
316582,2579906 ONTARIO INC.,204281,"CROWN TRUCK DRIVING ACADEMY, 17274642",BRAMPTON,L6R3J5,+,,,Y,0.94,0.81,0.50,0.82,1.00,ND
316582,2579906 ONTARIO INC.,204281,"CROWN TRUCK DRIVING ACADEMY, 17274642",BRAMPTON,L6R3J5,TRACTOR-TRAILER DRIVER PROGRAM,Tractor-Trailer / Driver Licensing,A Class Truck Driver,Y,0.94,0.81,0.50,0.82,1.00,ND
316619,ACCURATE TRUCK ACADEMY INC.,+,+,,,+,,,Y,0.87,0.58,0.42,1.00,ND,ND
316619,ACCURATE TRUCK ACADEMY INC.,204196,ACCURATE TRUCK ACADEMY INC.,MISSISSAUGA,L4T3X1,+,,,Y,0.87,0.58,0.42,1.00,ND,ND
316619,ACCURATE TRUCK ACADEMY INC.,204196,ACCURATE TRUCK ACADEMY INC.,MISSISSAUGA,L4T3X1,AZ TRACTOR-TRAILER (MELT),Tractor-Trailer / Driver Licensing,AZ Class Truck Driver,Y,0.87,0.58,0.42,1.00,ND,ND
316620,ACADÉMIE SHANTHALY INC.,+,+,,,+,,,Y,1.00,1.00,1.00,1.00,1.00,ND
316620,ACADÉMIE SHANTHALY INC.,204195,ACADÉMIE SHANTHALY INC.,EMBRUN,K0A1W0,+,,,Y,1.00,1.00,1.00,1.00,1.00,ND
316620,ACADÉMIE SHANTHALY INC.,204195,ACADÉMIE SHANTHALY INC.,EMBRUN,K0A1W0,HAIRSTYLING,Service Trade,Hairstylist,Y,1.00,1.00,1.00,1.00,1.00,ND
316633,UDRIVE TRUCK AND FORKLIFT DRIVING SCHOOL LTD.,+,+,,,+,,,Y,0.76,0.80,0.51,0.74,1.00,ND
316633,UDRIVE TRUCK AND FORKLIFT DRIVING SCHOOL LTD.,204220,SUN RISE TRUCK TRAINING CENTRE,CAMBRIDGE,N1R7K7,+,,,Y,0.76,0.80,0.51,0.74,1.00,ND
316633,UDRIVE TRUCK AND FORKLIFT DRIVING SCHOOL LTD.,204220,SUN RISE TRUCK TRAINING CENTRE,CAMBRIDGE,N1R7K7,AZ TRACTOR TRAILER (MELT),Tractor-Trailer / Driver Licensing,AZ Class Truck Driver,Y,0.76,0.80,0.51,0.74,1.00,ND
316641,NATIONAL TRUCK DRIVING SCHOOL LIMITED,+,+,,,+,,,Y,0.85,0.79,0.38,0.69,1.00,ND
316641,NATIONAL TRUCK DRIVING SCHOOL LIMITED,204206,NATIONAL TRUCK DRIVING SCHOOL LIMITED,BRAMPTON,L6T4L6,+,,,Y,0.85,0.79,0.38,0.69,1.00,ND
316641,NATIONAL TRUCK DRIVING SCHOOL LIMITED,204206,NATIONAL TRUCK DRIVING SCHOOL LIMITED,BRAMPTON,L6T4L6,AZ TRACTOR-TRAILER (MELT),Tractor-Trailer / Driver Licensing,AZ Class Truck Driver,Y,0.85,0.79,0.38,0.69,1.00,ND
316686,SAFETY FIRST TRUCK DRIVER ACADEMY INC.,+,+,,,+,,,Y,0.83,0.82,0.72,1.00,1.00,ND
316686,SAFETY FIRST TRUCK DRIVER ACADEMY INC.,204262,SAFETY FIRST TRUCK DRIVER ACADEMY INC.,MISSISSAUGA,L4T0A7,+,,,Y,0.83,0.82,0.72,1.00,1.00,ND
316686,SAFETY FIRST TRUCK DRIVER ACADEMY INC.,204262,SAFETY FIRST TRUCK DRIVER ACADEMY INC.,MISSISSAUGA,L4T0A7,AZ TRACTOR-TRAILER (MELT),Tractor-Trailer / Driver Licensing,AZ Class Truck Driver,Y,0.83,0.82,0.72,1.00,1.00,ND
316729,FLIGHT 6IX INCORPORATED,+,+,,,+,,,Y,SS,ND,ND,ND,ND,ND
316729,FLIGHT 6IX INCORPORATED,204320,GUELPH FLIGHT CENTRE,GUELPH,N1H6H8,+,,,Y,SS,ND,ND,ND,ND,ND
316729,FLIGHT 6IX INCORPORATED,204320,GUELPH FLIGHT CENTRE,GUELPH,N1H6H8,PROFESSIONAL PILOT PROGRAM,Flight Training,Commercial Pilot,Y,SS,ND,ND,ND,ND,ND
316734,11445278 CANADA INC.,+,+,,,+,,,Y,1.00,0.76,0.38,1.00,1.00,ND
316734,11445278 CANADA INC.,204306,INSPIRE TRUCK DRIVING ACADEMY,ETOBICOKE,M9W1P1,+,,,Y,1.00,0.76,0.38,1.00,1.00,ND
316734,11445278 CANADA INC.,204306,INSPIRE TRUCK DRIVING ACADEMY,ETOBICOKE,M9W1P1,AZ TRACTOR-TRAILER (MELT),Tractor-Trailer / Driver Licensing,AZ Class Truck Driver,Y,1.00,0.76,0.38,1.00,1.00,ND
316741,DRIVINGSCHOOL.COM.BZ INC,+,+,,,+,,,Y,0.38,0.88,0.75,0.88,ND,ND
316741,DRIVINGSCHOOL.COM.BZ INC,204467,DRIVINGSCHOOL.COM.BZ,NORTH YORK,M3N2J6,+,,,Y,0.38,0.88,0.75,0.88,ND,ND
316741,DRIVINGSCHOOL.COM.BZ INC,204467,DRIVINGSCHOOL.COM.BZ,NORTH YORK,M3N2J6,CLASS A COMMERCIAL TRUCK DIVING TRAINING,Tractor-Trailer / Driver Licensing,A Class Truck Driver,Y,0.38,0.88,0.75,0.88,ND,ND
316747,NEW METHOD TRUCK DRIVING SCHOOL LTD.,+,+,,,+,,,Y,0.99,0.81,0.56,0.94,0.00,ND
316747,NEW METHOD TRUCK DRIVING SCHOOL LTD.,204361,NEW METHOD TRUCK DRIVING SCHOOL LTD.,BRAMPTON,L6X0Z9,+,,,Y,0.99,0.81,0.56,0.94,0.00,ND
316747,NEW METHOD TRUCK DRIVING SCHOOL LTD.,204361,NEW METHOD TRUCK DRIVING SCHOOL LTD.,BRAMPTON,L6X0Z9,AZ TRACTOR-TRAILER (MELT),Tractor-Trailer / Driver Licensing,AZ Class Truck Driver,Y,0.99,0.81,0.56,0.94,0.00,ND
316828,S.I.S. TRUCK DRIVING SCHOOL INC.,+,+,,,+,,,Y,1.00,0.87,0.60,0.92,0.67,ND
316828,S.I.S. TRUCK DRIVING SCHOOL INC.,204408,S.I.S. TRUCK DRIVING SCHOOL INC.,TORONTO,M9W6N5,+,,,Y,1.00,0.87,0.60,0.92,0.67,ND
316828,S.I.S. TRUCK DRIVING SCHOOL INC.,204408,S.I.S. TRUCK DRIVING SCHOOL INC.,TORONTO,M9W6N5,AZ TRACTOR-TRAILER (MELT),Tractor-Trailer / Driver Licensing,AZ Class Truck Driver,Y,1.00,0.87,0.60,0.92,0.67,ND
316836,11151479 CANADA INC.,+,+,,,+,,,Y,1.00,0.71,0.40,1.00,1.00,ND
316836,11151479 CANADA INC.,204458,MELT TRUCK TRAINING SCHOOL,BRAMPTON,L6T1G3,+,,,Y,1.00,0.71,0.40,1.00,1.00,ND
316836,11151479 CANADA INC.,204458,MELT TRUCK TRAINING SCHOOL,BRAMPTON,L6T1G3,AZ TRACTOR-TRAILER (MELT),Tractor-Trailer / Driver Licensing,AZ Class Truck Driver,Y,1.00,0.71,0.40,1.00,1.00,ND
316843,PILOT TRUCK TRAINING ACADEMY LTD.,+,+,,,+,,,Y,0.99,0.64,0.38,0.81,ND,ND
316843,PILOT TRUCK TRAINING ACADEMY LTD.,204432,PILOT TRUCK TRAINING ACADEMY LTD.,HAMILTON,L8E4H6,+,,,Y,0.99,0.74,0.43,0.77,ND,ND
316843,PILOT TRUCK TRAINING ACADEMY LTD.,204432,PILOT TRUCK TRAINING ACADEMY LTD.,HAMILTON,L8E4H6,AZ TRACTOR-TRAILER (MELT),Tractor-Trailer / Driver Licensing,AZ Class Truck Driver,Y,0.99,0.74,0.43,0.77,ND,ND
316843,PILOT TRUCK TRAINING ACADEMY LTD.,205900,"PILOT TRUCK TRAINING ACADEMY LTD., NIAGARA FALLS",NIAGARA FALLS,L2G4P1,+,,,Y,0.99,0.52,0.32,0.85,ND,ND
316843,PILOT TRUCK TRAINING ACADEMY LTD.,205900,"PILOT TRUCK TRAINING ACADEMY LTD., NIAGARA FALLS",NIAGARA FALLS,L2G4P1,AZ TRACTOR-TRAILER (MELT),Tractor-Trailer / Driver Licensing,AZ Class Truck Driver,Y,0.99,0.52,0.32,0.85,ND,ND
316851,MANGAT & BROTHERS LOGISTICS INC.,+,+,,,+,,,Y,0.91,0.75,0.53,0.92,0.50,ND
316851,MANGAT & BROTHERS LOGISTICS INC.,204448,GREEN TRUCK DRIVING SCHOOL,BRAMPTON,L6W4N7,+,,,Y,0.91,0.75,0.53,0.92,0.50,ND
316851,MANGAT & BROTHERS LOGISTICS INC.,204448,GREEN TRUCK DRIVING SCHOOL,BRAMPTON,L6W4N7,AZ TRACTOR-TRAILER (MELT),Tractor-Trailer / Driver Licensing,AZ Class Truck Driver,Y,0.91,0.75,0.53,0.92,0.50,ND
316856,STAR CANADIAN TRUCK TRAINING SCHOOL INC.,+,+,,,+,,,Y,1.00,0.68,0.41,0.94,ND,ND
316856,STAR CANADIAN TRUCK TRAINING SCHOOL INC.,204481,STAR CANADIAN TRUCK TRAINING SCHOOL INC.,MISSISSAUGA,L5S1V4,+,,,Y,1.00,0.68,0.41,0.94,ND,ND
316856,STAR CANADIAN TRUCK TRAINING SCHOOL INC.,204481,STAR CANADIAN TRUCK TRAINING SCHOOL INC.,MISSISSAUGA,L5S1V4,AZ TRACTOR-TRAILER (MELT),Tractor-Trailer / Driver Licensing,AZ Class Truck Driver,Y,1.00,0.68,0.41,0.94,ND,ND
316857,NB BROS LTD.,+,+,,,+,,,Y,0.88,0.83,0.53,0.84,0.67,ND
316857,NB BROS LTD.,204479,A2Z DRIVING SCHOOL,KITCHENER,N2E1Y6,+,,,Y,0.88,0.83,0.53,0.84,0.67,ND
316857,NB BROS LTD.,204479,A2Z DRIVING SCHOOL,KITCHENER,N2E1Y6,AZ TRACTOR-TRAILER (MELT),Tractor-Trailer / Driver Licensing,AZ Class Truck Driver,Y,0.88,0.83,0.53,0.84,0.67,ND
316868,ADVISE TRUCKING ACADEMY INC.,+,+,,,+,,,Y,1.00,0.76,0.42,0.90,1.00,ND
316868,ADVISE TRUCKING ACADEMY INC.,204504,ADVISE TRUCKING ACADEMY INC.,BRAMPTON,L6S6K8,+,,,Y,1.00,0.76,0.42,0.90,1.00,ND
316868,ADVISE TRUCKING ACADEMY INC.,204504,ADVISE TRUCKING ACADEMY INC.,BRAMPTON,L6S6K8,AZ TRACTOR-TRAILER (MELT),Tractor-Trailer / Driver Licensing,AZ Class Truck Driver,Y,1.00,0.76,0.42,0.90,1.00,ND
316869,AIMS PROFESSIONAL TRUCK TRAINING ACADEMY INC.,+,+,,,+,,,Y,1.00,0.69,0.46,1.00,ND,ND
316869,AIMS PROFESSIONAL TRUCK TRAINING ACADEMY INC.,204510,AIMS PROFESSIONAL TRUCK TRAINING ACADEMY INC.,ETOBICOKE,M8Z2L7,+,,,Y,1.00,0.69,0.46,1.00,ND,ND
316869,AIMS PROFESSIONAL TRUCK TRAINING ACADEMY INC.,204510,AIMS PROFESSIONAL TRUCK TRAINING ACADEMY INC.,ETOBICOKE,M8Z2L7,AZ TRACTOR-TRAILER (MELT),Tractor-Trailer / Driver Licensing,AZ Class Truck Driver,Y,1.00,0.69,0.46,1.00,ND,ND
316885,2146798 ONTARIO INC.,+,+,,,+,,,Y,1.00,0.56,0.26,0.93,1.00,ND
316885,2146798 ONTARIO INC.,204528,JJ TRUCK DRIVING SCHOOL,BRAMPTON,L6S5T3,+,,,Y,1.00,0.56,0.26,0.93,1.00,ND
316885,2146798 ONTARIO INC.,204528,JJ TRUCK DRIVING SCHOOL,BRAMPTON,L6S5T3,AZ TRACTOR-TRAILER (MELT),Tractor-Trailer / Driver Licensing,AZ Class Truck Driver,Y,1.00,0.56,0.26,0.93,1.00,ND
316890,YORK ENTREPRENEURSHIP DEVELOPMENT INSTITUTE,+,+,,,+,,,Y,ND,0.90,0.60,0.91,1.00,ND
316890,YORK ENTREPRENEURSHIP DEVELOPMENT INSTITUTE,204527,YORK ENTREPRENEURSHIP DEVELOPMENT INSTITUTE,TORONTO,M3J2J1,+,,,Y,ND,0.90,0.60,0.91,1.00,ND
316890,YORK ENTREPRENEURSHIP DEVELOPMENT INSTITUTE,204527,YORK ENTREPRENEURSHIP DEVELOPMENT INSTITUTE,TORONTO,M3J2J1,ENTREPRENEURSHIP AND SMALL BUSINESS MANAGEMENT,Business,Other - Business,Y,ND,0.90,0.60,0.91,1.00,ND
316961,INTELLEE INFORMATION TECHNOLOGY INC.,+,+,,,+,,,Y,ND,SS,SS,SS,ND,ND
316961,INTELLEE INFORMATION TECHNOLOGY INC.,204608,INTELLEE COLLEGE,MISSISSAUGA,L4W2P5,+,,,Y,ND,SS,SS,SS,ND,ND
316961,INTELLEE INFORMATION TECHNOLOGY INC.,204608,INTELLEE COLLEGE,MISSISSAUGA,L4W2P5,SOFTWARE ENGINEERING - FULL STACK DEVELOPMENT,Computer and Information Technology,Computer Engineering and Programming,Y,ND,SS,SS,SS,ND,ND
316996,CALEDON TRUCK DRIVING SCHOOL LTD.,+,+,,,+,,,Y,0.89,0.81,0.48,0.91,1.00,ND
316996,CALEDON TRUCK DRIVING SCHOOL LTD.,204949,CALEDON TRUCK DRIVING SCHOOL LTD.,BRAMPTON,L6T0G3,+,,,Y,0.89,0.81,0.48,0.91,1.00,ND
316996,CALEDON TRUCK DRIVING SCHOOL LTD.,204949,CALEDON TRUCK DRIVING SCHOOL LTD.,BRAMPTON,L6T0G3,TRACTOR-TRAILER MELT,Tractor-Trailer / Driver Licensing,A Class Truck Driver,Y,0.89,0.81,0.48,0.91,1.00,ND
317010,EMPIRE TRUCK ACADEMY INC.,+,+,,,+,,,Y,0.43,0.63,0.38,0.70,ND,ND
317010,EMPIRE TRUCK ACADEMY INC.,204666,EMPIRE TRUCK ACADEMY INC.,TORONTO,M9V1A9,+,,,Y,0.43,0.63,0.38,0.70,ND,ND
317010,EMPIRE TRUCK ACADEMY INC.,204666,EMPIRE TRUCK ACADEMY INC.,TORONTO,M9V1A9,TRACTOR-TRAILER MELT,Tractor-Trailer / Driver Licensing,A Class Truck Driver,Y,0.43,0.63,0.38,0.70,ND,ND
317019,BIG RIG TRUCKING SCHOOL LTD.,+,+,,,+,,,Y,1.00,ND,ND,ND,ND,ND
317019,BIG RIG TRUCKING SCHOOL LTD.,204683,BIG RIG TRUCKING SCHOOL,CALEDON EAST,L7C0Z8,+,,,Y,1.00,ND,ND,ND,ND,ND
317019,BIG RIG TRUCKING SCHOOL LTD.,204683,BIG RIG TRUCKING SCHOOL,CALEDON EAST,L7C0Z8,CLASS A PROGRAM (MELT),Tractor-Trailer / Driver Licensing,A Class Truck Driver,Y,1.00,ND,ND,ND,ND,ND
317033,LIVINGWATERS COLLEGE OF HEALTHCARE INC.,+,+,,,+,,,Y,ND,0.93,0.93,1.00,1.00,ND
317033,LIVINGWATERS COLLEGE OF HEALTHCARE INC.,204678,"LIVINGWATERS COLLEGE OF HEALTHCARE, ETOBICOKE",ETOBICOKE,M9W6L9,+,,,Y,ND,0.93,0.93,1.00,1.00,ND
317033,LIVINGWATERS COLLEGE OF HEALTHCARE INC.,204678,"LIVINGWATERS COLLEGE OF HEALTHCARE, ETOBICOKE",ETOBICOKE,M9W6L9,PERSONAL SUPPORT WORKER ACCELERATED,Health Services,Personal Support Worker/Personal Attendant,Y,ND,SS,SS,SS,ND,ND
317033,LIVINGWATERS COLLEGE OF HEALTHCARE INC.,204678,"LIVINGWATERS COLLEGE OF HEALTHCARE, ETOBICOKE",ETOBICOKE,M9W6L9,PERSONAL SUPPORT WORKER,Health Services,Personal Support Worker/Personal Attendant,Y,ND,0.92,0.92,1.00,1.00,ND
317040,MASTER TRUCK DRIVING SCHOOL INC.,+,+,,,+,,,Y,0.99,0.81,0.51,0.88,ND,ND
317040,MASTER TRUCK DRIVING SCHOOL INC.,204749,MASTER TRUCK DRIVING SCHOOL INC.,BRAMPTON,L6P2K2,+,,,Y,0.99,0.81,0.51,0.88,ND,ND
317040,MASTER TRUCK DRIVING SCHOOL INC.,204749,MASTER TRUCK DRIVING SCHOOL INC.,BRAMPTON,L6P2K2,AZ TRACTOR-TRAILER (MELT),Tractor-Trailer / Driver Licensing,AZ Class Truck Driver,Y,0.99,0.81,0.51,0.88,ND,ND
317123,11033280 CANADA INC.,+,+,,,+,,,Y,0.55,0.53,0.26,0.67,1.00,ND
317123,11033280 CANADA INC.,204817,CANADAWIDE TRUCK DRIVING SCHOOL,LONDON,N6E1A2,+,,,Y,0.55,0.53,0.26,0.67,1.00,ND
317123,11033280 CANADA INC.,204817,CANADAWIDE TRUCK DRIVING SCHOOL,LONDON,N6E1A2,MELT TRACTOR-TRAILER,Tractor-Trailer / Driver Licensing,A Class Truck Driver,Y,0.55,0.53,0.26,0.67,1.00,ND
317131,B-TOWN TRUCK DRIVING SCHOOL INC.,+,+,,,+,,,Y,1.00,0.76,0.61,0.91,1.00,ND
317131,B-TOWN TRUCK DRIVING SCHOOL INC.,204829,B-TOWN TRUCK DRIVING SCHOOL,BRAMPTON,L6T5P8,+,,,Y,1.00,0.76,0.61,0.91,1.00,ND
317131,B-TOWN TRUCK DRIVING SCHOOL INC.,204829,B-TOWN TRUCK DRIVING SCHOOL,BRAMPTON,L6T5P8,CLASS A 103.5-HOUR MELT PROGRAM,Tractor-Trailer / Driver Licensing,A Class Truck Driver,Y,1.00,0.76,0.61,0.91,1.00,ND
317156,PHOENIX DRIVER TRAINING INC.,+,+,,,+,,,Y,0.80,0.73,0.46,0.92,ND,ND
317156,PHOENIX DRIVER TRAINING INC.,204866,PHOENIX DRIVER TRAINING,MISSISSAUGA,L4W4K1,+,,,Y,0.80,0.73,0.46,0.92,ND,ND
317156,PHOENIX DRIVER TRAINING INC.,204866,PHOENIX DRIVER TRAINING,MISSISSAUGA,L4W4K1,COMMERCIAL TRUCK DRIVER TRAINING - MELT,Tractor-Trailer / Driver Licensing,A Class Truck Driver,Y,0.80,0.73,0.46,0.92,ND,ND
317159,2691713 ONTARIO INC.,+,+,,,+,,,Y,0.99,0.85,0.45,0.96,1.00,ND
317159,2691713 ONTARIO INC.,204861,SUNRISE TRUCK & FORKLIFT DRIVING SCHOOL,BRAMPTON,L7C0Z7,+,,,Y,0.99,0.85,0.45,0.96,1.00,ND
317159,2691713 ONTARIO INC.,204861,SUNRISE TRUCK & FORKLIFT DRIVING SCHOOL,BRAMPTON,L7C0Z7,AZ TRACTOR-TRAILER (MELT),Tractor-Trailer / Driver Licensing,AZ Class Truck Driver,Y,0.99,0.85,0.45,0.96,1.00,ND
317161,PEARL FINANCE CORP.,+,+,,,+,,,Y,1.00,0.00,0.00,1.00,ND,ND
317161,PEARL FINANCE CORP.,204868,"PEARL DRIVING SCHOOL, BRAMPTON",BRAMPTON,L6Y0P6,+,,,Y,1.00,0.00,0.00,1.00,ND,ND
317161,PEARL FINANCE CORP.,204868,"PEARL DRIVING SCHOOL, BRAMPTON",BRAMPTON,L6Y0P6,AZ TRACTOR-TRAILER (MELT),Tractor-Trailer / Driver Licensing,AZ Class Truck Driver,Y,1.00,0.00,0.00,1.00,ND,ND
317246,2794272 ONTARIO INCORPORATED,+,+,,,+,,,Y,0.97,ND,ND,ND,ND,ND
317246,2794272 ONTARIO INCORPORATED,204932,CANADIAN TRUCKER'S COLLEGE,BRAMPTON,L6T1G9,+,,,Y,0.97,ND,ND,ND,ND,ND
317246,2794272 ONTARIO INCORPORATED,204932,CANADIAN TRUCKER'S COLLEGE,BRAMPTON,L6T1G9,CLASS A TRACTOR-TRAILER,Tractor-Trailer / Driver Licensing,A Class Truck Driver,Y,0.97,ND,ND,ND,ND,ND
317275,FATEH DRIVING INC.,+,+,,,+,,,Y,0.99,0.80,0.55,0.95,ND,ND
317275,FATEH DRIVING INC.,205025,FATEH TRUCK DRIVING SCHOOL,BRAMPTON,L6R0K1,+,,,Y,0.99,0.80,0.55,0.95,ND,ND
317275,FATEH DRIVING INC.,205025,FATEH TRUCK DRIVING SCHOOL,BRAMPTON,L6R0K1,AZ TRACTOR-TRAILER (MELT),Tractor-Trailer / Driver Licensing,AZ Class Truck Driver,Y,0.99,0.80,0.55,0.95,ND,ND
317281,NANAK TRUCK DRIVING SCHOOL INC.,+,+,,,+,,,Y,1.00,0.70,0.42,0.96,0.00,ND
317281,NANAK TRUCK DRIVING SCHOOL INC.,204992,NANAK TRUCK DRIVING SCHOOL INC.,SCARBOROUGH,M1P4X4,+,,,Y,1.00,0.70,0.42,0.96,0.00,ND
317281,NANAK TRUCK DRIVING SCHOOL INC.,204992,NANAK TRUCK DRIVING SCHOOL INC.,SCARBOROUGH,M1P4X4,TRACTOR TRAILER MELT,Tractor-Trailer / Driver Licensing,A Class Truck Driver,Y,1.00,0.70,0.42,0.96,0.00,ND
317284,2768440 ONTARIO INC.,+,+,,,+,,,Y,0.90,0.58,0.33,0.93,ND,ND
317284,2768440 ONTARIO INC.,205009,T.DOT TRUCK DRIVING SCHOOL,BRAMPTON,L6T4L9,+,,,Y,0.90,0.58,0.33,0.93,ND,ND
317284,2768440 ONTARIO INC.,205009,T.DOT TRUCK DRIVING SCHOOL,BRAMPTON,L6T4L9,COMMERCIAL TRUCK DRIVER TRAINING - MELT,Tractor-Trailer / Driver Licensing,A Class Truck Driver,Y,0.90,0.58,0.33,0.93,ND,ND
317290,RANGE TRUCKING INC.,+,+,,,+,,,Y,1.00,0.75,0.25,0.86,1.00,ND
317290,RANGE TRUCKING INC.,205031,"RANGE TRUCK DRIVING SCHOOL, CAMBRIDGE",CAMBRIDGE,N1R7K7,+,,,Y,1.00,0.75,0.25,0.86,1.00,ND
317290,RANGE TRUCKING INC.,205031,"RANGE TRUCK DRIVING SCHOOL, CAMBRIDGE",CAMBRIDGE,N1R7K7,AZ TRACTOR-TRAILER (MELT),Tractor-Trailer / Driver Licensing,AZ Class Truck Driver,Y,1.00,0.75,0.25,0.86,1.00,ND
317313,CENTURION TRUCK TRAINING ACADEMY INC.,+,+,,,+,,,Y,0.91,0.75,0.58,1.00,ND,ND
317313,CENTURION TRUCK TRAINING ACADEMY INC.,205035,CENTURION TRUCK TRAINING ACADEMY INC.,BRAMPTON,L6T3W4,+,,,Y,0.91,0.75,0.58,1.00,ND,ND
317313,CENTURION TRUCK TRAINING ACADEMY INC.,205035,CENTURION TRUCK TRAINING ACADEMY INC.,BRAMPTON,L6T3W4,TRACTOR-TRAILER MELT,Tractor-Trailer / Driver Licensing,A Class Truck Driver,Y,0.91,0.75,0.58,1.00,ND,ND
317328,KINGS TRUCK TRAINING SCHOOL INC.,+,+,,,+,,,Y,0.21,0.86,0.43,1.00,1.00,ND
317328,KINGS TRUCK TRAINING SCHOOL INC.,205052,KINGS TRUCK TRAINING SCHOOL INC.,BRAMPTON,L6S5N4,+,,,Y,0.21,0.86,0.43,1.00,1.00,ND
317328,KINGS TRUCK TRAINING SCHOOL INC.,205052,KINGS TRUCK TRAINING SCHOOL INC.,BRAMPTON,L6S5N4,CLASS A MELT PROGRAM,Tractor-Trailer / Driver Licensing,A Class Truck Driver,Y,0.21,0.86,0.43,1.00,1.00,ND
317348,PASSION TRUCK TRAINING ACADEMY INC.,+,+,,,+,,,Y,0.83,0.69,0.45,0.85,1.00,ND
317348,PASSION TRUCK TRAINING ACADEMY INC.,205072,PASSION TRUCK TRAINING ACADEMY,MISSISSAUGA,L4T0A5,+,,,Y,0.83,0.69,0.45,0.85,1.00,ND
317348,PASSION TRUCK TRAINING ACADEMY INC.,205072,PASSION TRUCK TRAINING ACADEMY,MISSISSAUGA,L4T0A5,AZ TRACTOR-TRAILER (MELT),Tractor-Trailer / Driver Licensing,AZ Class Truck Driver,Y,0.83,0.69,0.45,0.85,1.00,ND
317359,REVOLUTION TRUCK TRAINING ACADEMY LTD.,+,+,,,+,,,Y,1.00,0.90,0.65,0.86,ND,ND
317359,REVOLUTION TRUCK TRAINING ACADEMY LTD.,205076,REVOLUTION TRUCK TRAINING ACADEMY LTD.,MISSISSAUGA,L5S1V6,+,,,Y,1.00,0.90,0.65,0.86,ND,ND
317359,REVOLUTION TRUCK TRAINING ACADEMY LTD.,205076,REVOLUTION TRUCK TRAINING ACADEMY LTD.,MISSISSAUGA,L5S1V6,AZ TRACTOR-TRAILER (MELT),Tractor-Trailer / Driver Licensing,AZ Class Truck Driver,Y,1.00,0.90,0.65,0.86,ND,ND
317416,1088420 ONTARIO LIMITED,+,+,,,+,,,Y,0.50,1.00,1.00,1.00,1.00,ND
317416,1088420 ONTARIO LIMITED,205128,ASTAS HAIRSTYLING SCHOOL,PETERBOROUGH,K9H5Z8,+,,,Y,0.50,1.00,1.00,1.00,1.00,ND
317416,1088420 ONTARIO LIMITED,205128,ASTAS HAIRSTYLING SCHOOL,PETERBOROUGH,K9H5Z8,HAIRSTYLING,Service Trade,Hairstylist,Y,0.50,1.00,1.00,1.00,1.00,ND
317471,2818976 ONTARIO INC.,+,+,,,+,,,Y,0.21,0.77,0.58,0.95,ND,ND
317471,2818976 ONTARIO INC.,205163,TRANS EMPIRE TRUCK DRIVING SCHOOL,ETOBICOKE,M9W0B3,+,,,Y,0.21,0.77,0.58,0.95,ND,ND
317471,2818976 ONTARIO INC.,205163,TRANS EMPIRE TRUCK DRIVING SCHOOL,ETOBICOKE,M9W0B3,COMMERCIAL TRUCK DRIVER TRAINING - A MELT,Tractor-Trailer / Driver Licensing,A Class Truck Driver,Y,0.21,0.77,0.58,0.95,ND,ND
317551,2719549 ONTARIO INC.,+,+,,,+,,,Y,0.68,0.67,0.00,0.67,ND,ND
317551,2719549 ONTARIO INC.,205240,PRO SKILLS DRIVING SCHOOL,CAMBRIDGE,N3C1Y8,+,,,Y,0.68,0.67,0.00,0.67,ND,ND
317551,2719549 ONTARIO INC.,205240,PRO SKILLS DRIVING SCHOOL,CAMBRIDGE,N3C1Y8,COMMERCIAL TRUCK DRIVER TRAINING - MELT,Tractor-Trailer / Driver Licensing,A Class Truck Driver,Y,0.68,0.67,0.00,0.67,ND,ND
317553,NORTHERN SAFETY AND TRAINING INC.,+,+,,,+,,,Y,0.28,1.00,1.00,1.00,ND,ND
317553,NORTHERN SAFETY AND TRAINING INC.,205230,NORTHERN SAFETY AND TRAINING INC.,SAULT STE. MARIE,P6B4Z7,+,,,Y,0.28,1.00,1.00,1.00,ND,ND
317553,NORTHERN SAFETY AND TRAINING INC.,205230,NORTHERN SAFETY AND TRAINING INC.,SAULT STE. MARIE,P6B4Z7,CLASS A MELT,Tractor-Trailer / Driver Licensing,A Class Truck Driver,Y,0.28,1.00,1.00,1.00,ND,ND
317594,HARISON TRUXCOOL INC.,+,+,,,+,,,Y,0.86,0.85,0.77,1.00,ND,ND
317594,HARISON TRUXCOOL INC.,205300,HARISON TRUXCOOL INC.,BRAMPTON,L6W3J7,+,,,Y,0.86,0.85,0.77,1.00,ND,ND
317594,HARISON TRUXCOOL INC.,205300,HARISON TRUXCOOL INC.,BRAMPTON,L6W3J7,AZ TRACTOR-TRAILER (MELT),Tractor-Trailer / Driver Licensing,AZ Class Truck Driver,Y,0.86,0.85,0.77,1.00,ND,ND
317712,SSL ACADEMY LTD.,+,+,,,+,,,Y,ND,1.00,1.00,0.67,ND,ND
317712,SSL ACADEMY LTD.,205426,"ART & TECHNIQUE ACADEMY OF HAIRSTYLING AND ESTHETICS, OSHAWA",OSHAWA,L1H4G1,+,,,Y,ND,1.00,1.00,0.67,ND,ND
317712,SSL ACADEMY LTD.,205426,"ART & TECHNIQUE ACADEMY OF HAIRSTYLING AND ESTHETICS, OSHAWA",OSHAWA,L1H4G1,HAIRSTYLING/COSMETOLOGY,Service Trade,Hairstylist,Y,ND,1.00,1.00,0.67,ND,ND
317737,KPK TRUCK DRIVING SCHOOL INC.,+,+,,,+,,,Y,0.94,ND,ND,ND,ND,ND
317737,KPK TRUCK DRIVING SCHOOL INC.,205459,KPK TRUCK DRIVING SCHOOL,MISSISSAUGA,L5S1T7,+,,,Y,0.94,ND,ND,ND,ND,ND
317737,KPK TRUCK DRIVING SCHOOL INC.,205459,KPK TRUCK DRIVING SCHOOL,MISSISSAUGA,L5S1T7,AZ TRACTOR-TRAILER (MELT),Tractor-Trailer / Driver Licensing,AZ Class Truck Driver,Y,0.94,ND,ND,ND,ND,ND
317763,9370366 CANADA INC.,+,+,,,+,,,Y,0.97,0.79,0.50,0.88,1.00,ND
317763,9370366 CANADA INC.,205485,GSRW TRUCK TRAINING,MISSISSAUGA,L4T0A7,+,,,Y,0.97,0.79,0.50,0.88,1.00,ND
317763,9370366 CANADA INC.,205485,GSRW TRUCK TRAINING,MISSISSAUGA,L4T0A7,AZ TRACTOR-TRAILER (MELT),Tractor-Trailer / Driver Licensing,AZ Class Truck Driver,Y,0.97,0.79,0.50,0.88,1.00,ND
,,,,,,,,,,,,,,,
SS = sample size of fewer than five (5) individuals,,,,,,,,,,,,,,,
ND = no applicable entrants or no survey respondents,,,,,,,,,,,,,,,
The Overall Survey Population scores exclude the closed PCCs,,,,,,,,,,,,,,,
Default Rates are only calculated at the Overall Survey Population and Campus level.,,,,,,,,,,,,,,,
"Overall Survey Population Default Rates include all institutions, including the closed PCCs",,,,,,,,,,,,,,,
"* For the Employment Statistics, Graduate Satisfaction, and Employer Satisfaction, see the combined program results below.",,,,,,,,,,,,,,,
"** For the OSAP Statistics and Graduation Rate results, see the individual program results above.",,,,,,,,,,,,,,,